timestamp,name,utilization.gpu,memory.used,memory.total
2026/04/24 00:41:41.544, NVIDIA TITAN RTX, 0, 58, 24576
2026/04/24 00:41:42.548, NVIDIA TITAN RTX, 0, 58, 24576
2026/04/24 00:41:43.550, NVIDIA TITAN RTX, 0, 58, 24576
2026/04/24 00:41:44.552, NVIDIA TITAN RTX, 0, 58, 24576
2026/04/24 00:41:45.554, NVIDIA TITAN RTX, 0, 58, 24576
2026/04/24 00:41:46.556, NVIDIA TITAN RTX, 0, 61, 24576
2026/04/24 00:41:47.558, NVIDIA TITAN RTX, 0, 61, 24576
2026/04/24 00:41:48.560, NVIDIA TITAN RTX, 0, 61, 24576
2026/04/24 00:41:49.562, NVIDIA TITAN RTX, 0, 9111, 24576
2026/04/24 00:41:50.563, NVIDIA TITAN RTX, 32, 9193, 24576
2026/04/24 00:41:51.563, NVIDIA TITAN RTX, 84, 10829, 24576
2026/04/24 00:41:52.565, NVIDIA TITAN RTX, 36, 10855, 24576
2026/04/24 00:41:53.567, NVIDIA TITAN RTX, 78, 10855, 24576
2026/04/24 00:41:54.568, NVIDIA TITAN RTX, 27, 10855, 24576
2026/04/24 00:41:55.569, NVIDIA TITAN RTX, 30, 10855, 24576
2026/04/24 00:41:56.570, NVIDIA TITAN RTX, 36, 10855, 24576
2026/04/24 00:41:57.571, NVIDIA TITAN RTX, 36, 10855, 24576
2026/04/24 00:41:58.572, NVIDIA TITAN RTX, 36, 10855, 24576
2026/04/24 00:41:59.574, NVIDIA TITAN RTX, 36, 10855, 24576
2026/04/24 00:42:00.575, NVIDIA TITAN RTX, 36, 10855, 24576
2026/04/24 00:42:01.578, NVIDIA TITAN RTX, 36, 10855, 24576
2026/04/24 00:42:02.579, NVIDIA TITAN RTX, 36, 10855, 24576
2026/04/24 00:42:03.580, NVIDIA TITAN RTX, 36, 10855, 24576
2026/04/24 00:42:04.581, NVIDIA TITAN RTX, 36, 10855, 24576
2026/04/24 00:42:05.583, NVIDIA TITAN RTX, 36, 10855, 24576
2026/04/24 00:42:06.584, NVIDIA TITAN RTX, 36, 10855, 24576
2026/04/24 00:42:07.586, NVIDIA TITAN RTX, 36, 10855, 24576
2026/04/24 00:42:08.588, NVIDIA TITAN RTX, 36, 10855, 24576
2026/04/24 00:42:09.589, NVIDIA TITAN RTX, 36, 10855, 24576
2026/04/24 00:42:10.591, NVIDIA TITAN RTX, 36, 10855, 24576
2026/04/24 00:42:11.593, NVIDIA TITAN RTX, 36, 10855, 24576
2026/04/24 00:42:12.594, NVIDIA TITAN RTX, 36, 10855, 24576
2026/04/24 00:42:13.596, NVIDIA TITAN RTX, 36, 10855, 24576
2026/04/24 00:42:14.597, NVIDIA TITAN RTX, 36, 10855, 24576
2026/04/24 00:42:15.599, NVIDIA TITAN RTX, 36, 10855, 24576
2026/04/24 00:42:16.600, NVIDIA TITAN RTX, 36, 10855, 24576
2026/04/24 00:42:17.602, NVIDIA TITAN RTX, 36, 10855, 24576
2026/04/24 00:42:18.603, NVIDIA TITAN RTX, 36, 10855, 24576
2026/04/24 00:42:19.605, NVIDIA TITAN RTX, 36, 10855, 24576
2026/04/24 00:42:20.606, NVIDIA TITAN RTX, 37, 10855, 24576
2026/04/24 00:42:21.608, NVIDIA TITAN RTX, 36, 10855, 24576
2026/04/24 00:42:22.610, NVIDIA TITAN RTX, 36, 10855, 24576
2026/04/24 00:42:23.611, NVIDIA TITAN RTX, 36, 10855, 24576
2026/04/24 00:42:24.612, NVIDIA TITAN RTX, 37, 10855, 24576
2026/04/24 00:42:25.615, NVIDIA TITAN RTX, 37, 10855, 24576
2026/04/24 00:42:26.616, NVIDIA TITAN RTX, 37, 10855, 24576
2026/04/24 00:42:27.618, NVIDIA TITAN RTX, 36, 10855, 24576
2026/04/24 00:42:28.619, NVIDIA TITAN RTX, 36, 10855, 24576
2026/04/24 00:42:29.621, NVIDIA TITAN RTX, 37, 10855, 24576
2026/04/24 00:42:30.622, NVIDIA TITAN RTX, 37, 10855, 24576
2026/04/24 00:42:31.624, NVIDIA TITAN RTX, 37, 10855, 24576
2026/04/24 00:42:32.626, NVIDIA TITAN RTX, 37, 10855, 24576
2026/04/24 00:42:33.627, NVIDIA TITAN RTX, 36, 10855, 24576
2026/04/24 00:42:34.628, NVIDIA TITAN RTX, 36, 10855, 24576
2026/04/24 00:42:35.631, NVIDIA TITAN RTX, 37, 10855, 24576
2026/04/24 00:42:36.632, NVIDIA TITAN RTX, 37, 10855, 24576
2026/04/24 00:42:37.634, NVIDIA TITAN RTX, 37, 10855, 24576
2026/04/24 00:42:38.635, NVIDIA TITAN RTX, 12, 10875, 24576
2026/04/24 00:42:39.637, NVIDIA TITAN RTX, 41, 10875, 24576
2026/04/24 00:42:40.638, NVIDIA TITAN RTX, 27, 10875, 24576
2026/04/24 00:42:41.640, NVIDIA TITAN RTX, 30, 10875, 24576
2026/04/24 00:42:42.641, NVIDIA TITAN RTX, 35, 10875, 24576
2026/04/24 00:42:43.643, NVIDIA TITAN RTX, 35, 10875, 24576
2026/04/24 00:42:44.645, NVIDIA TITAN RTX, 35, 10875, 24576
2026/04/24 00:42:45.647, NVIDIA TITAN RTX, 35, 10875, 24576
2026/04/24 00:42:46.648, NVIDIA TITAN RTX, 35, 10875, 24576
2026/04/24 00:42:47.650, NVIDIA TITAN RTX, 35, 10875, 24576
2026/04/24 00:42:48.651, NVIDIA TITAN RTX, 35, 10875, 24576
2026/04/24 00:42:49.653, NVIDIA TITAN RTX, 35, 10875, 24576
2026/04/24 00:42:50.654, NVIDIA TITAN RTX, 35, 10875, 24576
2026/04/24 00:42:51.656, NVIDIA TITAN RTX, 35, 10875, 24576
2026/04/24 00:42:52.657, NVIDIA TITAN RTX, 35, 10875, 24576
2026/04/24 00:42:53.660, NVIDIA TITAN RTX, 35, 10875, 24576
2026/04/24 00:42:54.661, NVIDIA TITAN RTX, 35, 10875, 24576
2026/04/24 00:42:55.663, NVIDIA TITAN RTX, 35, 10875, 24576
2026/04/24 00:42:56.664, NVIDIA TITAN RTX, 35, 10875, 24576
2026/04/24 00:42:57.666, NVIDIA TITAN RTX, 35, 10875, 24576
2026/04/24 00:42:58.667, NVIDIA TITAN RTX, 36, 10875, 24576
2026/04/24 00:42:59.669, NVIDIA TITAN RTX, 36, 10875, 24576
2026/04/24 00:43:00.671, NVIDIA TITAN RTX, 35, 10875, 24576
2026/04/24 00:43:01.674, NVIDIA TITAN RTX, 36, 10875, 24576
2026/04/24 00:43:02.675, NVIDIA TITAN RTX, 35, 10875, 24576
2026/04/24 00:43:03.676, NVIDIA TITAN RTX, 35, 10875, 24576
2026/04/24 00:43:04.677, NVIDIA TITAN RTX, 36, 10875, 24576
2026/04/24 00:43:05.680, NVIDIA TITAN RTX, 36, 10875, 24576
2026/04/24 00:43:06.681, NVIDIA TITAN RTX, 36, 10875, 24576
2026/04/24 00:43:07.683, NVIDIA TITAN RTX, 36, 10875, 24576
2026/04/24 00:43:08.684, NVIDIA TITAN RTX, 35, 10875, 24576
2026/04/24 00:43:09.686, NVIDIA TITAN RTX, 36, 10875, 24576
2026/04/24 00:43:10.687, NVIDIA TITAN RTX, 35, 10875, 24576
2026/04/24 00:43:11.689, NVIDIA TITAN RTX, 35, 10875, 24576
2026/04/24 00:43:12.690, NVIDIA TITAN RTX, 35, 10875, 24576
2026/04/24 00:43:13.693, NVIDIA TITAN RTX, 36, 10875, 24576
2026/04/24 00:43:14.694, NVIDIA TITAN RTX, 36, 10875, 24576
2026/04/24 00:43:15.696, NVIDIA TITAN RTX, 36, 10875, 24576
2026/04/24 00:43:16.698, NVIDIA TITAN RTX, 36, 10875, 24576
2026/04/24 00:43:17.699, NVIDIA TITAN RTX, 36, 10875, 24576
2026/04/24 00:43:18.700, NVIDIA TITAN RTX, 36, 10875, 24576
2026/04/24 00:43:19.702, NVIDIA TITAN RTX, 36, 10875, 24576
2026/04/24 00:43:20.705, NVIDIA TITAN RTX, 36, 10875, 24576
2026/04/24 00:43:21.707, NVIDIA TITAN RTX, 36, 10875, 24576
2026/04/24 00:43:22.708, NVIDIA TITAN RTX, 36, 10875, 24576
2026/04/24 00:43:23.709, NVIDIA TITAN RTX, 36, 10875, 24576
2026/04/24 00:43:24.710, NVIDIA TITAN RTX, 36, 10875, 24576
2026/04/24 00:43:25.712, NVIDIA TITAN RTX, 36, 10875, 24576
2026/04/24 00:43:26.713, NVIDIA TITAN RTX, 36, 10875, 24576
2026/04/24 00:43:27.715, NVIDIA TITAN RTX, 36, 10875, 24576
2026/04/24 00:43:28.717, NVIDIA TITAN RTX, 36, 10875, 24576
2026/04/24 00:43:29.720, NVIDIA TITAN RTX, 36, 10875, 24576
2026/04/24 00:43:30.721, NVIDIA TITAN RTX, 36, 10875, 24576
2026/04/24 00:43:31.722, NVIDIA TITAN RTX, 36, 10875, 24576
2026/04/24 00:43:32.723, NVIDIA TITAN RTX, 17, 10875, 24576
2026/04/24 00:43:33.724, NVIDIA TITAN RTX, 34, 10875, 24576
2026/04/24 00:43:34.725, NVIDIA TITAN RTX, 26, 10875, 24576
2026/04/24 00:43:35.726, NVIDIA TITAN RTX, 29, 10875, 24576
2026/04/24 00:43:36.727, NVIDIA TITAN RTX, 35, 10875, 24576
2026/04/24 00:43:37.729, NVIDIA TITAN RTX, 35, 10875, 24576
2026/04/24 00:43:38.731, NVIDIA TITAN RTX, 35, 10875, 24576
2026/04/24 00:43:39.732, NVIDIA TITAN RTX, 35, 10875, 24576
2026/04/24 00:43:40.735, NVIDIA TITAN RTX, 35, 10875, 24576
2026/04/24 00:43:41.736, NVIDIA TITAN RTX, 35, 10875, 24576
2026/04/24 00:43:42.737, NVIDIA TITAN RTX, 35, 10875, 24576
2026/04/24 00:43:43.738, NVIDIA TITAN RTX, 35, 10875, 24576
2026/04/24 00:43:44.741, NVIDIA TITAN RTX, 35, 10875, 24576
2026/04/24 00:43:45.742, NVIDIA TITAN RTX, 35, 10875, 24576
2026/04/24 00:43:46.743, NVIDIA TITAN RTX, 35, 10875, 24576
2026/04/24 00:43:47.744, NVIDIA TITAN RTX, 35, 10875, 24576
2026/04/24 00:43:48.746, NVIDIA TITAN RTX, 35, 10875, 24576
2026/04/24 00:43:49.747, NVIDIA TITAN RTX, 35, 10875, 24576
2026/04/24 00:43:50.748, NVIDIA TITAN RTX, 35, 10875, 24576
2026/04/24 00:43:51.750, NVIDIA TITAN RTX, 35, 10875, 24576
2026/04/24 00:43:52.751, NVIDIA TITAN RTX, 35, 10875, 24576
2026/04/24 00:43:53.754, NVIDIA TITAN RTX, 35, 10875, 24576
2026/04/24 00:43:54.756, NVIDIA TITAN RTX, 35, 10875, 24576
2026/04/24 00:43:55.757, NVIDIA TITAN RTX, 35, 10875, 24576
2026/04/24 00:43:56.759, NVIDIA TITAN RTX, 35, 10875, 24576
2026/04/24 00:43:57.760, NVIDIA TITAN RTX, 35, 10875, 24576
2026/04/24 00:43:58.761, NVIDIA TITAN RTX, 35, 10875, 24576
2026/04/24 00:43:59.763, NVIDIA TITAN RTX, 35, 10875, 24576
2026/04/24 00:44:00.764, NVIDIA TITAN RTX, 35, 10875, 24576
2026/04/24 00:44:01.765, NVIDIA TITAN RTX, 35, 10875, 24576
2026/04/24 00:44:02.766, NVIDIA TITAN RTX, 35, 10875, 24576
2026/04/24 00:44:03.769, NVIDIA TITAN RTX, 35, 10875, 24576
2026/04/24 00:44:04.770, NVIDIA TITAN RTX, 35, 10875, 24576
2026/04/24 00:44:05.771, NVIDIA TITAN RTX, 35, 10875, 24576
2026/04/24 00:44:06.772, NVIDIA TITAN RTX, 36, 10875, 24576
2026/04/24 00:44:07.774, NVIDIA TITAN RTX, 35, 10875, 24576
2026/04/24 00:44:08.775, NVIDIA TITAN RTX, 35, 10875, 24576
2026/04/24 00:44:09.776, NVIDIA TITAN RTX, 35, 10875, 24576
2026/04/24 00:44:10.777, NVIDIA TITAN RTX, 35, 10875, 24576
2026/04/24 00:44:11.779, NVIDIA TITAN RTX, 35, 10875, 24576
2026/04/24 00:44:12.781, NVIDIA TITAN RTX, 36, 10875, 24576
2026/04/24 00:44:13.783, NVIDIA TITAN RTX, 36, 10875, 24576
2026/04/24 00:44:14.785, NVIDIA TITAN RTX, 35, 10875, 24576
2026/04/24 00:44:15.786, NVIDIA TITAN RTX, 35, 10875, 24576
2026/04/24 00:44:16.787, NVIDIA TITAN RTX, 36, 10875, 24576
2026/04/24 00:44:17.788, NVIDIA TITAN RTX, 36, 10875, 24576
2026/04/24 00:44:18.789, NVIDIA TITAN RTX, 36, 10875, 24576
2026/04/24 00:44:19.791, NVIDIA TITAN RTX, 36, 10875, 24576
2026/04/24 00:44:20.792, NVIDIA TITAN RTX, 19, 10875, 24576
2026/04/24 00:44:21.793, NVIDIA TITAN RTX, 37, 10875, 24576
2026/04/24 00:44:22.794, NVIDIA TITAN RTX, 61, 10875, 24576
2026/04/24 00:44:23.795, NVIDIA TITAN RTX, 28, 10875, 24576
2026/04/24 00:44:24.797, NVIDIA TITAN RTX, 33, 10875, 24576
2026/04/24 00:44:25.798, NVIDIA TITAN RTX, 36, 10875, 24576
2026/04/24 00:44:26.799, NVIDIA TITAN RTX, 37, 10875, 24576
2026/04/24 00:44:27.801, NVIDIA TITAN RTX, 37, 10875, 24576
2026/04/24 00:44:28.802, NVIDIA TITAN RTX, 37, 10875, 24576
2026/04/24 00:44:29.803, NVIDIA TITAN RTX, 37, 10875, 24576
2026/04/24 00:44:30.804, NVIDIA TITAN RTX, 37, 10875, 24576
2026/04/24 00:44:31.805, NVIDIA TITAN RTX, 37, 10875, 24576
2026/04/24 00:44:32.806, NVIDIA TITAN RTX, 36, 10875, 24576
2026/04/24 00:44:33.807, NVIDIA TITAN RTX, 36, 10875, 24576
2026/04/24 00:44:34.810, NVIDIA TITAN RTX, 36, 10875, 24576
2026/04/24 00:44:35.811, NVIDIA TITAN RTX, 36, 10875, 24576
2026/04/24 00:44:36.812, NVIDIA TITAN RTX, 36, 10875, 24576
2026/04/24 00:44:37.813, NVIDIA TITAN RTX, 37, 10875, 24576
2026/04/24 00:44:38.815, NVIDIA TITAN RTX, 37, 10875, 24576
2026/04/24 00:44:39.816, NVIDIA TITAN RTX, 36, 10875, 24576
2026/04/24 00:44:40.817, NVIDIA TITAN RTX, 36, 10875, 24576
2026/04/24 00:44:41.818, NVIDIA TITAN RTX, 36, 10875, 24576
2026/04/24 00:44:42.819, NVIDIA TITAN RTX, 36, 10875, 24576
2026/04/24 00:44:43.820, NVIDIA TITAN RTX, 37, 10875, 24576
2026/04/24 00:44:44.822, NVIDIA TITAN RTX, 37, 10875, 24576
2026/04/24 00:44:45.825, NVIDIA TITAN RTX, 37, 10875, 24576
2026/04/24 00:44:46.826, NVIDIA TITAN RTX, 36, 10875, 24576
2026/04/24 00:44:47.827, NVIDIA TITAN RTX, 37, 10875, 24576
2026/04/24 00:44:48.828, NVIDIA TITAN RTX, 37, 10875, 24576
2026/04/24 00:44:49.831, NVIDIA TITAN RTX, 37, 10875, 24576
2026/04/24 00:44:50.832, NVIDIA TITAN RTX, 37, 10875, 24576
2026/04/24 00:44:51.833, NVIDIA TITAN RTX, 37, 10875, 24576
2026/04/24 00:44:52.834, NVIDIA TITAN RTX, 37, 10875, 24576
2026/04/24 00:44:53.835, NVIDIA TITAN RTX, 37, 10875, 24576
2026/04/24 00:44:54.837, NVIDIA TITAN RTX, 37, 10875, 24576
2026/04/24 00:44:55.838, NVIDIA TITAN RTX, 37, 10875, 24576
2026/04/24 00:44:56.839, NVIDIA TITAN RTX, 37, 10875, 24576
2026/04/24 00:44:57.840, NVIDIA TITAN RTX, 37, 10875, 24576
2026/04/24 00:44:58.841, NVIDIA TITAN RTX, 37, 10875, 24576
2026/04/24 00:44:59.842, NVIDIA TITAN RTX, 37, 10875, 24576
2026/04/24 00:45:00.844, NVIDIA TITAN RTX, 37, 10875, 24576
2026/04/24 00:45:01.846, NVIDIA TITAN RTX, 37, 10875, 24576
2026/04/24 00:45:02.847, NVIDIA TITAN RTX, 37, 10875, 24576
2026/04/24 00:45:03.848, NVIDIA TITAN RTX, 37, 10875, 24576
2026/04/24 00:45:04.849, NVIDIA TITAN RTX, 37, 10875, 24576
2026/04/24 00:45:05.851, NVIDIA TITAN RTX, 37, 10875, 24576
2026/04/24 00:45:06.852, NVIDIA TITAN RTX, 37, 10875, 24576
2026/04/24 00:45:07.853, NVIDIA TITAN RTX, 37, 10875, 24576
2026/04/24 00:45:08.855, NVIDIA TITAN RTX, 37, 10875, 24576
2026/04/24 00:45:09.856, NVIDIA TITAN RTX, 37, 10875, 24576
2026/04/24 00:45:10.858, NVIDIA TITAN RTX, 37, 10875, 24576
2026/04/24 00:45:11.859, NVIDIA TITAN RTX, 37, 10875, 24576
2026/04/24 00:45:12.860, NVIDIA TITAN RTX, 17, 10875, 24576
2026/04/24 00:45:13.862, NVIDIA TITAN RTX, 36, 10875, 24576
2026/04/24 00:45:14.863, NVIDIA TITAN RTX, 27, 10875, 24576
2026/04/24 00:45:15.864, NVIDIA TITAN RTX, 30, 10875, 24576
2026/04/24 00:45:16.865, NVIDIA TITAN RTX, 35, 10875, 24576
2026/04/24 00:45:17.866, NVIDIA TITAN RTX, 36, 10875, 24576
2026/04/24 00:45:18.867, NVIDIA TITAN RTX, 36, 10875, 24576
2026/04/24 00:45:19.868, NVIDIA TITAN RTX, 36, 10875, 24576
2026/04/24 00:45:20.869, NVIDIA TITAN RTX, 36, 10875, 24576
2026/04/24 00:45:21.871, NVIDIA TITAN RTX, 36, 10875, 24576
2026/04/24 00:45:22.872, NVIDIA TITAN RTX, 36, 10875, 24576
2026/04/24 00:45:23.873, NVIDIA TITAN RTX, 36, 10875, 24576
2026/04/24 00:45:24.874, NVIDIA TITAN RTX, 36, 10875, 24576
2026/04/24 00:45:25.875, NVIDIA TITAN RTX, 36, 10875, 24576
2026/04/24 00:45:26.877, NVIDIA TITAN RTX, 36, 10875, 24576
2026/04/24 00:45:27.878, NVIDIA TITAN RTX, 36, 10875, 24576
2026/04/24 00:45:28.879, NVIDIA TITAN RTX, 36, 10875, 24576
2026/04/24 00:45:29.880, NVIDIA TITAN RTX, 36, 10875, 24576
2026/04/24 00:45:30.881, NVIDIA TITAN RTX, 36, 10875, 24576
2026/04/24 00:45:31.882, NVIDIA TITAN RTX, 36, 10875, 24576
2026/04/24 00:45:32.883, NVIDIA TITAN RTX, 36, 10875, 24576
2026/04/24 00:45:33.885, NVIDIA TITAN RTX, 36, 10875, 24576
2026/04/24 00:45:34.887, NVIDIA TITAN RTX, 36, 10875, 24576
2026/04/24 00:45:35.888, NVIDIA TITAN RTX, 36, 10875, 24576
2026/04/24 00:45:36.889, NVIDIA TITAN RTX, 36, 10875, 24576
2026/04/24 00:45:37.890, NVIDIA TITAN RTX, 36, 10875, 24576
2026/04/24 00:45:38.891, NVIDIA TITAN RTX, 36, 10875, 24576
2026/04/24 00:45:39.892, NVIDIA TITAN RTX, 36, 10875, 24576
2026/04/24 00:45:40.894, NVIDIA TITAN RTX, 36, 10875, 24576
2026/04/24 00:45:41.895, NVIDIA TITAN RTX, 36, 10875, 24576
2026/04/24 00:45:42.896, NVIDIA TITAN RTX, 36, 10875, 24576
2026/04/24 00:45:43.897, NVIDIA TITAN RTX, 36, 10875, 24576
2026/04/24 00:45:44.898, NVIDIA TITAN RTX, 36, 10875, 24576
2026/04/24 00:45:45.900, NVIDIA TITAN RTX, 36, 10875, 24576
2026/04/24 00:45:46.901, NVIDIA TITAN RTX, 36, 10875, 24576
2026/04/24 00:45:47.902, NVIDIA TITAN RTX, 36, 10875, 24576
2026/04/24 00:45:48.903, NVIDIA TITAN RTX, 36, 10875, 24576
2026/04/24 00:45:49.905, NVIDIA TITAN RTX, 36, 10875, 24576
2026/04/24 00:45:50.906, NVIDIA TITAN RTX, 36, 10875, 24576
2026/04/24 00:45:51.907, NVIDIA TITAN RTX, 36, 10875, 24576
2026/04/24 00:45:52.908, NVIDIA TITAN RTX, 36, 10875, 24576
2026/04/24 00:45:53.909, NVIDIA TITAN RTX, 37, 10875, 24576
2026/04/24 00:45:54.911, NVIDIA TITAN RTX, 37, 10875, 24576
2026/04/24 00:45:55.912, NVIDIA TITAN RTX, 36, 10875, 24576
2026/04/24 00:45:56.913, NVIDIA TITAN RTX, 37, 10875, 24576
2026/04/24 00:45:57.914, NVIDIA TITAN RTX, 36, 10875, 24576
2026/04/24 00:45:58.915, NVIDIA TITAN RTX, 37, 10875, 24576
2026/04/24 00:45:59.916, NVIDIA TITAN RTX, 37, 10875, 24576
2026/04/24 00:46:00.919, NVIDIA TITAN RTX, 33, 10875, 24576
2026/04/24 00:46:01.921, NVIDIA TITAN RTX, 10, 10875, 24576
2026/04/24 00:46:02.922, NVIDIA TITAN RTX, 43, 10875, 24576
2026/04/24 00:46:03.923, NVIDIA TITAN RTX, 27, 10875, 24576
2026/04/24 00:46:04.924, NVIDIA TITAN RTX, 33, 10875, 24576
2026/04/24 00:46:05.926, NVIDIA TITAN RTX, 36, 10875, 24576
2026/04/24 00:46:06.927, NVIDIA TITAN RTX, 36, 10875, 24576
2026/04/24 00:46:07.928, NVIDIA TITAN RTX, 36, 10875, 24576
2026/04/24 00:46:08.929, NVIDIA TITAN RTX, 36, 10875, 24576
2026/04/24 00:46:09.930, NVIDIA TITAN RTX, 36, 10875, 24576
2026/04/24 00:46:10.931, NVIDIA TITAN RTX, 36, 10875, 24576
2026/04/24 00:46:11.932, NVIDIA TITAN RTX, 35, 10875, 24576
2026/04/24 00:46:12.934, NVIDIA TITAN RTX, 35, 10875, 24576
2026/04/24 00:46:13.935, NVIDIA TITAN RTX, 35, 10875, 24576
2026/04/24 00:46:14.936, NVIDIA TITAN RTX, 35, 10875, 24576
2026/04/24 00:46:15.937, NVIDIA TITAN RTX, 35, 10875, 24576
2026/04/24 00:46:16.939, NVIDIA TITAN RTX, 35, 10875, 24576
2026/04/24 00:46:17.940, NVIDIA TITAN RTX, 35, 10875, 24576
2026/04/24 00:46:18.941, NVIDIA TITAN RTX, 35, 10875, 24576
2026/04/24 00:46:19.943, NVIDIA TITAN RTX, 35, 10875, 24576
2026/04/24 00:46:20.944, NVIDIA TITAN RTX, 35, 10875, 24576
2026/04/24 00:46:21.945, NVIDIA TITAN RTX, 35, 10875, 24576
2026/04/24 00:46:22.946, NVIDIA TITAN RTX, 36, 10875, 24576
2026/04/24 00:46:23.948, NVIDIA TITAN RTX, 35, 10875, 24576
2026/04/24 00:46:24.949, NVIDIA TITAN RTX, 36, 10875, 24576
2026/04/24 00:46:25.950, NVIDIA TITAN RTX, 35, 10875, 24576
2026/04/24 00:46:26.951, NVIDIA TITAN RTX, 35, 10875, 24576
2026/04/24 00:46:27.952, NVIDIA TITAN RTX, 35, 10875, 24576
2026/04/24 00:46:28.954, NVIDIA TITAN RTX, 35, 10875, 24576
2026/04/24 00:46:29.955, NVIDIA TITAN RTX, 35, 10875, 24576
2026/04/24 00:46:30.956, NVIDIA TITAN RTX, 36, 10875, 24576
2026/04/24 00:46:31.957, NVIDIA TITAN RTX, 36, 10875, 24576
2026/04/24 00:46:32.958, NVIDIA TITAN RTX, 35, 10875, 24576
2026/04/24 00:46:33.960, NVIDIA TITAN RTX, 35, 10875, 24576
2026/04/24 00:46:34.961, NVIDIA TITAN RTX, 35, 10875, 24576
2026/04/24 00:46:35.962, NVIDIA TITAN RTX, 35, 10875, 24576
2026/04/24 00:46:36.963, NVIDIA TITAN RTX, 35, 10875, 24576
2026/04/24 00:46:37.964, NVIDIA TITAN RTX, 36, 10875, 24576
2026/04/24 00:46:38.965, NVIDIA TITAN RTX, 36, 10875, 24576
2026/04/24 00:46:39.966, NVIDIA TITAN RTX, 36, 10875, 24576
2026/04/24 00:46:40.968, NVIDIA TITAN RTX, 35, 10875, 24576
2026/04/24 00:46:41.969, NVIDIA TITAN RTX, 36, 10875, 24576
2026/04/24 00:46:42.970, NVIDIA TITAN RTX, 36, 10875, 24576
2026/04/24 00:46:43.972, NVIDIA TITAN RTX, 36, 10875, 24576
2026/04/24 00:46:44.973, NVIDIA TITAN RTX, 36, 10875, 24576
2026/04/24 00:46:45.974, NVIDIA TITAN RTX, 36, 10875, 24576
2026/04/24 00:46:46.975, NVIDIA TITAN RTX, 36, 10875, 24576
2026/04/24 00:46:47.977, NVIDIA TITAN RTX, 36, 10875, 24576
2026/04/24 00:46:48.978, NVIDIA TITAN RTX, 36, 10875, 24576
2026/04/24 00:46:49.980, NVIDIA TITAN RTX, 36, 10875, 24576
2026/04/24 00:46:50.982, NVIDIA TITAN RTX, 36, 10875, 24576
2026/04/24 00:46:51.983, NVIDIA TITAN RTX, 36, 10875, 24576
2026/04/24 00:46:52.984, NVIDIA TITAN RTX, 36, 10875, 24576
2026/04/24 00:46:53.987, NVIDIA TITAN RTX, 36, 10875, 24576
2026/04/24 00:46:54.988, NVIDIA TITAN RTX, 36, 10875, 24576
2026/04/24 00:46:55.989, NVIDIA TITAN RTX, 36, 10875, 24576
2026/04/24 00:46:56.991, NVIDIA TITAN RTX, 36, 10875, 24576
2026/04/24 00:46:57.993, NVIDIA TITAN RTX, 23, 10875, 24576
2026/04/24 00:46:58.995, NVIDIA TITAN RTX, 31, 10875, 24576
2026/04/24 00:46:59.996, NVIDIA TITAN RTX, 27, 10875, 24576
2026/04/24 00:47:00.997, NVIDIA TITAN RTX, 28, 10875, 24576
2026/04/24 00:47:01.998, NVIDIA TITAN RTX, 34, 10875, 24576
2026/04/24 00:47:03.000, NVIDIA TITAN RTX, 35, 10875, 24576
2026/04/24 00:47:04.001, NVIDIA TITAN RTX, 35, 10875, 24576
2026/04/24 00:47:05.002, NVIDIA TITAN RTX, 35, 10875, 24576
2026/04/24 00:47:06.003, NVIDIA TITAN RTX, 35, 10875, 24576
2026/04/24 00:47:07.005, NVIDIA TITAN RTX, 35, 10875, 24576
2026/04/24 00:47:08.006, NVIDIA TITAN RTX, 35, 10875, 24576
2026/04/24 00:47:09.007, NVIDIA TITAN RTX, 35, 10875, 24576
2026/04/24 00:47:10.008, NVIDIA TITAN RTX, 35, 10875, 24576
2026/04/24 00:47:11.010, NVIDIA TITAN RTX, 35, 10875, 24576
2026/04/24 00:47:12.011, NVIDIA TITAN RTX, 35, 10875, 24576
2026/04/24 00:47:13.012, NVIDIA TITAN RTX, 35, 10875, 24576
2026/04/24 00:47:14.013, NVIDIA TITAN RTX, 35, 10875, 24576
2026/04/24 00:47:15.014, NVIDIA TITAN RTX, 35, 10875, 24576
2026/04/24 00:47:16.015, NVIDIA TITAN RTX, 35, 10875, 24576
2026/04/24 00:47:17.017, NVIDIA TITAN RTX, 35, 10875, 24576
2026/04/24 00:47:18.018, NVIDIA TITAN RTX, 35, 10875, 24576
2026/04/24 00:47:19.019, NVIDIA TITAN RTX, 36, 10875, 24576
2026/04/24 00:47:20.020, NVIDIA TITAN RTX, 36, 10875, 24576
2026/04/24 00:47:21.021, NVIDIA TITAN RTX, 36, 10875, 24576
2026/04/24 00:47:22.023, NVIDIA TITAN RTX, 35, 10875, 24576
2026/04/24 00:47:23.024, NVIDIA TITAN RTX, 35, 10875, 24576
2026/04/24 00:47:24.025, NVIDIA TITAN RTX, 36, 10875, 24576
2026/04/24 00:47:25.026, NVIDIA TITAN RTX, 36, 10875, 24576
2026/04/24 00:47:26.027, NVIDIA TITAN RTX, 36, 10875, 24576
2026/04/24 00:47:27.028, NVIDIA TITAN RTX, 36, 10875, 24576
2026/04/24 00:47:28.030, NVIDIA TITAN RTX, 36, 10875, 24576
2026/04/24 00:47:29.031, NVIDIA TITAN RTX, 36, 10875, 24576
2026/04/24 00:47:30.032, NVIDIA TITAN RTX, 36, 10875, 24576
2026/04/24 00:47:31.033, NVIDIA TITAN RTX, 36, 10875, 24576
2026/04/24 00:47:32.034, NVIDIA TITAN RTX, 36, 10875, 24576
2026/04/24 00:47:33.035, NVIDIA TITAN RTX, 36, 10875, 24576
2026/04/24 00:47:34.038, NVIDIA TITAN RTX, 36, 10875, 24576
2026/04/24 00:47:35.039, NVIDIA TITAN RTX, 36, 10875, 24576
2026/04/24 00:47:36.040, NVIDIA TITAN RTX, 36, 10875, 24576
2026/04/24 00:47:37.041, NVIDIA TITAN RTX, 36, 10875, 24576
2026/04/24 00:47:38.043, NVIDIA TITAN RTX, 36, 10875, 24576
2026/04/24 00:47:39.044, NVIDIA TITAN RTX, 32, 10875, 24576
2026/04/24 00:47:40.045, NVIDIA TITAN RTX, 3, 10875, 24576
2026/04/24 00:47:41.046, NVIDIA TITAN RTX, 65, 10875, 24576
2026/04/24 00:47:42.047, NVIDIA TITAN RTX, 27, 10875, 24576
2026/04/24 00:47:43.048, NVIDIA TITAN RTX, 32, 10875, 24576
2026/04/24 00:47:44.050, NVIDIA TITAN RTX, 36, 10875, 24576
2026/04/24 00:47:45.051, NVIDIA TITAN RTX, 36, 10875, 24576
2026/04/24 00:47:46.052, NVIDIA TITAN RTX, 36, 10875, 24576
2026/04/24 00:47:47.054, NVIDIA TITAN RTX, 36, 10875, 24576
2026/04/24 00:47:48.055, NVIDIA TITAN RTX, 36, 10875, 24576
2026/04/24 00:47:49.057, NVIDIA TITAN RTX, 36, 10875, 24576
2026/04/24 00:47:50.058, NVIDIA TITAN RTX, 36, 10875, 24576
2026/04/24 00:47:51.059, NVIDIA TITAN RTX, 36, 10875, 24576
2026/04/24 00:47:52.060, NVIDIA TITAN RTX, 36, 10875, 24576
2026/04/24 00:47:53.061, NVIDIA TITAN RTX, 36, 10875, 24576
2026/04/24 00:47:54.062, NVIDIA TITAN RTX, 36, 10875, 24576
2026/04/24 00:47:55.063, NVIDIA TITAN RTX, 36, 10875, 24576
2026/04/24 00:47:56.065, NVIDIA TITAN RTX, 36, 10875, 24576
2026/04/24 00:47:57.066, NVIDIA TITAN RTX, 37, 10875, 24576
2026/04/24 00:47:58.067, NVIDIA TITAN RTX, 36, 10875, 24576
2026/04/24 00:47:59.068, NVIDIA TITAN RTX, 36, 10875, 24576
2026/04/24 00:48:00.070, NVIDIA TITAN RTX, 36, 10875, 24576
2026/04/24 00:48:01.071, NVIDIA TITAN RTX, 36, 10875, 24576
2026/04/24 00:48:02.072, NVIDIA TITAN RTX, 36, 10875, 24576
2026/04/24 00:48:03.074, NVIDIA TITAN RTX, 36, 10875, 24576
2026/04/24 00:48:04.075, NVIDIA TITAN RTX, 37, 10875, 24576
2026/04/24 00:48:05.076, NVIDIA TITAN RTX, 37, 10875, 24576
2026/04/24 00:48:06.077, NVIDIA TITAN RTX, 36, 10875, 24576
2026/04/24 00:48:07.078, NVIDIA TITAN RTX, 36, 10875, 24576
2026/04/24 00:48:08.079, NVIDIA TITAN RTX, 36, 10875, 24576
2026/04/24 00:48:09.081, NVIDIA TITAN RTX, 37, 10875, 24576
2026/04/24 00:48:10.082, NVIDIA TITAN RTX, 36, 10875, 24576
2026/04/24 00:48:11.083, NVIDIA TITAN RTX, 36, 10875, 24576
2026/04/24 00:48:12.084, NVIDIA TITAN RTX, 36, 10875, 24576
2026/04/24 00:48:13.085, NVIDIA TITAN RTX, 37, 10875, 24576
2026/04/24 00:48:14.086, NVIDIA TITAN RTX, 37, 10875, 24576
2026/04/24 00:48:15.087, NVIDIA TITAN RTX, 37, 10875, 24576
2026/04/24 00:48:16.088, NVIDIA TITAN RTX, 37, 10875, 24576
2026/04/24 00:48:17.090, NVIDIA TITAN RTX, 37, 10875, 24576
2026/04/24 00:48:18.091, NVIDIA TITAN RTX, 37, 10875, 24576
2026/04/24 00:48:19.093, NVIDIA TITAN RTX, 37, 10875, 24576
2026/04/24 00:48:20.094, NVIDIA TITAN RTX, 37, 10875, 24576
2026/04/24 00:48:21.095, NVIDIA TITAN RTX, 37, 10875, 24576
2026/04/24 00:48:22.096, NVIDIA TITAN RTX, 19, 10875, 24576
2026/04/24 00:48:23.097, NVIDIA TITAN RTX, 35, 10875, 24576
2026/04/24 00:48:24.098, NVIDIA TITAN RTX, 27, 10875, 24576
2026/04/24 00:48:25.099, NVIDIA TITAN RTX, 29, 10875, 24576
2026/04/24 00:48:26.100, NVIDIA TITAN RTX, 35, 10875, 24576
2026/04/24 00:48:27.102, NVIDIA TITAN RTX, 36, 10875, 24576
2026/04/24 00:48:28.103, NVIDIA TITAN RTX, 35, 10875, 24576
2026/04/24 00:48:29.104, NVIDIA TITAN RTX, 36, 10875, 24576
2026/04/24 00:48:30.105, NVIDIA TITAN RTX, 36, 10875, 24576
2026/04/24 00:48:31.106, NVIDIA TITAN RTX, 36, 10875, 24576
2026/04/24 00:48:32.107, NVIDIA TITAN RTX, 35, 10875, 24576
2026/04/24 00:48:33.109, NVIDIA TITAN RTX, 36, 10875, 24576
2026/04/24 00:48:34.110, NVIDIA TITAN RTX, 36, 10875, 24576
2026/04/24 00:48:35.111, NVIDIA TITAN RTX, 36, 10875, 24576
2026/04/24 00:48:36.112, NVIDIA TITAN RTX, 35, 10875, 24576
2026/04/24 00:48:37.113, NVIDIA TITAN RTX, 35, 10875, 24576
2026/04/24 00:48:38.114, NVIDIA TITAN RTX, 35, 10875, 24576
2026/04/24 00:48:39.115, NVIDIA TITAN RTX, 35, 10875, 24576
2026/04/24 00:48:40.116, NVIDIA TITAN RTX, 36, 10875, 24576
2026/04/24 00:48:41.118, NVIDIA TITAN RTX, 36, 10875, 24576
2026/04/24 00:48:42.119, NVIDIA TITAN RTX, 36, 10875, 24576
2026/04/24 00:48:43.120, NVIDIA TITAN RTX, 36, 10875, 24576
2026/04/24 00:48:44.121, NVIDIA TITAN RTX, 36, 10875, 24576
2026/04/24 00:48:45.122, NVIDIA TITAN RTX, 36, 10875, 24576
2026/04/24 00:48:46.123, NVIDIA TITAN RTX, 36, 10875, 24576
2026/04/24 00:48:47.124, NVIDIA TITAN RTX, 36, 10875, 24576
2026/04/24 00:48:48.125, NVIDIA TITAN RTX, 36, 10875, 24576
2026/04/24 00:48:49.127, NVIDIA TITAN RTX, 36, 10875, 24576
2026/04/24 00:48:50.128, NVIDIA TITAN RTX, 36, 10875, 24576
2026/04/24 00:48:51.129, NVIDIA TITAN RTX, 36, 10875, 24576
2026/04/24 00:48:52.130, NVIDIA TITAN RTX, 36, 10875, 24576
2026/04/24 00:48:53.131, NVIDIA TITAN RTX, 36, 10875, 24576
2026/04/24 00:48:54.132, NVIDIA TITAN RTX, 36, 10875, 24576
2026/04/24 00:48:55.133, NVIDIA TITAN RTX, 36, 10875, 24576
2026/04/24 00:48:56.135, NVIDIA TITAN RTX, 36, 10875, 24576
2026/04/24 00:48:57.136, NVIDIA TITAN RTX, 36, 10875, 24576
2026/04/24 00:48:58.137, NVIDIA TITAN RTX, 36, 10875, 24576
2026/04/24 00:48:59.138, NVIDIA TITAN RTX, 36, 10875, 24576
2026/04/24 00:49:00.139, NVIDIA TITAN RTX, 36, 10875, 24576
2026/04/24 00:49:01.140, NVIDIA TITAN RTX, 36, 10875, 24576
2026/04/24 00:49:02.142, NVIDIA TITAN RTX, 36, 10875, 24576
2026/04/24 00:49:03.143, NVIDIA TITAN RTX, 36, 10875, 24576
2026/04/24 00:49:04.144, NVIDIA TITAN RTX, 14, 10875, 24576
2026/04/24 00:49:05.146, NVIDIA TITAN RTX, 56, 10875, 24576
2026/04/24 00:49:06.147, NVIDIA TITAN RTX, 49, 10875, 24576
2026/04/24 00:49:07.148, NVIDIA TITAN RTX, 28, 10875, 24576
2026/04/24 00:49:08.149, NVIDIA TITAN RTX, 34, 10875, 24576
2026/04/24 00:49:09.150, NVIDIA TITAN RTX, 36, 10875, 24576
2026/04/24 00:49:10.151, NVIDIA TITAN RTX, 37, 10875, 24576
2026/04/24 00:49:11.152, NVIDIA TITAN RTX, 37, 10875, 24576
2026/04/24 00:49:12.153, NVIDIA TITAN RTX, 37, 10875, 24576
2026/04/24 00:49:13.155, NVIDIA TITAN RTX, 36, 10875, 24576
2026/04/24 00:49:14.156, NVIDIA TITAN RTX, 37, 10875, 24576
2026/04/24 00:49:15.157, NVIDIA TITAN RTX, 37, 10875, 24576
2026/04/24 00:49:16.158, NVIDIA TITAN RTX, 36, 10875, 24576
2026/04/24 00:49:17.159, NVIDIA TITAN RTX, 36, 10875, 24576
2026/04/24 00:49:18.160, NVIDIA TITAN RTX, 36, 10875, 24576
2026/04/24 00:49:19.161, NVIDIA TITAN RTX, 36, 10875, 24576
2026/04/24 00:49:20.162, NVIDIA TITAN RTX, 36, 10875, 24576
2026/04/24 00:49:21.163, NVIDIA TITAN RTX, 36, 10875, 24576
2026/04/24 00:49:22.165, NVIDIA TITAN RTX, 36, 10875, 24576
2026/04/24 00:49:23.166, NVIDIA TITAN RTX, 36, 10875, 24576
2026/04/24 00:49:24.167, NVIDIA TITAN RTX, 36, 10875, 24576
2026/04/24 00:49:25.168, NVIDIA TITAN RTX, 37, 10875, 24576
2026/04/24 00:49:26.169, NVIDIA TITAN RTX, 37, 10875, 24576
2026/04/24 00:49:27.171, NVIDIA TITAN RTX, 36, 10875, 24576
2026/04/24 00:49:28.172, NVIDIA TITAN RTX, 36, 10875, 24576
2026/04/24 00:49:29.173, NVIDIA TITAN RTX, 37, 10875, 24576
2026/04/24 00:49:30.174, NVIDIA TITAN RTX, 36, 10875, 24576
2026/04/24 00:49:31.175, NVIDIA TITAN RTX, 36, 10875, 24576
2026/04/24 00:49:32.176, NVIDIA TITAN RTX, 37, 10875, 24576
2026/04/24 00:49:33.177, NVIDIA TITAN RTX, 37, 10875, 24576
2026/04/24 00:49:34.178, NVIDIA TITAN RTX, 37, 10875, 24576
2026/04/24 00:49:35.180, NVIDIA TITAN RTX, 37, 10875, 24576
2026/04/24 00:49:36.181, NVIDIA TITAN RTX, 36, 10875, 24576
2026/04/24 00:49:37.182, NVIDIA TITAN RTX, 37, 10875, 24576
2026/04/24 00:49:38.183, NVIDIA TITAN RTX, 37, 10875, 24576
2026/04/24 00:49:39.184, NVIDIA TITAN RTX, 37, 10875, 24576
2026/04/24 00:49:40.185, NVIDIA TITAN RTX, 37, 10875, 24576
2026/04/24 00:49:41.187, NVIDIA TITAN RTX, 36, 10875, 24576
2026/04/24 00:49:42.188, NVIDIA TITAN RTX, 37, 10875, 24576
2026/04/24 00:49:43.189, NVIDIA TITAN RTX, 37, 10875, 24576
2026/04/24 00:49:44.190, NVIDIA TITAN RTX, 37, 10875, 24576
2026/04/24 00:49:45.192, NVIDIA TITAN RTX, 37, 10875, 24576
2026/04/24 00:49:46.193, NVIDIA TITAN RTX, 37, 10875, 24576
2026/04/24 00:49:47.194, NVIDIA TITAN RTX, 37, 10875, 24576
2026/04/24 00:49:48.195, NVIDIA TITAN RTX, 37, 10875, 24576
2026/04/24 00:49:49.196, NVIDIA TITAN RTX, 37, 10875, 24576
2026/04/24 00:49:50.197, NVIDIA TITAN RTX, 37, 10875, 24576
2026/04/24 00:49:51.198, NVIDIA TITAN RTX, 37, 10875, 24576
2026/04/24 00:49:52.200, NVIDIA TITAN RTX, 37, 10875, 24576
2026/04/24 00:49:53.201, NVIDIA TITAN RTX, 37, 10875, 24576
2026/04/24 00:49:54.202, NVIDIA TITAN RTX, 37, 10875, 24576
2026/04/24 00:49:55.203, NVIDIA TITAN RTX, 37, 10875, 24576
2026/04/24 00:49:56.204, NVIDIA TITAN RTX, 37, 10875, 24576
2026/04/24 00:49:57.207, NVIDIA TITAN RTX, 37, 10875, 24576
2026/04/24 00:49:58.208, NVIDIA TITAN RTX, 38, 10875, 24576
2026/04/24 00:49:59.209, NVIDIA TITAN RTX, 37, 10875, 24576
2026/04/24 00:50:00.210, NVIDIA TITAN RTX, 37, 10875, 24576
2026/04/24 00:50:01.212, NVIDIA TITAN RTX, 10, 10875, 24576
2026/04/24 00:50:02.213, NVIDIA TITAN RTX, 40, 10875, 24576
2026/04/24 00:50:03.214, NVIDIA TITAN RTX, 27, 10875, 24576
2026/04/24 00:50:04.215, NVIDIA TITAN RTX, 32, 10875, 24576
2026/04/24 00:50:05.216, NVIDIA TITAN RTX, 35, 10875, 24576
2026/04/24 00:50:06.218, NVIDIA TITAN RTX, 35, 10875, 24576
2026/04/24 00:50:07.219, NVIDIA TITAN RTX, 35, 10875, 24576
2026/04/24 00:50:08.220, NVIDIA TITAN RTX, 35, 10875, 24576
2026/04/24 00:50:09.221, NVIDIA TITAN RTX, 35, 10875, 24576
2026/04/24 00:50:10.223, NVIDIA TITAN RTX, 35, 10875, 24576
2026/04/24 00:50:11.224, NVIDIA TITAN RTX, 35, 10875, 24576
2026/04/24 00:50:12.225, NVIDIA TITAN RTX, 35, 10875, 24576
2026/04/24 00:50:13.226, NVIDIA TITAN RTX, 36, 10875, 24576
2026/04/24 00:50:14.228, NVIDIA TITAN RTX, 35, 10875, 24576
2026/04/24 00:50:15.234, NVIDIA TITAN RTX, 35, 10875, 24576
2026/04/24 00:50:16.235, NVIDIA TITAN RTX, 35, 10875, 24576
2026/04/24 00:50:17.237, NVIDIA TITAN RTX, 35, 10875, 24576
2026/04/24 00:50:18.238, NVIDIA TITAN RTX, 36, 10875, 24576
2026/04/24 00:50:19.240, NVIDIA TITAN RTX, 36, 10875, 24576
2026/04/24 00:50:20.246, NVIDIA TITAN RTX, 36, 10875, 24576
2026/04/24 00:50:21.247, NVIDIA TITAN RTX, 35, 10875, 24576
2026/04/24 00:50:22.248, NVIDIA TITAN RTX, 35, 10875, 24576
2026/04/24 00:50:23.250, NVIDIA TITAN RTX, 36, 10875, 24576
2026/04/24 00:50:24.251, NVIDIA TITAN RTX, 36, 10875, 24576
2026/04/24 00:50:25.257, NVIDIA TITAN RTX, 36, 10875, 24576
2026/04/24 00:50:26.259, NVIDIA TITAN RTX, 36, 10875, 24576
2026/04/24 00:50:27.260, NVIDIA TITAN RTX, 36, 10875, 24576
2026/04/24 00:50:28.261, NVIDIA TITAN RTX, 36, 10875, 24576
2026/04/24 00:50:29.263, NVIDIA TITAN RTX, 36, 10875, 24576
2026/04/24 00:50:30.265, NVIDIA TITAN RTX, 36, 10875, 24576
2026/04/24 00:50:31.266, NVIDIA TITAN RTX, 36, 10875, 24576
2026/04/24 00:50:32.267, NVIDIA TITAN RTX, 35, 10875, 24576
2026/04/24 00:50:33.268, NVIDIA TITAN RTX, 35, 10875, 24576
2026/04/24 00:50:34.269, NVIDIA TITAN RTX, 35, 10875, 24576
2026/04/24 00:50:35.270, NVIDIA TITAN RTX, 35, 10875, 24576
2026/04/24 00:50:36.271, NVIDIA TITAN RTX, 35, 10875, 24576
2026/04/24 00:50:37.273, NVIDIA TITAN RTX, 4, 10875, 24576
2026/04/24 00:50:38.274, NVIDIA TITAN RTX, 62, 10875, 24576
2026/04/24 00:50:39.275, NVIDIA TITAN RTX, 27, 10875, 24576
2026/04/24 00:50:40.276, NVIDIA TITAN RTX, 31, 10875, 24576
2026/04/24 00:50:41.278, NVIDIA TITAN RTX, 36, 10875, 24576
2026/04/24 00:50:42.279, NVIDIA TITAN RTX, 36, 10875, 24576
2026/04/24 00:50:43.280, NVIDIA TITAN RTX, 36, 10875, 24576
2026/04/24 00:50:44.281, NVIDIA TITAN RTX, 36, 10875, 24576
2026/04/24 00:50:45.283, NVIDIA TITAN RTX, 36, 10875, 24576
2026/04/24 00:50:46.284, NVIDIA TITAN RTX, 36, 10875, 24576
2026/04/24 00:50:47.285, NVIDIA TITAN RTX, 36, 10875, 24576
2026/04/24 00:50:48.287, NVIDIA TITAN RTX, 36, 10875, 24576
2026/04/24 00:50:49.289, NVIDIA TITAN RTX, 36, 10875, 24576
2026/04/24 00:50:50.290, NVIDIA TITAN RTX, 36, 10875, 24576
2026/04/24 00:50:51.291, NVIDIA TITAN RTX, 36, 10875, 24576
2026/04/24 00:50:52.292, NVIDIA TITAN RTX, 36, 10875, 24576
2026/04/24 00:50:53.295, NVIDIA TITAN RTX, 36, 10875, 24576
2026/04/24 00:50:54.296, NVIDIA TITAN RTX, 36, 10875, 24576
2026/04/24 00:50:55.297, NVIDIA TITAN RTX, 36, 10875, 24576
2026/04/24 00:50:56.298, NVIDIA TITAN RTX, 36, 10875, 24576
2026/04/24 00:50:57.299, NVIDIA TITAN RTX, 37, 10875, 24576
2026/04/24 00:50:58.300, NVIDIA TITAN RTX, 36, 10875, 24576
2026/04/24 00:50:59.302, NVIDIA TITAN RTX, 36, 10875, 24576
2026/04/24 00:51:00.303, NVIDIA TITAN RTX, 36, 10875, 24576
2026/04/24 00:51:01.304, NVIDIA TITAN RTX, 36, 10875, 24576
2026/04/24 00:51:02.305, NVIDIA TITAN RTX, 36, 10875, 24576
2026/04/24 00:51:03.306, NVIDIA TITAN RTX, 36, 10875, 24576
2026/04/24 00:51:04.307, NVIDIA TITAN RTX, 37, 10875, 24576
2026/04/24 00:51:05.309, NVIDIA TITAN RTX, 37, 10875, 24576
2026/04/24 00:51:06.310, NVIDIA TITAN RTX, 36, 10875, 24576
2026/04/24 00:51:07.311, NVIDIA TITAN RTX, 36, 10875, 24576
2026/04/24 00:51:08.312, NVIDIA TITAN RTX, 37, 10875, 24576
2026/04/24 00:51:09.313, NVIDIA TITAN RTX, 36, 10875, 24576
2026/04/24 00:51:10.315, NVIDIA TITAN RTX, 36, 10875, 24576
2026/04/24 00:51:11.316, NVIDIA TITAN RTX, 36, 10875, 24576
2026/04/24 00:51:12.317, NVIDIA TITAN RTX, 37, 10875, 24576
2026/04/24 00:51:13.319, NVIDIA TITAN RTX, 37, 10875, 24576
2026/04/24 00:51:14.320, NVIDIA TITAN RTX, 36, 10875, 24576
2026/04/24 00:51:15.321, NVIDIA TITAN RTX, 19, 10875, 24576
2026/04/24 00:51:16.322, NVIDIA TITAN RTX, 34, 10875, 24576
2026/04/24 00:51:17.323, NVIDIA TITAN RTX, 27, 10875, 24576
2026/04/24 00:51:18.324, NVIDIA TITAN RTX, 28, 10875, 24576
2026/04/24 00:51:19.325, NVIDIA TITAN RTX, 35, 10875, 24576
2026/04/24 00:51:20.327, NVIDIA TITAN RTX, 35, 10875, 24576
2026/04/24 00:51:21.328, NVIDIA TITAN RTX, 35, 10875, 24576
2026/04/24 00:51:22.329, NVIDIA TITAN RTX, 35, 10875, 24576
2026/04/24 00:51:23.330, NVIDIA TITAN RTX, 35, 10875, 24576
2026/04/24 00:51:24.331, NVIDIA TITAN RTX, 35, 10875, 24576
2026/04/24 00:51:25.333, NVIDIA TITAN RTX, 35, 10875, 24576
2026/04/24 00:51:26.334, NVIDIA TITAN RTX, 35, 10875, 24576
2026/04/24 00:51:27.335, NVIDIA TITAN RTX, 35, 10875, 24576
2026/04/24 00:51:28.336, NVIDIA TITAN RTX, 35, 10875, 24576
2026/04/24 00:51:29.337, NVIDIA TITAN RTX, 35, 10875, 24576
2026/04/24 00:51:30.338, NVIDIA TITAN RTX, 35, 10875, 24576
2026/04/24 00:51:31.339, NVIDIA TITAN RTX, 35, 10875, 24576
2026/04/24 00:51:32.342, NVIDIA TITAN RTX, 35, 10875, 24576
2026/04/24 00:51:33.343, NVIDIA TITAN RTX, 35, 10875, 24576
2026/04/24 00:51:34.344, NVIDIA TITAN RTX, 35, 10875, 24576
2026/04/24 00:51:35.345, NVIDIA TITAN RTX, 35, 10875, 24576
2026/04/24 00:51:36.349, NVIDIA TITAN RTX, 35, 10875, 24576
2026/04/24 00:51:37.350, NVIDIA TITAN RTX, 35, 10875, 24576
2026/04/24 00:51:38.351, NVIDIA TITAN RTX, 35, 10875, 24576
2026/04/24 00:51:39.352, NVIDIA TITAN RTX, 35, 10875, 24576
2026/04/24 00:51:40.353, NVIDIA TITAN RTX, 35, 10875, 24576
2026/04/24 00:51:41.354, NVIDIA TITAN RTX, 36, 10875, 24576
2026/04/24 00:51:42.356, NVIDIA TITAN RTX, 35, 10875, 24576
2026/04/24 00:51:43.357, NVIDIA TITAN RTX, 35, 10875, 24576
2026/04/24 00:51:44.358, NVIDIA TITAN RTX, 35, 10875, 24576
2026/04/24 00:51:45.359, NVIDIA TITAN RTX, 35, 10875, 24576
2026/04/24 00:51:46.360, NVIDIA TITAN RTX, 35, 10875, 24576
2026/04/24 00:51:47.361, NVIDIA TITAN RTX, 35, 10875, 24576
2026/04/24 00:51:48.363, NVIDIA TITAN RTX, 35, 10875, 24576
2026/04/24 00:51:49.364, NVIDIA TITAN RTX, 35, 10875, 24576
2026/04/24 00:51:50.365, NVIDIA TITAN RTX, 35, 10875, 24576
2026/04/24 00:51:51.366, NVIDIA TITAN RTX, 35, 10875, 24576
2026/04/24 00:51:52.368, NVIDIA TITAN RTX, 35, 10875, 24576
2026/04/24 00:51:53.369, NVIDIA TITAN RTX, 35, 10875, 24576
2026/04/24 00:51:54.370, NVIDIA TITAN RTX, 35, 10875, 24576
2026/04/24 00:51:55.371, NVIDIA TITAN RTX, 35, 10875, 24576
2026/04/24 00:51:56.372, NVIDIA TITAN RTX, 36, 10875, 24576
2026/04/24 00:51:57.374, NVIDIA TITAN RTX, 36, 10875, 24576
2026/04/24 00:51:58.375, NVIDIA TITAN RTX, 35, 10875, 24576
2026/04/24 00:51:59.376, NVIDIA TITAN RTX, 36, 10875, 24576
2026/04/24 00:52:00.377, NVIDIA TITAN RTX, 36, 10875, 24576
2026/04/24 00:52:01.378, NVIDIA TITAN RTX, 36, 10875, 24576
2026/04/24 00:52:02.379, NVIDIA TITAN RTX, 13, 10875, 24576
2026/04/24 00:52:03.381, NVIDIA TITAN RTX, 58, 10875, 24576
2026/04/24 00:52:04.382, NVIDIA TITAN RTX, 29, 10875, 24576
2026/04/24 00:52:05.383, NVIDIA TITAN RTX, 29, 10875, 24576
2026/04/24 00:52:06.384, NVIDIA TITAN RTX, 35, 10875, 24576
2026/04/24 00:52:07.385, NVIDIA TITAN RTX, 36, 10875, 24576
2026/04/24 00:52:08.386, NVIDIA TITAN RTX, 36, 10875, 24576
2026/04/24 00:52:09.388, NVIDIA TITAN RTX, 36, 10875, 24576
2026/04/24 00:52:10.389, NVIDIA TITAN RTX, 36, 10875, 24576
2026/04/24 00:52:11.390, NVIDIA TITAN RTX, 36, 10875, 24576
2026/04/24 00:52:12.392, NVIDIA TITAN RTX, 36, 10875, 24576
2026/04/24 00:52:13.393, NVIDIA TITAN RTX, 36, 10875, 24576
2026/04/24 00:52:14.394, NVIDIA TITAN RTX, 36, 10875, 24576
2026/04/24 00:52:15.396, NVIDIA TITAN RTX, 36, 10875, 24576
2026/04/24 00:52:16.397, NVIDIA TITAN RTX, 36, 10875, 24576
2026/04/24 00:52:17.399, NVIDIA TITAN RTX, 36, 10875, 24576
2026/04/24 00:52:18.400, NVIDIA TITAN RTX, 36, 10875, 24576
2026/04/24 00:52:19.401, NVIDIA TITAN RTX, 36, 10875, 24576
2026/04/24 00:52:20.402, NVIDIA TITAN RTX, 36, 10875, 24576
2026/04/24 00:52:21.403, NVIDIA TITAN RTX, 36, 10875, 24576
2026/04/24 00:52:22.405, NVIDIA TITAN RTX, 36, 10875, 24576
2026/04/24 00:52:23.406, NVIDIA TITAN RTX, 36, 10875, 24576
2026/04/24 00:52:24.407, NVIDIA TITAN RTX, 36, 10875, 24576
2026/04/24 00:52:25.409, NVIDIA TITAN RTX, 36, 10875, 24576
2026/04/24 00:52:26.410, NVIDIA TITAN RTX, 36, 10875, 24576
2026/04/24 00:52:27.411, NVIDIA TITAN RTX, 36, 10875, 24576
2026/04/24 00:52:28.413, NVIDIA TITAN RTX, 36, 10875, 24576
2026/04/24 00:52:29.414, NVIDIA TITAN RTX, 36, 10875, 24576
2026/04/24 00:52:30.415, NVIDIA TITAN RTX, 36, 10875, 24576
2026/04/24 00:52:31.416, NVIDIA TITAN RTX, 36, 10875, 24576
2026/04/24 00:52:32.417, NVIDIA TITAN RTX, 36, 10875, 24576
2026/04/24 00:52:33.419, NVIDIA TITAN RTX, 36, 10875, 24576
2026/04/24 00:52:34.420, NVIDIA TITAN RTX, 36, 10875, 24576
2026/04/24 00:52:35.421, NVIDIA TITAN RTX, 36, 10875, 24576
2026/04/24 00:52:36.422, NVIDIA TITAN RTX, 36, 10875, 24576
2026/04/24 00:52:37.424, NVIDIA TITAN RTX, 36, 10875, 24576
2026/04/24 00:52:38.425, NVIDIA TITAN RTX, 36, 10875, 24576
2026/04/24 00:52:39.427, NVIDIA TITAN RTX, 36, 10875, 24576
2026/04/24 00:52:40.428, NVIDIA TITAN RTX, 36, 10875, 24576
2026/04/24 00:52:41.429, NVIDIA TITAN RTX, 36, 10875, 24576
2026/04/24 00:52:42.430, NVIDIA TITAN RTX, 36, 10875, 24576
2026/04/24 00:52:43.431, NVIDIA TITAN RTX, 36, 10875, 24576
2026/04/24 00:52:44.433, NVIDIA TITAN RTX, 36, 10875, 24576
2026/04/24 00:52:45.434, NVIDIA TITAN RTX, 37, 10875, 24576
2026/04/24 00:52:46.435, NVIDIA TITAN RTX, 36, 10875, 24576
2026/04/24 00:52:47.437, NVIDIA TITAN RTX, 36, 10875, 24576
2026/04/24 00:52:48.438, NVIDIA TITAN RTX, 37, 10875, 24576
2026/04/24 00:52:49.439, NVIDIA TITAN RTX, 37, 10875, 24576
2026/04/24 00:52:50.442, NVIDIA TITAN RTX, 19, 12931, 24576
2026/04/24 00:52:51.443, NVIDIA TITAN RTX, 44, 12931, 24576
2026/04/24 00:52:52.444, NVIDIA TITAN RTX, 75, 12931, 24576
2026/04/24 00:52:53.445, NVIDIA TITAN RTX, 28, 12931, 24576
2026/04/24 00:52:54.447, NVIDIA TITAN RTX, 31, 12931, 24576
2026/04/24 00:52:55.448, NVIDIA TITAN RTX, 35, 12931, 24576
2026/04/24 00:52:56.449, NVIDIA TITAN RTX, 37, 12931, 24576
2026/04/24 00:52:57.451, NVIDIA TITAN RTX, 37, 12931, 24576
2026/04/24 00:52:58.452, NVIDIA TITAN RTX, 37, 12931, 24576
2026/04/24 00:52:59.454, NVIDIA TITAN RTX, 37, 12931, 24576
2026/04/24 00:53:00.455, NVIDIA TITAN RTX, 37, 12931, 24576
2026/04/24 00:53:01.458, NVIDIA TITAN RTX, 37, 12931, 24576
2026/04/24 00:53:02.459, NVIDIA TITAN RTX, 37, 12931, 24576
2026/04/24 00:53:03.460, NVIDIA TITAN RTX, 37, 12931, 24576
2026/04/24 00:53:04.461, NVIDIA TITAN RTX, 37, 12931, 24576
2026/04/24 00:53:05.462, NVIDIA TITAN RTX, 37, 12931, 24576
2026/04/24 00:53:06.463, NVIDIA TITAN RTX, 37, 12931, 24576
2026/04/24 00:53:07.465, NVIDIA TITAN RTX, 37, 12931, 24576
2026/04/24 00:53:08.466, NVIDIA TITAN RTX, 37, 12931, 24576
2026/04/24 00:53:09.467, NVIDIA TITAN RTX, 37, 12931, 24576
2026/04/24 00:53:10.468, NVIDIA TITAN RTX, 37, 12931, 24576
2026/04/24 00:53:11.469, NVIDIA TITAN RTX, 37, 12931, 24576
2026/04/24 00:53:12.471, NVIDIA TITAN RTX, 37, 12931, 24576
2026/04/24 00:53:13.472, NVIDIA TITAN RTX, 37, 12931, 24576
2026/04/24 00:53:14.473, NVIDIA TITAN RTX, 37, 12931, 24576
2026/04/24 00:53:15.474, NVIDIA TITAN RTX, 37, 12931, 24576
2026/04/24 00:53:16.475, NVIDIA TITAN RTX, 37, 12931, 24576
2026/04/24 00:53:17.477, NVIDIA TITAN RTX, 37, 12931, 24576
2026/04/24 00:53:18.478, NVIDIA TITAN RTX, 38, 12931, 24576
2026/04/24 00:53:19.479, NVIDIA TITAN RTX, 37, 12931, 24576
2026/04/24 00:53:20.480, NVIDIA TITAN RTX, 37, 12931, 24576
2026/04/24 00:53:21.481, NVIDIA TITAN RTX, 37, 12931, 24576
2026/04/24 00:53:22.483, NVIDIA TITAN RTX, 37, 12931, 24576
2026/04/24 00:53:23.484, NVIDIA TITAN RTX, 37, 12931, 24576
2026/04/24 00:53:24.486, NVIDIA TITAN RTX, 37, 12931, 24576
2026/04/24 00:53:25.487, NVIDIA TITAN RTX, 37, 12931, 24576
2026/04/24 00:53:26.488, NVIDIA TITAN RTX, 37, 12931, 24576
2026/04/24 00:53:27.489, NVIDIA TITAN RTX, 37, 12931, 24576
2026/04/24 00:53:28.490, NVIDIA TITAN RTX, 37, 12931, 24576
2026/04/24 00:53:29.491, NVIDIA TITAN RTX, 38, 12931, 24576
2026/04/24 00:53:30.492, NVIDIA TITAN RTX, 37, 12931, 24576
2026/04/24 00:53:31.494, NVIDIA TITAN RTX, 28, 12931, 24576
2026/04/24 00:53:32.495, NVIDIA TITAN RTX, 22, 12931, 24576
2026/04/24 00:53:33.496, NVIDIA TITAN RTX, 29, 12931, 24576
2026/04/24 00:53:34.497, NVIDIA TITAN RTX, 27, 12931, 24576
2026/04/24 00:53:35.498, NVIDIA TITAN RTX, 34, 12931, 24576
2026/04/24 00:53:36.499, NVIDIA TITAN RTX, 34, 12931, 24576
2026/04/24 00:53:37.501, NVIDIA TITAN RTX, 34, 12931, 24576
2026/04/24 00:53:38.502, NVIDIA TITAN RTX, 34, 12931, 24576
2026/04/24 00:53:39.503, NVIDIA TITAN RTX, 35, 12931, 24576
2026/04/24 00:53:40.504, NVIDIA TITAN RTX, 35, 12931, 24576
2026/04/24 00:53:41.505, NVIDIA TITAN RTX, 35, 12931, 24576
2026/04/24 00:53:42.506, NVIDIA TITAN RTX, 35, 12931, 24576
2026/04/24 00:53:43.508, NVIDIA TITAN RTX, 35, 12931, 24576
2026/04/24 00:53:44.509, NVIDIA TITAN RTX, 36, 12931, 24576
2026/04/24 00:53:45.510, NVIDIA TITAN RTX, 35, 12931, 24576
2026/04/24 00:53:46.511, NVIDIA TITAN RTX, 35, 12931, 24576
2026/04/24 00:53:47.513, NVIDIA TITAN RTX, 35, 12931, 24576
2026/04/24 00:53:48.514, NVIDIA TITAN RTX, 35, 12931, 24576
2026/04/24 00:53:49.515, NVIDIA TITAN RTX, 35, 12931, 24576
2026/04/24 00:53:50.516, NVIDIA TITAN RTX, 35, 12931, 24576
2026/04/24 00:53:51.517, NVIDIA TITAN RTX, 35, 12931, 24576
2026/04/24 00:53:52.518, NVIDIA TITAN RTX, 35, 12931, 24576
2026/04/24 00:53:53.520, NVIDIA TITAN RTX, 35, 12931, 24576
2026/04/24 00:53:54.521, NVIDIA TITAN RTX, 35, 12931, 24576
2026/04/24 00:53:55.522, NVIDIA TITAN RTX, 35, 12931, 24576
2026/04/24 00:53:56.523, NVIDIA TITAN RTX, 35, 12931, 24576
2026/04/24 00:53:57.524, NVIDIA TITAN RTX, 35, 12931, 24576
2026/04/24 00:53:58.525, NVIDIA TITAN RTX, 35, 12931, 24576
2026/04/24 00:53:59.526, NVIDIA TITAN RTX, 35, 12931, 24576
2026/04/24 00:54:00.527, NVIDIA TITAN RTX, 35, 12931, 24576
2026/04/24 00:54:01.529, NVIDIA TITAN RTX, 35, 12931, 24576
2026/04/24 00:54:02.530, NVIDIA TITAN RTX, 35, 12931, 24576
2026/04/24 00:54:03.532, NVIDIA TITAN RTX, 35, 12931, 24576
2026/04/24 00:54:04.533, NVIDIA TITAN RTX, 35, 12931, 24576
2026/04/24 00:54:05.534, NVIDIA TITAN RTX, 35, 12931, 24576
2026/04/24 00:54:06.535, NVIDIA TITAN RTX, 35, 12931, 24576
2026/04/24 00:54:07.536, NVIDIA TITAN RTX, 35, 12931, 24576
2026/04/24 00:54:08.537, NVIDIA TITAN RTX, 35, 12931, 24576
2026/04/24 00:54:09.538, NVIDIA TITAN RTX, 35, 12931, 24576
2026/04/24 00:54:10.540, NVIDIA TITAN RTX, 35, 12931, 24576
2026/04/24 00:54:11.541, NVIDIA TITAN RTX, 35, 12931, 24576
2026/04/24 00:54:12.542, NVIDIA TITAN RTX, 35, 12931, 24576
2026/04/24 00:54:13.544, NVIDIA TITAN RTX, 35, 12931, 24576
2026/04/24 00:54:14.546, NVIDIA TITAN RTX, 35, 12931, 24576
2026/04/24 00:54:15.547, NVIDIA TITAN RTX, 21, 12931, 24576
2026/04/24 00:54:16.548, NVIDIA TITAN RTX, 36, 12931, 24576
2026/04/24 00:54:17.549, NVIDIA TITAN RTX, 62, 12931, 24576
2026/04/24 00:54:18.550, NVIDIA TITAN RTX, 28, 12931, 24576
2026/04/24 00:54:19.551, NVIDIA TITAN RTX, 32, 12931, 24576
2026/04/24 00:54:20.552, NVIDIA TITAN RTX, 36, 12931, 24576
2026/04/24 00:54:21.553, NVIDIA TITAN RTX, 36, 12931, 24576
2026/04/24 00:54:22.554, NVIDIA TITAN RTX, 36, 12931, 24576
2026/04/24 00:54:23.555, NVIDIA TITAN RTX, 37, 12931, 24576
2026/04/24 00:54:24.556, NVIDIA TITAN RTX, 36, 12931, 24576
2026/04/24 00:54:25.558, NVIDIA TITAN RTX, 37, 12931, 24576
2026/04/24 00:54:26.559, NVIDIA TITAN RTX, 37, 12931, 24576
2026/04/24 00:54:27.560, NVIDIA TITAN RTX, 37, 12931, 24576
2026/04/24 00:54:28.562, NVIDIA TITAN RTX, 36, 12931, 24576
2026/04/24 00:54:29.563, NVIDIA TITAN RTX, 37, 12931, 24576
2026/04/24 00:54:30.564, NVIDIA TITAN RTX, 37, 12931, 24576
2026/04/24 00:54:31.565, NVIDIA TITAN RTX, 37, 12931, 24576
2026/04/24 00:54:32.566, NVIDIA TITAN RTX, 37, 12931, 24576
2026/04/24 00:54:33.568, NVIDIA TITAN RTX, 37, 12931, 24576
2026/04/24 00:54:34.569, NVIDIA TITAN RTX, 37, 12931, 24576
2026/04/24 00:54:35.570, NVIDIA TITAN RTX, 37, 12931, 24576
2026/04/24 00:54:36.571, NVIDIA TITAN RTX, 37, 12931, 24576
2026/04/24 00:54:37.572, NVIDIA TITAN RTX, 37, 12931, 24576
2026/04/24 00:54:38.573, NVIDIA TITAN RTX, 37, 12931, 24576
2026/04/24 00:54:39.574, NVIDIA TITAN RTX, 36, 12931, 24576
2026/04/24 00:54:40.575, NVIDIA TITAN RTX, 36, 12931, 24576
2026/04/24 00:54:41.577, NVIDIA TITAN RTX, 36, 12931, 24576
2026/04/24 00:54:42.578, NVIDIA TITAN RTX, 36, 12931, 24576
2026/04/24 00:54:43.579, NVIDIA TITAN RTX, 37, 12931, 24576
2026/04/24 00:54:44.580, NVIDIA TITAN RTX, 36, 12931, 24576
2026/04/24 00:54:45.582, NVIDIA TITAN RTX, 36, 12931, 24576
2026/04/24 00:54:46.583, NVIDIA TITAN RTX, 37, 12931, 24576
2026/04/24 00:54:47.584, NVIDIA TITAN RTX, 36, 12931, 24576
2026/04/24 00:54:48.585, NVIDIA TITAN RTX, 36, 12931, 24576
2026/04/24 00:54:49.586, NVIDIA TITAN RTX, 37, 12931, 24576
2026/04/24 00:54:50.587, NVIDIA TITAN RTX, 36, 12931, 24576
2026/04/24 00:54:51.588, NVIDIA TITAN RTX, 36, 12931, 24576
2026/04/24 00:54:52.589, NVIDIA TITAN RTX, 36, 12931, 24576
2026/04/24 00:54:53.592, NVIDIA TITAN RTX, 36, 12931, 24576
2026/04/24 00:54:54.593, NVIDIA TITAN RTX, 37, 12931, 24576
2026/04/24 00:54:55.595, NVIDIA TITAN RTX, 37, 12931, 24576
2026/04/24 00:54:56.596, NVIDIA TITAN RTX, 37, 12931, 24576
2026/04/24 00:54:57.597, NVIDIA TITAN RTX, 37, 12931, 24576
2026/04/24 00:54:58.598, NVIDIA TITAN RTX, 37, 12931, 24576
2026/04/24 00:54:59.599, NVIDIA TITAN RTX, 37, 12931, 24576
2026/04/24 00:55:00.601, NVIDIA TITAN RTX, 37, 12931, 24576
2026/04/24 00:55:01.602, NVIDIA TITAN RTX, 37, 12931, 24576
2026/04/24 00:55:02.603, NVIDIA TITAN RTX, 37, 12931, 24576
2026/04/24 00:55:03.604, NVIDIA TITAN RTX, 37, 12931, 24576
2026/04/24 00:55:04.605, NVIDIA TITAN RTX, 37, 12931, 24576
2026/04/24 00:55:05.606, NVIDIA TITAN RTX, 37, 12931, 24576
2026/04/24 00:55:06.608, NVIDIA TITAN RTX, 36, 12931, 24576
2026/04/24 00:55:07.609, NVIDIA TITAN RTX, 36, 12931, 24576
2026/04/24 00:55:08.610, NVIDIA TITAN RTX, 37, 12931, 24576
2026/04/24 00:55:09.611, NVIDIA TITAN RTX, 37, 12931, 24576
2026/04/24 00:55:10.612, NVIDIA TITAN RTX, 37, 12931, 24576
2026/04/24 00:55:11.613, NVIDIA TITAN RTX, 37, 12931, 24576
2026/04/24 00:55:12.615, NVIDIA TITAN RTX, 37, 12931, 24576
2026/04/24 00:55:13.616, NVIDIA TITAN RTX, 36, 12931, 24576
2026/04/24 00:55:14.617, NVIDIA TITAN RTX, 37, 12931, 24576
2026/04/24 00:55:15.618, NVIDIA TITAN RTX, 37, 12931, 24576
2026/04/24 00:55:16.619, NVIDIA TITAN RTX, 37, 12931, 24576
2026/04/24 00:55:17.620, NVIDIA TITAN RTX, 10, 12931, 24576
2026/04/24 00:55:18.622, NVIDIA TITAN RTX, 41, 12931, 24576
2026/04/24 00:55:19.623, NVIDIA TITAN RTX, 27, 12931, 24576
2026/04/24 00:55:20.624, NVIDIA TITAN RTX, 32, 12931, 24576
2026/04/24 00:55:21.627, NVIDIA TITAN RTX, 36, 12931, 24576
2026/04/24 00:55:22.628, NVIDIA TITAN RTX, 36, 12931, 24576
2026/04/24 00:55:23.629, NVIDIA TITAN RTX, 35, 12931, 24576
2026/04/24 00:55:24.631, NVIDIA TITAN RTX, 34, 12931, 24576
2026/04/24 00:55:25.632, NVIDIA TITAN RTX, 35, 12931, 24576
2026/04/24 00:55:26.633, NVIDIA TITAN RTX, 34, 12931, 24576
2026/04/24 00:55:27.635, NVIDIA TITAN RTX, 35, 12931, 24576
2026/04/24 00:55:28.637, NVIDIA TITAN RTX, 34, 12931, 24576
2026/04/24 00:55:29.638, NVIDIA TITAN RTX, 35, 12931, 24576
2026/04/24 00:55:30.639, NVIDIA TITAN RTX, 35, 12931, 24576
2026/04/24 00:55:31.640, NVIDIA TITAN RTX, 35, 12931, 24576
2026/04/24 00:55:32.641, NVIDIA TITAN RTX, 35, 12931, 24576
2026/04/24 00:55:33.643, NVIDIA TITAN RTX, 35, 12931, 24576
2026/04/24 00:55:34.644, NVIDIA TITAN RTX, 35, 12931, 24576
2026/04/24 00:55:35.646, NVIDIA TITAN RTX, 35, 12931, 24576
2026/04/24 00:55:36.647, NVIDIA TITAN RTX, 35, 12931, 24576
2026/04/24 00:55:37.648, NVIDIA TITAN RTX, 35, 12931, 24576
2026/04/24 00:55:38.649, NVIDIA TITAN RTX, 35, 12931, 24576
2026/04/24 00:55:39.650, NVIDIA TITAN RTX, 35, 12931, 24576
2026/04/24 00:55:40.651, NVIDIA TITAN RTX, 35, 12931, 24576
2026/04/24 00:55:41.653, NVIDIA TITAN RTX, 35, 12931, 24576
2026/04/24 00:55:42.654, NVIDIA TITAN RTX, 35, 12931, 24576
2026/04/24 00:55:43.655, NVIDIA TITAN RTX, 35, 12931, 24576
2026/04/24 00:55:44.656, NVIDIA TITAN RTX, 35, 12931, 24576
2026/04/24 00:55:45.657, NVIDIA TITAN RTX, 35, 12931, 24576
2026/04/24 00:55:46.658, NVIDIA TITAN RTX, 35, 12931, 24576
2026/04/24 00:55:47.660, NVIDIA TITAN RTX, 36, 12931, 24576
2026/04/24 00:55:48.661, NVIDIA TITAN RTX, 35, 12931, 24576
2026/04/24 00:55:49.662, NVIDIA TITAN RTX, 35, 12931, 24576
2026/04/24 00:55:50.663, NVIDIA TITAN RTX, 36, 12931, 24576
2026/04/24 00:55:51.664, NVIDIA TITAN RTX, 36, 12931, 24576
2026/04/24 00:55:52.666, NVIDIA TITAN RTX, 36, 12931, 24576
2026/04/24 00:55:53.667, NVIDIA TITAN RTX, 36, 12931, 24576
2026/04/24 00:55:54.668, NVIDIA TITAN RTX, 35, 12931, 24576
2026/04/24 00:55:55.669, NVIDIA TITAN RTX, 36, 12931, 24576
2026/04/24 00:55:56.670, NVIDIA TITAN RTX, 35, 12931, 24576
2026/04/24 00:55:57.672, NVIDIA TITAN RTX, 35, 12931, 24576
2026/04/24 00:55:58.674, NVIDIA TITAN RTX, 35, 12931, 24576
2026/04/24 00:55:59.675, NVIDIA TITAN RTX, 36, 12931, 24576
2026/04/24 00:56:00.676, NVIDIA TITAN RTX, 36, 12931, 24576
2026/04/24 00:56:01.677, NVIDIA TITAN RTX, 36, 12931, 24576
2026/04/24 00:56:02.678, NVIDIA TITAN RTX, 36, 12931, 24576
2026/04/24 00:56:03.679, NVIDIA TITAN RTX, 36, 12931, 24576
2026/04/24 00:56:04.681, NVIDIA TITAN RTX, 36, 12931, 24576
2026/04/24 00:56:05.682, NVIDIA TITAN RTX, 36, 12931, 24576
2026/04/24 00:56:06.683, NVIDIA TITAN RTX, 36, 12931, 24576
2026/04/24 00:56:07.684, NVIDIA TITAN RTX, 36, 12931, 24576
2026/04/24 00:56:08.685, NVIDIA TITAN RTX, 36, 12931, 24576
2026/04/24 00:56:09.687, NVIDIA TITAN RTX, 36, 12931, 24576
2026/04/24 00:56:10.688, NVIDIA TITAN RTX, 36, 12931, 24576
2026/04/24 00:56:11.689, NVIDIA TITAN RTX, 36, 12931, 24576
2026/04/24 00:56:12.690, NVIDIA TITAN RTX, 36, 12931, 24576
2026/04/24 00:56:13.692, NVIDIA TITAN RTX, 36, 12931, 24576
2026/04/24 00:56:14.693, NVIDIA TITAN RTX, 36, 12931, 24576
2026/04/24 00:56:15.694, NVIDIA TITAN RTX, 36, 12931, 24576
2026/04/24 00:56:16.695, NVIDIA TITAN RTX, 26, 12931, 24576
2026/04/24 00:56:17.696, NVIDIA TITAN RTX, 28, 12931, 24576
2026/04/24 00:56:18.698, NVIDIA TITAN RTX, 28, 12931, 24576
2026/04/24 00:56:19.699, NVIDIA TITAN RTX, 28, 12931, 24576
2026/04/24 00:56:20.700, NVIDIA TITAN RTX, 35, 12931, 24576
2026/04/24 00:56:21.701, NVIDIA TITAN RTX, 35, 12931, 24576
2026/04/24 00:56:22.704, NVIDIA TITAN RTX, 35, 12931, 24576
2026/04/24 00:56:23.705, NVIDIA TITAN RTX, 35, 12931, 24576
2026/04/24 00:56:24.706, NVIDIA TITAN RTX, 35, 12931, 24576
2026/04/24 00:56:25.707, NVIDIA TITAN RTX, 35, 12931, 24576
2026/04/24 00:56:26.708, NVIDIA TITAN RTX, 35, 12931, 24576
2026/04/24 00:56:27.709, NVIDIA TITAN RTX, 35, 12931, 24576
2026/04/24 00:56:28.710, NVIDIA TITAN RTX, 35, 12931, 24576
2026/04/24 00:56:29.712, NVIDIA TITAN RTX, 35, 12931, 24576
2026/04/24 00:56:30.714, NVIDIA TITAN RTX, 35, 12931, 24576
2026/04/24 00:56:31.715, NVIDIA TITAN RTX, 35, 12931, 24576
2026/04/24 00:56:32.716, NVIDIA TITAN RTX, 34, 12931, 24576
2026/04/24 00:56:33.717, NVIDIA TITAN RTX, 35, 12931, 24576
2026/04/24 00:56:34.718, NVIDIA TITAN RTX, 35, 12931, 24576
2026/04/24 00:56:35.719, NVIDIA TITAN RTX, 33, 12931, 24576
2026/04/24 00:56:36.721, NVIDIA TITAN RTX, 35, 12931, 24576
2026/04/24 00:56:37.722, NVIDIA TITAN RTX, 35, 12931, 24576
2026/04/24 00:56:38.723, NVIDIA TITAN RTX, 35, 12931, 24576
2026/04/24 00:56:39.724, NVIDIA TITAN RTX, 35, 12931, 24576
2026/04/24 00:56:40.725, NVIDIA TITAN RTX, 35, 12931, 24576
2026/04/24 00:56:41.726, NVIDIA TITAN RTX, 35, 12931, 24576
2026/04/24 00:56:42.727, NVIDIA TITAN RTX, 35, 12931, 24576
2026/04/24 00:56:43.728, NVIDIA TITAN RTX, 35, 12931, 24576
2026/04/24 00:56:44.730, NVIDIA TITAN RTX, 35, 12931, 24576
2026/04/24 00:56:45.731, NVIDIA TITAN RTX, 35, 12931, 24576
2026/04/24 00:56:46.732, NVIDIA TITAN RTX, 35, 12931, 24576
2026/04/24 00:56:47.733, NVIDIA TITAN RTX, 36, 12931, 24576
2026/04/24 00:56:48.734, NVIDIA TITAN RTX, 35, 12931, 24576
2026/04/24 00:56:49.736, NVIDIA TITAN RTX, 35, 12931, 24576
2026/04/24 00:56:50.737, NVIDIA TITAN RTX, 35, 12931, 24576
2026/04/24 00:56:51.738, NVIDIA TITAN RTX, 35, 12931, 24576
2026/04/24 00:56:52.739, NVIDIA TITAN RTX, 35, 12931, 24576
2026/04/24 00:56:53.740, NVIDIA TITAN RTX, 35, 12931, 24576
2026/04/24 00:56:54.742, NVIDIA TITAN RTX, 35, 12931, 24576
2026/04/24 00:56:55.743, NVIDIA TITAN RTX, 35, 12931, 24576
2026/04/24 00:56:56.744, NVIDIA TITAN RTX, 36, 12931, 24576
2026/04/24 00:56:57.746, NVIDIA TITAN RTX, 36, 12931, 24576
2026/04/24 00:56:58.747, NVIDIA TITAN RTX, 35, 12931, 24576
2026/04/24 00:56:59.748, NVIDIA TITAN RTX, 36, 12931, 24576
2026/04/24 00:57:00.749, NVIDIA TITAN RTX, 36, 12931, 24576
2026/04/24 00:57:01.750, NVIDIA TITAN RTX, 36, 12931, 24576
2026/04/24 00:57:02.752, NVIDIA TITAN RTX, 35, 12931, 24576
2026/04/24 00:57:03.756, NVIDIA TITAN RTX, 35, 12931, 24576
2026/04/24 00:57:04.757, NVIDIA TITAN RTX, 36, 12931, 24576
2026/04/24 00:57:05.758, NVIDIA TITAN RTX, 10, 12931, 24576
2026/04/24 00:57:06.759, NVIDIA TITAN RTX, 41, 12931, 24576
2026/04/24 00:57:07.760, NVIDIA TITAN RTX, 26, 12931, 24576
2026/04/24 00:57:08.761, NVIDIA TITAN RTX, 31, 12931, 24576
2026/04/24 00:57:09.762, NVIDIA TITAN RTX, 35, 12931, 24576
2026/04/24 00:57:10.763, NVIDIA TITAN RTX, 35, 12931, 24576
2026/04/24 00:57:11.764, NVIDIA TITAN RTX, 35, 12931, 24576
2026/04/24 00:57:12.766, NVIDIA TITAN RTX, 35, 12931, 24576
2026/04/24 00:57:13.767, NVIDIA TITAN RTX, 35, 12931, 24576
2026/04/24 00:57:14.768, NVIDIA TITAN RTX, 35, 12931, 24576
2026/04/24 00:57:15.770, NVIDIA TITAN RTX, 35, 12931, 24576
2026/04/24 00:57:16.771, NVIDIA TITAN RTX, 35, 12931, 24576
2026/04/24 00:57:17.772, NVIDIA TITAN RTX, 35, 12931, 24576
2026/04/24 00:57:18.773, NVIDIA TITAN RTX, 35, 12931, 24576
2026/04/24 00:57:19.775, NVIDIA TITAN RTX, 35, 12931, 24576
2026/04/24 00:57:20.776, NVIDIA TITAN RTX, 35, 12931, 24576
2026/04/24 00:57:21.777, NVIDIA TITAN RTX, 35, 12931, 24576
2026/04/24 00:57:22.778, NVIDIA TITAN RTX, 35, 12931, 24576
2026/04/24 00:57:23.779, NVIDIA TITAN RTX, 35, 12931, 24576
2026/04/24 00:57:24.781, NVIDIA TITAN RTX, 35, 12931, 24576
2026/04/24 00:57:25.782, NVIDIA TITAN RTX, 36, 12931, 24576
2026/04/24 00:57:26.783, NVIDIA TITAN RTX, 35, 12931, 24576
2026/04/24 00:57:27.784, NVIDIA TITAN RTX, 35, 12931, 24576
2026/04/24 00:57:28.785, NVIDIA TITAN RTX, 35, 12931, 24576
2026/04/24 00:57:29.787, NVIDIA TITAN RTX, 35, 12931, 24576
2026/04/24 00:57:30.789, NVIDIA TITAN RTX, 35, 12931, 24576
2026/04/24 00:57:31.790, NVIDIA TITAN RTX, 36, 12931, 24576
2026/04/24 00:57:32.791, NVIDIA TITAN RTX, 35, 12931, 24576
2026/04/24 00:57:33.792, NVIDIA TITAN RTX, 35, 12931, 24576
2026/04/24 00:57:34.793, NVIDIA TITAN RTX, 35, 12931, 24576
2026/04/24 00:57:35.795, NVIDIA TITAN RTX, 35, 12931, 24576
2026/04/24 00:57:36.796, NVIDIA TITAN RTX, 36, 12931, 24576
2026/04/24 00:57:37.797, NVIDIA TITAN RTX, 35, 12931, 24576
2026/04/24 00:57:38.798, NVIDIA TITAN RTX, 35, 12931, 24576
2026/04/24 00:57:39.800, NVIDIA TITAN RTX, 36, 12931, 24576
2026/04/24 00:57:40.801, NVIDIA TITAN RTX, 36, 12931, 24576
2026/04/24 00:57:41.802, NVIDIA TITAN RTX, 36, 12931, 24576
2026/04/24 00:57:42.804, NVIDIA TITAN RTX, 36, 12931, 24576
2026/04/24 00:57:43.805, NVIDIA TITAN RTX, 35, 12931, 24576
2026/04/24 00:57:44.806, NVIDIA TITAN RTX, 36, 12931, 24576
2026/04/24 00:57:45.807, NVIDIA TITAN RTX, 36, 12931, 24576
2026/04/24 00:57:46.808, NVIDIA TITAN RTX, 36, 12931, 24576
2026/04/24 00:57:47.809, NVIDIA TITAN RTX, 36, 12931, 24576
2026/04/24 00:57:48.811, NVIDIA TITAN RTX, 36, 12931, 24576
2026/04/24 00:57:49.812, NVIDIA TITAN RTX, 36, 12931, 24576
2026/04/24 00:57:50.813, NVIDIA TITAN RTX, 36, 12931, 24576
2026/04/24 00:57:51.814, NVIDIA TITAN RTX, 36, 12931, 24576
2026/04/24 00:57:52.815, NVIDIA TITAN RTX, 36, 12931, 24576
2026/04/24 00:57:53.817, NVIDIA TITAN RTX, 36, 12931, 24576
2026/04/24 00:57:54.818, NVIDIA TITAN RTX, 36, 12931, 24576
2026/04/24 00:57:55.819, NVIDIA TITAN RTX, 36, 12931, 24576
2026/04/24 00:57:56.821, NVIDIA TITAN RTX, 36, 12931, 24576
2026/04/24 00:57:57.822, NVIDIA TITAN RTX, 36, 12931, 24576
2026/04/24 00:57:58.823, NVIDIA TITAN RTX, 36, 12931, 24576
2026/04/24 00:57:59.824, NVIDIA TITAN RTX, 3, 12931, 24576
2026/04/24 00:58:00.825, NVIDIA TITAN RTX, 45, 12931, 24576
2026/04/24 00:58:01.826, NVIDIA TITAN RTX, 27, 12931, 24576
2026/04/24 00:58:02.827, NVIDIA TITAN RTX, 33, 12931, 24576
2026/04/24 00:58:03.829, NVIDIA TITAN RTX, 36, 12931, 24576
2026/04/24 00:58:04.830, NVIDIA TITAN RTX, 36, 12931, 24576
2026/04/24 00:58:05.831, NVIDIA TITAN RTX, 35, 12931, 24576
2026/04/24 00:58:06.832, NVIDIA TITAN RTX, 35, 12931, 24576
2026/04/24 00:58:07.834, NVIDIA TITAN RTX, 35, 12931, 24576
2026/04/24 00:58:08.835, NVIDIA TITAN RTX, 35, 12931, 24576
2026/04/24 00:58:09.837, NVIDIA TITAN RTX, 36, 12931, 24576
2026/04/24 00:58:10.838, NVIDIA TITAN RTX, 36, 12931, 24576
2026/04/24 00:58:11.839, NVIDIA TITAN RTX, 36, 12931, 24576
2026/04/24 00:58:12.841, NVIDIA TITAN RTX, 35, 12931, 24576
2026/04/24 00:58:13.842, NVIDIA TITAN RTX, 36, 12931, 24576
2026/04/24 00:58:14.843, NVIDIA TITAN RTX, 36, 12931, 24576
2026/04/24 00:58:15.844, NVIDIA TITAN RTX, 35, 12931, 24576
2026/04/24 00:58:16.845, NVIDIA TITAN RTX, 35, 12931, 24576
2026/04/24 00:58:17.847, NVIDIA TITAN RTX, 36, 12931, 24576
2026/04/24 00:58:18.848, NVIDIA TITAN RTX, 36, 12931, 24576
2026/04/24 00:58:19.849, NVIDIA TITAN RTX, 36, 12931, 24576
2026/04/24 00:58:20.850, NVIDIA TITAN RTX, 35, 12931, 24576
2026/04/24 00:58:21.853, NVIDIA TITAN RTX, 35, 12931, 24576
2026/04/24 00:58:22.854, NVIDIA TITAN RTX, 35, 12931, 24576
2026/04/24 00:58:23.855, NVIDIA TITAN RTX, 35, 12931, 24576
2026/04/24 00:58:24.856, NVIDIA TITAN RTX, 35, 12931, 24576
2026/04/24 00:58:25.857, NVIDIA TITAN RTX, 35, 12931, 24576
2026/04/24 00:58:26.859, NVIDIA TITAN RTX, 35, 12931, 24576
2026/04/24 00:58:27.860, NVIDIA TITAN RTX, 35, 12931, 24576
2026/04/24 00:58:28.861, NVIDIA TITAN RTX, 35, 12931, 24576
2026/04/24 00:58:29.863, NVIDIA TITAN RTX, 35, 12931, 24576
2026/04/24 00:58:30.864, NVIDIA TITAN RTX, 35, 12931, 24576
2026/04/24 00:58:31.865, NVIDIA TITAN RTX, 35, 12931, 24576
2026/04/24 00:58:32.866, NVIDIA TITAN RTX, 35, 12931, 24576
2026/04/24 00:58:33.868, NVIDIA TITAN RTX, 35, 12931, 24576
2026/04/24 00:58:34.869, NVIDIA TITAN RTX, 35, 12931, 24576
2026/04/24 00:58:35.871, NVIDIA TITAN RTX, 35, 12931, 24576
2026/04/24 00:58:36.872, NVIDIA TITAN RTX, 36, 12931, 24576
2026/04/24 00:58:37.873, NVIDIA TITAN RTX, 36, 12931, 24576
2026/04/24 00:58:38.874, NVIDIA TITAN RTX, 36, 12931, 24576
2026/04/24 00:58:39.875, NVIDIA TITAN RTX, 36, 12931, 24576
2026/04/24 00:58:40.877, NVIDIA TITAN RTX, 36, 12931, 24576
2026/04/24 00:58:41.878, NVIDIA TITAN RTX, 36, 12931, 24576
2026/04/24 00:58:42.879, NVIDIA TITAN RTX, 36, 12931, 24576
2026/04/24 00:58:43.880, NVIDIA TITAN RTX, 36, 12931, 24576
2026/04/24 00:58:44.881, NVIDIA TITAN RTX, 36, 12931, 24576
2026/04/24 00:58:45.882, NVIDIA TITAN RTX, 36, 12931, 24576
2026/04/24 00:58:46.884, NVIDIA TITAN RTX, 36, 12931, 24576
2026/04/24 00:58:47.885, NVIDIA TITAN RTX, 36, 12931, 24576
2026/04/24 00:58:48.887, NVIDIA TITAN RTX, 36, 12931, 24576
2026/04/24 00:58:49.888, NVIDIA TITAN RTX, 14, 12931, 24576
2026/04/24 00:58:50.890, NVIDIA TITAN RTX, 46, 16355, 24576
2026/04/24 00:58:51.893, NVIDIA TITAN RTX, 100, 16355, 24576
2026/04/24 00:58:52.894, NVIDIA TITAN RTX, 47, 16355, 24576
2026/04/24 00:58:53.895, NVIDIA TITAN RTX, 29, 16355, 24576
2026/04/24 00:58:54.896, NVIDIA TITAN RTX, 34, 16355, 24576
2026/04/24 00:58:55.897, NVIDIA TITAN RTX, 36, 16355, 24576
2026/04/24 00:58:56.898, NVIDIA TITAN RTX, 37, 16355, 24576
2026/04/24 00:58:57.899, NVIDIA TITAN RTX, 37, 16355, 24576
2026/04/24 00:58:58.901, NVIDIA TITAN RTX, 37, 16355, 24576
2026/04/24 00:58:59.902, NVIDIA TITAN RTX, 37, 16355, 24576
2026/04/24 00:59:00.903, NVIDIA TITAN RTX, 37, 16355, 24576
2026/04/24 00:59:01.906, NVIDIA TITAN RTX, 37, 16355, 24576
2026/04/24 00:59:02.907, NVIDIA TITAN RTX, 37, 16355, 24576
2026/04/24 00:59:03.908, NVIDIA TITAN RTX, 37, 16355, 24576
2026/04/24 00:59:04.909, NVIDIA TITAN RTX, 37, 16355, 24576
2026/04/24 00:59:05.910, NVIDIA TITAN RTX, 37, 16355, 24576
2026/04/24 00:59:06.912, NVIDIA TITAN RTX, 38, 16355, 24576
2026/04/24 00:59:07.913, NVIDIA TITAN RTX, 38, 16355, 24576
2026/04/24 00:59:08.914, NVIDIA TITAN RTX, 38, 16355, 24576
2026/04/24 00:59:09.915, NVIDIA TITAN RTX, 37, 16355, 24576
2026/04/24 00:59:10.916, NVIDIA TITAN RTX, 38, 16355, 24576
2026/04/24 00:59:11.919, NVIDIA TITAN RTX, 38, 16355, 24576
2026/04/24 00:59:12.920, NVIDIA TITAN RTX, 38, 16355, 24576
2026/04/24 00:59:13.921, NVIDIA TITAN RTX, 38, 16355, 24576
2026/04/24 00:59:14.922, NVIDIA TITAN RTX, 38, 16355, 24576
2026/04/24 00:59:15.924, NVIDIA TITAN RTX, 38, 16355, 24576
2026/04/24 00:59:16.925, NVIDIA TITAN RTX, 38, 16355, 24576
2026/04/24 00:59:17.927, NVIDIA TITAN RTX, 38, 16355, 24576
2026/04/24 00:59:18.928, NVIDIA TITAN RTX, 38, 16355, 24576
2026/04/24 00:59:19.929, NVIDIA TITAN RTX, 38, 16355, 24576
2026/04/24 00:59:20.930, NVIDIA TITAN RTX, 38, 16355, 24576
2026/04/24 00:59:21.931, NVIDIA TITAN RTX, 38, 16355, 24576
2026/04/24 00:59:22.932, NVIDIA TITAN RTX, 38, 16355, 24576
2026/04/24 00:59:23.934, NVIDIA TITAN RTX, 38, 16355, 24576
2026/04/24 00:59:24.935, NVIDIA TITAN RTX, 38, 16355, 24576
2026/04/24 00:59:25.937, NVIDIA TITAN RTX, 38, 16355, 24576
2026/04/24 00:59:26.938, NVIDIA TITAN RTX, 38, 16355, 24576
2026/04/24 00:59:27.939, NVIDIA TITAN RTX, 38, 16355, 24576
2026/04/24 00:59:28.940, NVIDIA TITAN RTX, 38, 16355, 24576
2026/04/24 00:59:29.942, NVIDIA TITAN RTX, 38, 16355, 24576
2026/04/24 00:59:30.943, NVIDIA TITAN RTX, 38, 16355, 24576
2026/04/24 00:59:31.944, NVIDIA TITAN RTX, 38, 16355, 24576
2026/04/24 00:59:32.945, NVIDIA TITAN RTX, 39, 16355, 24576
2026/04/24 00:59:33.946, NVIDIA TITAN RTX, 38, 16355, 24576
2026/04/24 00:59:34.947, NVIDIA TITAN RTX, 6, 16355, 24576
2026/04/24 00:59:35.949, NVIDIA TITAN RTX, 64, 16355, 24576
2026/04/24 00:59:36.950, NVIDIA TITAN RTX, 27, 16355, 24576
2026/04/24 00:59:37.951, NVIDIA TITAN RTX, 30, 16355, 24576
2026/04/24 00:59:38.951, NVIDIA TITAN RTX, 36, 16355, 24576
2026/04/24 00:59:39.953, NVIDIA TITAN RTX, 36, 16355, 24576
2026/04/24 00:59:40.954, NVIDIA TITAN RTX, 36, 16355, 24576
2026/04/24 00:59:41.955, NVIDIA TITAN RTX, 36, 16355, 24576
2026/04/24 00:59:42.956, NVIDIA TITAN RTX, 36, 16355, 24576
2026/04/24 00:59:43.957, NVIDIA TITAN RTX, 36, 16355, 24576
2026/04/24 00:59:44.959, NVIDIA TITAN RTX, 36, 16355, 24576
2026/04/24 00:59:45.960, NVIDIA TITAN RTX, 36, 16355, 24576
2026/04/24 00:59:46.962, NVIDIA TITAN RTX, 36, 16355, 24576
2026/04/24 00:59:47.963, NVIDIA TITAN RTX, 36, 16355, 24576
2026/04/24 00:59:48.964, NVIDIA TITAN RTX, 36, 16355, 24576
2026/04/24 00:59:49.965, NVIDIA TITAN RTX, 36, 16355, 24576
2026/04/24 00:59:50.968, NVIDIA TITAN RTX, 36, 16355, 24576
2026/04/24 00:59:51.969, NVIDIA TITAN RTX, 36, 16355, 24576
2026/04/24 00:59:52.970, NVIDIA TITAN RTX, 36, 16355, 24576
2026/04/24 00:59:53.971, NVIDIA TITAN RTX, 36, 16355, 24576
2026/04/24 00:59:54.972, NVIDIA TITAN RTX, 36, 16355, 24576
2026/04/24 00:59:55.974, NVIDIA TITAN RTX, 36, 16355, 24576
2026/04/24 00:59:56.975, NVIDIA TITAN RTX, 36, 16355, 24576
2026/04/24 00:59:57.976, NVIDIA TITAN RTX, 36, 16355, 24576
2026/04/24 00:59:58.977, NVIDIA TITAN RTX, 36, 16355, 24576
2026/04/24 00:59:59.979, NVIDIA TITAN RTX, 36, 16355, 24576
2026/04/24 01:00:00.980, NVIDIA TITAN RTX, 36, 16355, 24576
2026/04/24 01:00:01.982, NVIDIA TITAN RTX, 36, 16355, 24576
2026/04/24 01:00:02.983, NVIDIA TITAN RTX, 36, 16355, 24576
2026/04/24 01:00:03.984, NVIDIA TITAN RTX, 36, 16355, 24576
2026/04/24 01:00:04.986, NVIDIA TITAN RTX, 36, 16355, 24576
2026/04/24 01:00:05.987, NVIDIA TITAN RTX, 36, 16355, 24576
2026/04/24 01:00:06.988, NVIDIA TITAN RTX, 36, 16355, 24576
2026/04/24 01:00:07.989, NVIDIA TITAN RTX, 36, 16355, 24576
2026/04/24 01:00:08.991, NVIDIA TITAN RTX, 36, 16355, 24576
2026/04/24 01:00:09.992, NVIDIA TITAN RTX, 36, 16355, 24576
2026/04/24 01:00:10.993, NVIDIA TITAN RTX, 36, 16355, 24576
2026/04/24 01:00:11.996, NVIDIA TITAN RTX, 36, 16355, 24576
2026/04/24 01:00:12.997, NVIDIA TITAN RTX, 36, 16355, 24576
2026/04/24 01:00:13.998, NVIDIA TITAN RTX, 36, 16355, 24576
2026/04/24 01:00:14.999, NVIDIA TITAN RTX, 36, 16355, 24576
2026/04/24 01:00:16.001, NVIDIA TITAN RTX, 36, 16355, 24576
2026/04/24 01:00:17.002, NVIDIA TITAN RTX, 36, 16355, 24576
2026/04/24 01:00:18.003, NVIDIA TITAN RTX, 36, 16355, 24576
2026/04/24 01:00:19.004, NVIDIA TITAN RTX, 36, 16355, 24576
2026/04/24 01:00:20.006, NVIDIA TITAN RTX, 36, 16355, 24576
2026/04/24 01:00:21.007, NVIDIA TITAN RTX, 36, 16355, 24576
2026/04/24 01:00:22.008, NVIDIA TITAN RTX, 36, 16355, 24576
2026/04/24 01:00:23.009, NVIDIA TITAN RTX, 36, 16355, 24576
2026/04/24 01:00:24.010, NVIDIA TITAN RTX, 36, 16355, 24576
2026/04/24 01:00:25.012, NVIDIA TITAN RTX, 37, 16355, 24576
2026/04/24 01:00:26.013, NVIDIA TITAN RTX, 36, 16355, 24576
2026/04/24 01:00:27.014, NVIDIA TITAN RTX, 36, 16355, 24576
2026/04/24 01:00:28.015, NVIDIA TITAN RTX, 36, 16355, 24576
2026/04/24 01:00:29.016, NVIDIA TITAN RTX, 37, 16355, 24576
2026/04/24 01:00:30.017, NVIDIA TITAN RTX, 37, 16355, 24576
2026/04/24 01:00:31.019, NVIDIA TITAN RTX, 37, 16355, 24576
2026/04/24 01:00:32.020, NVIDIA TITAN RTX, 37, 16355, 24576
2026/04/24 01:00:33.022, NVIDIA TITAN RTX, 26, 16355, 24576
2026/04/24 01:00:34.023, NVIDIA TITAN RTX, 25, 16355, 24576
2026/04/24 01:00:35.024, NVIDIA TITAN RTX, 52, 16355, 24576
2026/04/24 01:00:36.025, NVIDIA TITAN RTX, 27, 16355, 24576
2026/04/24 01:00:37.026, NVIDIA TITAN RTX, 33, 16355, 24576
2026/04/24 01:00:38.028, NVIDIA TITAN RTX, 36, 16355, 24576
2026/04/24 01:00:39.029, NVIDIA TITAN RTX, 36, 16355, 24576
2026/04/24 01:00:40.030, NVIDIA TITAN RTX, 35, 16355, 24576
2026/04/24 01:00:41.031, NVIDIA TITAN RTX, 36, 16355, 24576
2026/04/24 01:00:42.032, NVIDIA TITAN RTX, 36, 16355, 24576
2026/04/24 01:00:43.034, NVIDIA TITAN RTX, 36, 16355, 24576
2026/04/24 01:00:44.035, NVIDIA TITAN RTX, 36, 16355, 24576
2026/04/24 01:00:45.036, NVIDIA TITAN RTX, 36, 16355, 24576
2026/04/24 01:00:46.037, NVIDIA TITAN RTX, 36, 16355, 24576
2026/04/24 01:00:47.038, NVIDIA TITAN RTX, 36, 16355, 24576
2026/04/24 01:00:48.039, NVIDIA TITAN RTX, 36, 16355, 24576
2026/04/24 01:00:49.041, NVIDIA TITAN RTX, 36, 16355, 24576
2026/04/24 01:00:50.042, NVIDIA TITAN RTX, 36, 16355, 24576
2026/04/24 01:00:51.043, NVIDIA TITAN RTX, 36, 16355, 24576
2026/04/24 01:00:52.044, NVIDIA TITAN RTX, 36, 16355, 24576
2026/04/24 01:00:53.046, NVIDIA TITAN RTX, 36, 16355, 24576
2026/04/24 01:00:54.047, NVIDIA TITAN RTX, 36, 16355, 24576
2026/04/24 01:00:55.049, NVIDIA TITAN RTX, 36, 16355, 24576
2026/04/24 01:00:56.050, NVIDIA TITAN RTX, 36, 16355, 24576
2026/04/24 01:00:57.051, NVIDIA TITAN RTX, 36, 16355, 24576
2026/04/24 01:00:58.053, NVIDIA TITAN RTX, 36, 16355, 24576
2026/04/24 01:00:59.054, NVIDIA TITAN RTX, 36, 16355, 24576
2026/04/24 01:01:00.056, NVIDIA TITAN RTX, 36, 16355, 24576
2026/04/24 01:01:01.057, NVIDIA TITAN RTX, 36, 16355, 24576
2026/04/24 01:01:02.058, NVIDIA TITAN RTX, 36, 16355, 24576
2026/04/24 01:01:03.059, NVIDIA TITAN RTX, 36, 16355, 24576
2026/04/24 01:01:04.060, NVIDIA TITAN RTX, 36, 16355, 24576
2026/04/24 01:01:05.061, NVIDIA TITAN RTX, 36, 16355, 24576
2026/04/24 01:01:06.063, NVIDIA TITAN RTX, 37, 16355, 24576
2026/04/24 01:01:07.064, NVIDIA TITAN RTX, 37, 16355, 24576
2026/04/24 01:01:08.066, NVIDIA TITAN RTX, 37, 16355, 24576
2026/04/24 01:01:09.067, NVIDIA TITAN RTX, 37, 16355, 24576
2026/04/24 01:01:10.068, NVIDIA TITAN RTX, 37, 16355, 24576
2026/04/24 01:01:11.070, NVIDIA TITAN RTX, 37, 16355, 24576
2026/04/24 01:01:12.071, NVIDIA TITAN RTX, 37, 16355, 24576
2026/04/24 01:01:13.072, NVIDIA TITAN RTX, 37, 16355, 24576
2026/04/24 01:01:14.073, NVIDIA TITAN RTX, 37, 16355, 24576
2026/04/24 01:01:15.074, NVIDIA TITAN RTX, 37, 16355, 24576
2026/04/24 01:01:16.075, NVIDIA TITAN RTX, 37, 16355, 24576
2026/04/24 01:01:17.079, NVIDIA TITAN RTX, 38, 16355, 24576
2026/04/24 01:01:18.080, NVIDIA TITAN RTX, 5, 16355, 24576
2026/04/24 01:01:19.081, NVIDIA TITAN RTX, 46, 16355, 24576
2026/04/24 01:01:20.082, NVIDIA TITAN RTX, 27, 16355, 24576
2026/04/24 01:01:21.084, NVIDIA TITAN RTX, 33, 16355, 24576
2026/04/24 01:01:22.085, NVIDIA TITAN RTX, 35, 16355, 24576
2026/04/24 01:01:23.086, NVIDIA TITAN RTX, 36, 16355, 24576
2026/04/24 01:01:24.088, NVIDIA TITAN RTX, 36, 16355, 24576
2026/04/24 01:01:25.089, NVIDIA TITAN RTX, 35, 16355, 24576
2026/04/24 01:01:26.091, NVIDIA TITAN RTX, 35, 16355, 24576
2026/04/24 01:01:27.092, NVIDIA TITAN RTX, 36, 16355, 24576
2026/04/24 01:01:28.093, NVIDIA TITAN RTX, 36, 16355, 24576
2026/04/24 01:01:29.094, NVIDIA TITAN RTX, 35, 16355, 24576
2026/04/24 01:01:30.095, NVIDIA TITAN RTX, 36, 16355, 24576
2026/04/24 01:01:31.096, NVIDIA TITAN RTX, 36, 16355, 24576
2026/04/24 01:01:32.098, NVIDIA TITAN RTX, 36, 16355, 24576
2026/04/24 01:01:33.099, NVIDIA TITAN RTX, 36, 16355, 24576
2026/04/24 01:01:34.100, NVIDIA TITAN RTX, 36, 16355, 24576
2026/04/24 01:01:35.101, NVIDIA TITAN RTX, 36, 16355, 24576
2026/04/24 01:01:36.102, NVIDIA TITAN RTX, 36, 16355, 24576
2026/04/24 01:01:37.103, NVIDIA TITAN RTX, 36, 16355, 24576
2026/04/24 01:01:38.105, NVIDIA TITAN RTX, 36, 16355, 24576
2026/04/24 01:01:39.106, NVIDIA TITAN RTX, 36, 16355, 24576
2026/04/24 01:01:40.107, NVIDIA TITAN RTX, 36, 16355, 24576
2026/04/24 01:01:41.108, NVIDIA TITAN RTX, 36, 16355, 24576
2026/04/24 01:01:42.110, NVIDIA TITAN RTX, 36, 16355, 24576
2026/04/24 01:01:43.111, NVIDIA TITAN RTX, 36, 16355, 24576
2026/04/24 01:01:44.112, NVIDIA TITAN RTX, 36, 16355, 24576
2026/04/24 01:01:45.113, NVIDIA TITAN RTX, 36, 16355, 24576
2026/04/24 01:01:46.114, NVIDIA TITAN RTX, 36, 16355, 24576
2026/04/24 01:01:47.116, NVIDIA TITAN RTX, 36, 16355, 24576
2026/04/24 01:01:48.117, NVIDIA TITAN RTX, 36, 16355, 24576
2026/04/24 01:01:49.118, NVIDIA TITAN RTX, 36, 16355, 24576
2026/04/24 01:01:50.119, NVIDIA TITAN RTX, 36, 16355, 24576
2026/04/24 01:01:51.121, NVIDIA TITAN RTX, 36, 16355, 24576
2026/04/24 01:01:52.122, NVIDIA TITAN RTX, 36, 16355, 24576
2026/04/24 01:01:53.123, NVIDIA TITAN RTX, 36, 16355, 24576
2026/04/24 01:01:54.124, NVIDIA TITAN RTX, 36, 16355, 24576
2026/04/24 01:01:55.125, NVIDIA TITAN RTX, 36, 16355, 24576
2026/04/24 01:01:56.126, NVIDIA TITAN RTX, 36, 16355, 24576
2026/04/24 01:01:57.127, NVIDIA TITAN RTX, 36, 16355, 24576
2026/04/24 01:01:58.129, NVIDIA TITAN RTX, 36, 16355, 24576
2026/04/24 01:01:59.130, NVIDIA TITAN RTX, 36, 16355, 24576
2026/04/24 01:02:00.131, NVIDIA TITAN RTX, 36, 16355, 24576
2026/04/24 01:02:01.132, NVIDIA TITAN RTX, 20, 16355, 24576
2026/04/24 01:02:02.134, NVIDIA TITAN RTX, 38, 16355, 24576
2026/04/24 01:02:03.137, NVIDIA TITAN RTX, 99, 16355, 24576
2026/04/24 01:02:04.138, NVIDIA TITAN RTX, 29, 16355, 24576
2026/04/24 01:02:05.139, NVIDIA TITAN RTX, 30, 16355, 24576
2026/04/24 01:02:06.140, NVIDIA TITAN RTX, 36, 16355, 24576
2026/04/24 01:02:07.141, NVIDIA TITAN RTX, 36, 16355, 24576
2026/04/24 01:02:08.143, NVIDIA TITAN RTX, 37, 16355, 24576
2026/04/24 01:02:09.144, NVIDIA TITAN RTX, 37, 16355, 24576
2026/04/24 01:02:10.145, NVIDIA TITAN RTX, 37, 16355, 24576
2026/04/24 01:02:11.146, NVIDIA TITAN RTX, 37, 16355, 24576
2026/04/24 01:02:12.147, NVIDIA TITAN RTX, 37, 16355, 24576
2026/04/24 01:02:13.150, NVIDIA TITAN RTX, 37, 16355, 24576
2026/04/24 01:02:14.152, NVIDIA TITAN RTX, 37, 16355, 24576
2026/04/24 01:02:15.153, NVIDIA TITAN RTX, 37, 16355, 24576
2026/04/24 01:02:16.154, NVIDIA TITAN RTX, 37, 16355, 24576
2026/04/24 01:02:17.155, NVIDIA TITAN RTX, 37, 16355, 24576
2026/04/24 01:02:18.157, NVIDIA TITAN RTX, 38, 16355, 24576
2026/04/24 01:02:19.158, NVIDIA TITAN RTX, 38, 16355, 24576
2026/04/24 01:02:20.159, NVIDIA TITAN RTX, 38, 16355, 24576
2026/04/24 01:02:21.160, NVIDIA TITAN RTX, 38, 16355, 24576
2026/04/24 01:02:22.162, NVIDIA TITAN RTX, 38, 16355, 24576
2026/04/24 01:02:23.163, NVIDIA TITAN RTX, 38, 16355, 24576
2026/04/24 01:02:24.164, NVIDIA TITAN RTX, 38, 16355, 24576
2026/04/24 01:02:25.165, NVIDIA TITAN RTX, 38, 16355, 24576
2026/04/24 01:02:26.166, NVIDIA TITAN RTX, 38, 16355, 24576
2026/04/24 01:02:27.167, NVIDIA TITAN RTX, 38, 16355, 24576
2026/04/24 01:02:28.169, NVIDIA TITAN RTX, 38, 16355, 24576
2026/04/24 01:02:29.170, NVIDIA TITAN RTX, 38, 16355, 24576
2026/04/24 01:02:30.171, NVIDIA TITAN RTX, 38, 16355, 24576
2026/04/24 01:02:31.172, NVIDIA TITAN RTX, 38, 16355, 24576
2026/04/24 01:02:32.173, NVIDIA TITAN RTX, 38, 16355, 24576
2026/04/24 01:02:33.175, NVIDIA TITAN RTX, 38, 16355, 24576
2026/04/24 01:02:34.176, NVIDIA TITAN RTX, 38, 16355, 24576
2026/04/24 01:02:35.177, NVIDIA TITAN RTX, 38, 16355, 24576
2026/04/24 01:02:36.179, NVIDIA TITAN RTX, 38, 16355, 24576
2026/04/24 01:02:37.180, NVIDIA TITAN RTX, 38, 16355, 24576
2026/04/24 01:02:38.181, NVIDIA TITAN RTX, 38, 16355, 24576
2026/04/24 01:02:39.182, NVIDIA TITAN RTX, 38, 16355, 24576
2026/04/24 01:02:40.183, NVIDIA TITAN RTX, 37, 16355, 24576
2026/04/24 01:02:41.185, NVIDIA TITAN RTX, 37, 16355, 24576
2026/04/24 01:02:42.187, NVIDIA TITAN RTX, 37, 16355, 24576
2026/04/24 01:02:43.188, NVIDIA TITAN RTX, 38, 16355, 24576
2026/04/24 01:02:44.189, NVIDIA TITAN RTX, 38, 16355, 24576
2026/04/24 01:02:45.190, NVIDIA TITAN RTX, 38, 16355, 24576
2026/04/24 01:02:46.191, NVIDIA TITAN RTX, 27, 16355, 24576
2026/04/24 01:02:47.193, NVIDIA TITAN RTX, 21, 16355, 24576
2026/04/24 01:02:48.194, NVIDIA TITAN RTX, 53, 16355, 24576
2026/04/24 01:02:49.195, NVIDIA TITAN RTX, 28, 16355, 24576
2026/04/24 01:02:50.196, NVIDIA TITAN RTX, 34, 16355, 24576
2026/04/24 01:02:51.197, NVIDIA TITAN RTX, 36, 16355, 24576
2026/04/24 01:02:52.198, NVIDIA TITAN RTX, 36, 16355, 24576
2026/04/24 01:02:53.200, NVIDIA TITAN RTX, 36, 16355, 24576
2026/04/24 01:02:54.201, NVIDIA TITAN RTX, 36, 16355, 24576
2026/04/24 01:02:55.202, NVIDIA TITAN RTX, 36, 16355, 24576
2026/04/24 01:02:56.203, NVIDIA TITAN RTX, 36, 16355, 24576
2026/04/24 01:02:57.206, NVIDIA TITAN RTX, 37, 16355, 24576
2026/04/24 01:02:58.207, NVIDIA TITAN RTX, 36, 16355, 24576
2026/04/24 01:02:59.208, NVIDIA TITAN RTX, 36, 16355, 24576
2026/04/24 01:03:00.209, NVIDIA TITAN RTX, 36, 16355, 24576
2026/04/24 01:03:01.210, NVIDIA TITAN RTX, 36, 16355, 24576
2026/04/24 01:03:02.211, NVIDIA TITAN RTX, 36, 16355, 24576
2026/04/24 01:03:03.213, NVIDIA TITAN RTX, 36, 16355, 24576
2026/04/24 01:03:04.214, NVIDIA TITAN RTX, 36, 16355, 24576
2026/04/24 01:03:05.215, NVIDIA TITAN RTX, 36, 16355, 24576
2026/04/24 01:03:06.216, NVIDIA TITAN RTX, 36, 16355, 24576
2026/04/24 01:03:07.217, NVIDIA TITAN RTX, 36, 16355, 24576
2026/04/24 01:03:08.218, NVIDIA TITAN RTX, 36, 16355, 24576
2026/04/24 01:03:09.219, NVIDIA TITAN RTX, 36, 16355, 24576
2026/04/24 01:03:10.222, NVIDIA TITAN RTX, 36, 16355, 24576
2026/04/24 01:03:11.223, NVIDIA TITAN RTX, 36, 16355, 24576
2026/04/24 01:03:12.224, NVIDIA TITAN RTX, 36, 16355, 24576
2026/04/24 01:03:13.225, NVIDIA TITAN RTX, 36, 16355, 24576
2026/04/24 01:03:14.226, NVIDIA TITAN RTX, 36, 16355, 24576
2026/04/24 01:03:15.228, NVIDIA TITAN RTX, 36, 16355, 24576
2026/04/24 01:03:16.229, NVIDIA TITAN RTX, 36, 16355, 24576
2026/04/24 01:03:17.230, NVIDIA TITAN RTX, 36, 16355, 24576
2026/04/24 01:03:18.232, NVIDIA TITAN RTX, 36, 16355, 24576
2026/04/24 01:03:19.233, NVIDIA TITAN RTX, 36, 16355, 24576
2026/04/24 01:03:20.234, NVIDIA TITAN RTX, 36, 16355, 24576
2026/04/24 01:03:21.235, NVIDIA TITAN RTX, 36, 16355, 24576
2026/04/24 01:03:22.237, NVIDIA TITAN RTX, 36, 16355, 24576
2026/04/24 01:03:23.238, NVIDIA TITAN RTX, 36, 16355, 24576
2026/04/24 01:03:24.239, NVIDIA TITAN RTX, 36, 16355, 24576
2026/04/24 01:03:25.240, NVIDIA TITAN RTX, 36, 16355, 24576
2026/04/24 01:03:26.241, NVIDIA TITAN RTX, 36, 16355, 24576
2026/04/24 01:03:27.242, NVIDIA TITAN RTX, 36, 16355, 24576
2026/04/24 01:03:28.244, NVIDIA TITAN RTX, 36, 16355, 24576
2026/04/24 01:03:29.245, NVIDIA TITAN RTX, 36, 16355, 24576
2026/04/24 01:03:30.246, NVIDIA TITAN RTX, 36, 16355, 24576
2026/04/24 01:03:31.247, NVIDIA TITAN RTX, 3, 16355, 24576
2026/04/24 01:03:32.248, NVIDIA TITAN RTX, 44, 16355, 24576
2026/04/24 01:03:33.249, NVIDIA TITAN RTX, 27, 16355, 24576
2026/04/24 01:03:34.250, NVIDIA TITAN RTX, 33, 16355, 24576
2026/04/24 01:03:35.251, NVIDIA TITAN RTX, 35, 16355, 24576
2026/04/24 01:03:36.252, NVIDIA TITAN RTX, 35, 16355, 24576
2026/04/24 01:03:37.253, NVIDIA TITAN RTX, 35, 16355, 24576
2026/04/24 01:03:38.254, NVIDIA TITAN RTX, 35, 16355, 24576
2026/04/24 01:03:39.256, NVIDIA TITAN RTX, 35, 16355, 24576
2026/04/24 01:03:40.257, NVIDIA TITAN RTX, 35, 16355, 24576
2026/04/24 01:03:41.258, NVIDIA TITAN RTX, 35, 16355, 24576
2026/04/24 01:03:42.259, NVIDIA TITAN RTX, 35, 16355, 24576
2026/04/24 01:03:43.260, NVIDIA TITAN RTX, 35, 16355, 24576
2026/04/24 01:03:44.261, NVIDIA TITAN RTX, 35, 16355, 24576
2026/04/24 01:03:45.263, NVIDIA TITAN RTX, 35, 16355, 24576
2026/04/24 01:03:46.265, NVIDIA TITAN RTX, 35, 16355, 24576
2026/04/24 01:03:47.266, NVIDIA TITAN RTX, 35, 16355, 24576
2026/04/24 01:03:48.267, NVIDIA TITAN RTX, 35, 16355, 24576
2026/04/24 01:03:49.269, NVIDIA TITAN RTX, 35, 16355, 24576
2026/04/24 01:03:50.270, NVIDIA TITAN RTX, 35, 16355, 24576
2026/04/24 01:03:51.271, NVIDIA TITAN RTX, 35, 16355, 24576
2026/04/24 01:03:52.272, NVIDIA TITAN RTX, 35, 16355, 24576
2026/04/24 01:03:53.273, NVIDIA TITAN RTX, 35, 16355, 24576
2026/04/24 01:03:54.274, NVIDIA TITAN RTX, 35, 16355, 24576
2026/04/24 01:03:55.275, NVIDIA TITAN RTX, 35, 16355, 24576
2026/04/24 01:03:56.278, NVIDIA TITAN RTX, 35, 16355, 24576
2026/04/24 01:03:57.279, NVIDIA TITAN RTX, 35, 16355, 24576
2026/04/24 01:03:58.280, NVIDIA TITAN RTX, 35, 16355, 24576
2026/04/24 01:03:59.281, NVIDIA TITAN RTX, 35, 16355, 24576
2026/04/24 01:04:00.283, NVIDIA TITAN RTX, 35, 16355, 24576
2026/04/24 01:04:01.284, NVIDIA TITAN RTX, 35, 16355, 24576
2026/04/24 01:04:02.285, NVIDIA TITAN RTX, 36, 16355, 24576
2026/04/24 01:04:03.286, NVIDIA TITAN RTX, 35, 16355, 24576
2026/04/24 01:04:04.287, NVIDIA TITAN RTX, 35, 16355, 24576
2026/04/24 01:04:05.289, NVIDIA TITAN RTX, 36, 16355, 24576
2026/04/24 01:04:06.290, NVIDIA TITAN RTX, 36, 16355, 24576
2026/04/24 01:04:07.291, NVIDIA TITAN RTX, 36, 16355, 24576
2026/04/24 01:04:08.292, NVIDIA TITAN RTX, 36, 16355, 24576
2026/04/24 01:04:09.293, NVIDIA TITAN RTX, 36, 16355, 24576
2026/04/24 01:04:10.295, NVIDIA TITAN RTX, 36, 16355, 24576
2026/04/24 01:04:11.296, NVIDIA TITAN RTX, 36, 16355, 24576
2026/04/24 01:04:12.297, NVIDIA TITAN RTX, 17, 16355, 24576
2026/04/24 01:04:13.298, NVIDIA TITAN RTX, 36, 16355, 24576
2026/04/24 01:04:14.299, NVIDIA TITAN RTX, 27, 16355, 24576
2026/04/24 01:04:15.300, NVIDIA TITAN RTX, 29, 16355, 24576
2026/04/24 01:04:16.301, NVIDIA TITAN RTX, 35, 16355, 24576
2026/04/24 01:04:17.302, NVIDIA TITAN RTX, 35, 16355, 24576
2026/04/24 01:04:18.303, NVIDIA TITAN RTX, 35, 16355, 24576
2026/04/24 01:04:19.306, NVIDIA TITAN RTX, 35, 16355, 24576
2026/04/24 01:04:20.307, NVIDIA TITAN RTX, 35, 16355, 24576
2026/04/24 01:04:21.308, NVIDIA TITAN RTX, 35, 16355, 24576
2026/04/24 01:04:22.309, NVIDIA TITAN RTX, 35, 16355, 24576
2026/04/24 01:04:23.312, NVIDIA TITAN RTX, 35, 16355, 24576
2026/04/24 01:04:24.313, NVIDIA TITAN RTX, 35, 16355, 24576
2026/04/24 01:04:25.315, NVIDIA TITAN RTX, 35, 16355, 24576
2026/04/24 01:04:26.316, NVIDIA TITAN RTX, 35, 16355, 24576
2026/04/24 01:04:27.317, NVIDIA TITAN RTX, 35, 16355, 24576
2026/04/24 01:04:28.318, NVIDIA TITAN RTX, 35, 16355, 24576
2026/04/24 01:04:29.319, NVIDIA TITAN RTX, 35, 16355, 24576
2026/04/24 01:04:30.321, NVIDIA TITAN RTX, 35, 16355, 24576
2026/04/24 01:04:31.322, NVIDIA TITAN RTX, 35, 16355, 24576
2026/04/24 01:04:32.323, NVIDIA TITAN RTX, 35, 16355, 24576
2026/04/24 01:04:33.325, NVIDIA TITAN RTX, 35, 16355, 24576
2026/04/24 01:04:34.326, NVIDIA TITAN RTX, 35, 16355, 24576
2026/04/24 01:04:35.327, NVIDIA TITAN RTX, 35, 16355, 24576
2026/04/24 01:04:36.328, NVIDIA TITAN RTX, 35, 16355, 24576
2026/04/24 01:04:37.329, NVIDIA TITAN RTX, 35, 16355, 24576
2026/04/24 01:04:38.330, NVIDIA TITAN RTX, 35, 16355, 24576
2026/04/24 01:04:39.332, NVIDIA TITAN RTX, 35, 16355, 24576
2026/04/24 01:04:40.333, NVIDIA TITAN RTX, 36, 16355, 24576
2026/04/24 01:04:41.334, NVIDIA TITAN RTX, 36, 16355, 24576
2026/04/24 01:04:42.335, NVIDIA TITAN RTX, 35, 16355, 24576
2026/04/24 01:04:43.336, NVIDIA TITAN RTX, 35, 16355, 24576
2026/04/24 01:04:44.337, NVIDIA TITAN RTX, 35, 16355, 24576
2026/04/24 01:04:45.338, NVIDIA TITAN RTX, 36, 16355, 24576
2026/04/24 01:04:46.340, NVIDIA TITAN RTX, 35, 16355, 24576
2026/04/24 01:04:47.341, NVIDIA TITAN RTX, 35, 16355, 24576
2026/04/24 01:04:48.342, NVIDIA TITAN RTX, 35, 16355, 24576
2026/04/24 01:04:49.343, NVIDIA TITAN RTX, 35, 16355, 24576
2026/04/24 01:04:50.345, NVIDIA TITAN RTX, 36, 16355, 24576
2026/04/24 01:04:51.346, NVIDIA TITAN RTX, 36, 16355, 24576
2026/04/24 01:04:52.347, NVIDIA TITAN RTX, 36, 16355, 24576
2026/04/24 01:04:53.349, NVIDIA TITAN RTX, 36, 16355, 24576
2026/04/24 01:04:54.350, NVIDIA TITAN RTX, 35, 16355, 24576
2026/04/24 01:04:55.352, NVIDIA TITAN RTX, 36, 16355, 24576
2026/04/24 01:04:56.353, NVIDIA TITAN RTX, 35, 16355, 24576
2026/04/24 01:04:57.354, NVIDIA TITAN RTX, 36, 16355, 24576
2026/04/24 01:04:58.355, NVIDIA TITAN RTX, 36, 16355, 24576
2026/04/24 01:04:59.357, NVIDIA TITAN RTX, 36, 16355, 24576
2026/04/24 01:05:00.359, NVIDIA TITAN RTX, 36, 16355, 24576
2026/04/24 01:05:01.360, NVIDIA TITAN RTX, 36, 16355, 24576
2026/04/24 01:05:02.361, NVIDIA TITAN RTX, 36, 16355, 24576
2026/04/24 01:05:03.362, NVIDIA TITAN RTX, 36, 16355, 24576
2026/04/24 01:05:04.363, NVIDIA TITAN RTX, 36, 16355, 24576
2026/04/24 01:05:05.365, NVIDIA TITAN RTX, 18, 16355, 24576
2026/04/24 01:05:06.367, NVIDIA TITAN RTX, 36, 16355, 24576
2026/04/24 01:05:07.368, NVIDIA TITAN RTX, 27, 16355, 24576
2026/04/24 01:05:08.369, NVIDIA TITAN RTX, 28, 16355, 24576
2026/04/24 01:05:09.370, NVIDIA TITAN RTX, 35, 16355, 24576
2026/04/24 01:05:10.372, NVIDIA TITAN RTX, 35, 16355, 24576
2026/04/24 01:05:11.373, NVIDIA TITAN RTX, 35, 16355, 24576
2026/04/24 01:05:12.374, NVIDIA TITAN RTX, 35, 16355, 24576
2026/04/24 01:05:13.375, NVIDIA TITAN RTX, 35, 16355, 24576
2026/04/24 01:05:14.377, NVIDIA TITAN RTX, 35, 16355, 24576
2026/04/24 01:05:15.378, NVIDIA TITAN RTX, 35, 16355, 24576
2026/04/24 01:05:16.379, NVIDIA TITAN RTX, 35, 16355, 24576
2026/04/24 01:05:17.380, NVIDIA TITAN RTX, 35, 16355, 24576
2026/04/24 01:05:18.382, NVIDIA TITAN RTX, 35, 16355, 24576
2026/04/24 01:05:19.383, NVIDIA TITAN RTX, 35, 16355, 24576
2026/04/24 01:05:20.385, NVIDIA TITAN RTX, 35, 16355, 24576
2026/04/24 01:05:21.386, NVIDIA TITAN RTX, 35, 16355, 24576
2026/04/24 01:05:22.388, NVIDIA TITAN RTX, 35, 16355, 24576
2026/04/24 01:05:23.389, NVIDIA TITAN RTX, 35, 16355, 24576
2026/04/24 01:05:24.390, NVIDIA TITAN RTX, 35, 16355, 24576
2026/04/24 01:05:25.391, NVIDIA TITAN RTX, 35, 16355, 24576
2026/04/24 01:05:26.392, NVIDIA TITAN RTX, 35, 16355, 24576
2026/04/24 01:05:27.393, NVIDIA TITAN RTX, 35, 16355, 24576
2026/04/24 01:05:28.394, NVIDIA TITAN RTX, 35, 16355, 24576
2026/04/24 01:05:29.396, NVIDIA TITAN RTX, 35, 16355, 24576
2026/04/24 01:05:30.397, NVIDIA TITAN RTX, 35, 16355, 24576
2026/04/24 01:05:31.398, NVIDIA TITAN RTX, 36, 16355, 24576
2026/04/24 01:05:32.400, NVIDIA TITAN RTX, 36, 16355, 24576
2026/04/24 01:05:33.401, NVIDIA TITAN RTX, 36, 16355, 24576
2026/04/24 01:05:34.402, NVIDIA TITAN RTX, 36, 16355, 24576
2026/04/24 01:05:35.403, NVIDIA TITAN RTX, 36, 16355, 24576
2026/04/24 01:05:36.405, NVIDIA TITAN RTX, 36, 16355, 24576
2026/04/24 01:05:37.406, NVIDIA TITAN RTX, 36, 16355, 24576
2026/04/24 01:05:38.407, NVIDIA TITAN RTX, 36, 16355, 24576
2026/04/24 01:05:39.408, NVIDIA TITAN RTX, 36, 16355, 24576
2026/04/24 01:05:40.409, NVIDIA TITAN RTX, 36, 16355, 24576
2026/04/24 01:05:41.410, NVIDIA TITAN RTX, 36, 16355, 24576
2026/04/24 01:05:42.412, NVIDIA TITAN RTX, 35, 16355, 24576
2026/04/24 01:05:43.413, NVIDIA TITAN RTX, 36, 16355, 24576
2026/04/24 01:05:44.414, NVIDIA TITAN RTX, 36, 16355, 24576
2026/04/24 01:05:45.415, NVIDIA TITAN RTX, 36, 16355, 24576
2026/04/24 01:05:46.416, NVIDIA TITAN RTX, 36, 16355, 24576
2026/04/24 01:05:47.417, NVIDIA TITAN RTX, 36, 16355, 24576
2026/04/24 01:05:48.419, NVIDIA TITAN RTX, 37, 16355, 24576
2026/04/24 01:05:49.420, NVIDIA TITAN RTX, 36, 16355, 24576
2026/04/24 01:05:50.421, NVIDIA TITAN RTX, 36, 16355, 24576
2026/04/24 01:05:51.422, NVIDIA TITAN RTX, 36, 16355, 24576
2026/04/24 01:05:52.423, NVIDIA TITAN RTX, 36, 16355, 24576
2026/04/24 01:05:53.426, NVIDIA TITAN RTX, 36, 16355, 24576
2026/04/24 01:05:54.427, NVIDIA TITAN RTX, 37, 16355, 24576
2026/04/24 01:05:55.428, NVIDIA TITAN RTX, 37, 16355, 24576
2026/04/24 01:05:56.429, NVIDIA TITAN RTX, 37, 16355, 24576
2026/04/24 01:05:57.431, NVIDIA TITAN RTX, 36, 16355, 24576
2026/04/24 01:05:58.432, NVIDIA TITAN RTX, 36, 16355, 24576
2026/04/24 01:05:59.433, NVIDIA TITAN RTX, 36, 16355, 24576
2026/04/24 01:06:00.434, NVIDIA TITAN RTX, 34, 16355, 24576
2026/04/24 01:06:01.436, NVIDIA TITAN RTX, 6, 16355, 24576
2026/04/24 01:06:02.437, NVIDIA TITAN RTX, 46, 16355, 24576
2026/04/24 01:06:03.438, NVIDIA TITAN RTX, 27, 16355, 24576
2026/04/24 01:06:04.439, NVIDIA TITAN RTX, 33, 16355, 24576
2026/04/24 01:06:05.440, NVIDIA TITAN RTX, 35, 16355, 24576
2026/04/24 01:06:06.441, NVIDIA TITAN RTX, 35, 16355, 24576
2026/04/24 01:06:07.443, NVIDIA TITAN RTX, 35, 16355, 24576
2026/04/24 01:06:08.444, NVIDIA TITAN RTX, 36, 16355, 24576
2026/04/24 01:06:09.445, NVIDIA TITAN RTX, 36, 16355, 24576
2026/04/24 01:06:10.446, NVIDIA TITAN RTX, 36, 16355, 24576
2026/04/24 01:06:11.447, NVIDIA TITAN RTX, 36, 16355, 24576
2026/04/24 01:06:12.448, NVIDIA TITAN RTX, 36, 16355, 24576
2026/04/24 01:06:13.449, NVIDIA TITAN RTX, 36, 16355, 24576
2026/04/24 01:06:14.451, NVIDIA TITAN RTX, 36, 16355, 24576
2026/04/24 01:06:15.452, NVIDIA TITAN RTX, 36, 16355, 24576
2026/04/24 01:06:16.453, NVIDIA TITAN RTX, 36, 16355, 24576
2026/04/24 01:06:17.454, NVIDIA TITAN RTX, 36, 16355, 24576
2026/04/24 01:06:18.456, NVIDIA TITAN RTX, 36, 16355, 24576
2026/04/24 01:06:19.457, NVIDIA TITAN RTX, 36, 16355, 24576
2026/04/24 01:06:20.458, NVIDIA TITAN RTX, 36, 16355, 24576
2026/04/24 01:06:21.459, NVIDIA TITAN RTX, 36, 16355, 24576
2026/04/24 01:06:22.460, NVIDIA TITAN RTX, 36, 16355, 24576
2026/04/24 01:06:23.462, NVIDIA TITAN RTX, 36, 16355, 24576
2026/04/24 01:06:24.463, NVIDIA TITAN RTX, 36, 16355, 24576
2026/04/24 01:06:25.464, NVIDIA TITAN RTX, 36, 16355, 24576
2026/04/24 01:06:26.465, NVIDIA TITAN RTX, 36, 16355, 24576
2026/04/24 01:06:27.466, NVIDIA TITAN RTX, 36, 16355, 24576
2026/04/24 01:06:28.468, NVIDIA TITAN RTX, 36, 16355, 24576
2026/04/24 01:06:29.469, NVIDIA TITAN RTX, 36, 16355, 24576
2026/04/24 01:06:30.470, NVIDIA TITAN RTX, 36, 16355, 24576
2026/04/24 01:06:31.471, NVIDIA TITAN RTX, 36, 16355, 24576
2026/04/24 01:06:32.472, NVIDIA TITAN RTX, 36, 16355, 24576
2026/04/24 01:06:33.474, NVIDIA TITAN RTX, 36, 16355, 24576
2026/04/24 01:06:34.475, NVIDIA TITAN RTX, 36, 16355, 24576
2026/04/24 01:06:35.476, NVIDIA TITAN RTX, 36, 16355, 24576
2026/04/24 01:06:36.477, NVIDIA TITAN RTX, 36, 16355, 24576
2026/04/24 01:06:37.478, NVIDIA TITAN RTX, 36, 16355, 24576
2026/04/24 01:06:38.480, NVIDIA TITAN RTX, 36, 16355, 24576
2026/04/24 01:06:39.481, NVIDIA TITAN RTX, 13, 16355, 24576
2026/04/24 01:06:40.482, NVIDIA TITAN RTX, 56, 16355, 24576
2026/04/24 01:06:41.483, NVIDIA TITAN RTX, 27, 16355, 24576
2026/04/24 01:06:42.484, NVIDIA TITAN RTX, 29, 16355, 24576
2026/04/24 01:06:43.485, NVIDIA TITAN RTX, 35, 16355, 24576
2026/04/24 01:06:44.488, NVIDIA TITAN RTX, 36, 16355, 24576
2026/04/24 01:06:45.489, NVIDIA TITAN RTX, 36, 16355, 24576
2026/04/24 01:06:46.490, NVIDIA TITAN RTX, 36, 16355, 24576
2026/04/24 01:06:47.491, NVIDIA TITAN RTX, 36, 16355, 24576
2026/04/24 01:06:48.492, NVIDIA TITAN RTX, 36, 16355, 24576
2026/04/24 01:06:49.494, NVIDIA TITAN RTX, 36, 16355, 24576
2026/04/24 01:06:50.495, NVIDIA TITAN RTX, 36, 16355, 24576
2026/04/24 01:06:51.496, NVIDIA TITAN RTX, 36, 16355, 24576
2026/04/24 01:06:52.497, NVIDIA TITAN RTX, 36, 16355, 24576
2026/04/24 01:06:53.498, NVIDIA TITAN RTX, 36, 16355, 24576
2026/04/24 01:06:54.499, NVIDIA TITAN RTX, 36, 16355, 24576
2026/04/24 01:06:55.500, NVIDIA TITAN RTX, 36, 16355, 24576
2026/04/24 01:06:56.502, NVIDIA TITAN RTX, 36, 16355, 24576
2026/04/24 01:06:57.503, NVIDIA TITAN RTX, 36, 16355, 24576
2026/04/24 01:06:58.504, NVIDIA TITAN RTX, 36, 16355, 24576
2026/04/24 01:06:59.506, NVIDIA TITAN RTX, 36, 16355, 24576
2026/04/24 01:07:00.508, NVIDIA TITAN RTX, 36, 16355, 24576
2026/04/24 01:07:01.509, NVIDIA TITAN RTX, 36, 16355, 24576
2026/04/24 01:07:02.510, NVIDIA TITAN RTX, 36, 16355, 24576
2026/04/24 01:07:03.511, NVIDIA TITAN RTX, 36, 16355, 24576
2026/04/24 01:07:04.513, NVIDIA TITAN RTX, 36, 16355, 24576
2026/04/24 01:07:05.514, NVIDIA TITAN RTX, 36, 16355, 24576
2026/04/24 01:07:06.516, NVIDIA TITAN RTX, 36, 16355, 24576
2026/04/24 01:07:07.517, NVIDIA TITAN RTX, 36, 16355, 24576
2026/04/24 01:07:08.518, NVIDIA TITAN RTX, 36, 16355, 24576
2026/04/24 01:07:09.519, NVIDIA TITAN RTX, 36, 16355, 24576
2026/04/24 01:07:10.521, NVIDIA TITAN RTX, 36, 16355, 24576
2026/04/24 01:07:11.522, NVIDIA TITAN RTX, 36, 16355, 24576
2026/04/24 01:07:12.523, NVIDIA TITAN RTX, 37, 16355, 24576
2026/04/24 01:07:13.524, NVIDIA TITAN RTX, 37, 16355, 24576
2026/04/24 01:07:14.525, NVIDIA TITAN RTX, 37, 16355, 24576
2026/04/24 01:07:15.526, NVIDIA TITAN RTX, 36, 16355, 24576
2026/04/24 01:07:16.528, NVIDIA TITAN RTX, 36, 16355, 24576
2026/04/24 01:07:17.529, NVIDIA TITAN RTX, 36, 16355, 24576
2026/04/24 01:07:18.530, NVIDIA TITAN RTX, 36, 16355, 24576
2026/04/24 01:07:19.531, NVIDIA TITAN RTX, 36, 16355, 24576
2026/04/24 01:07:20.532, NVIDIA TITAN RTX, 36, 16355, 24576
2026/04/24 01:07:21.534, NVIDIA TITAN RTX, 36, 16355, 24576
2026/04/24 01:07:22.535, NVIDIA TITAN RTX, 36, 16355, 24576
2026/04/24 01:07:23.536, NVIDIA TITAN RTX, 36, 16355, 24576
2026/04/24 01:07:24.537, NVIDIA TITAN RTX, 36, 16355, 24576
2026/04/24 01:07:25.538, NVIDIA TITAN RTX, 36, 16355, 24576
2026/04/24 01:07:26.540, NVIDIA TITAN RTX, 2, 16355, 24576
2026/04/24 01:07:27.541, NVIDIA TITAN RTX, 46, 16355, 24576
2026/04/24 01:07:28.542, NVIDIA TITAN RTX, 27, 16355, 24576
2026/04/24 01:07:29.543, NVIDIA TITAN RTX, 33, 16355, 24576
2026/04/24 01:07:30.544, NVIDIA TITAN RTX, 35, 16355, 24576
2026/04/24 01:07:31.545, NVIDIA TITAN RTX, 35, 16355, 24576
2026/04/24 01:07:32.547, NVIDIA TITAN RTX, 35, 16355, 24576
2026/04/24 01:07:33.548, NVIDIA TITAN RTX, 35, 16355, 24576
2026/04/24 01:07:34.549, NVIDIA TITAN RTX, 35, 16355, 24576
2026/04/24 01:07:35.550, NVIDIA TITAN RTX, 35, 16355, 24576
2026/04/24 01:07:36.551, NVIDIA TITAN RTX, 35, 16355, 24576
2026/04/24 01:07:37.552, NVIDIA TITAN RTX, 35, 16355, 24576
2026/04/24 01:07:38.555, NVIDIA TITAN RTX, 35, 16355, 24576
2026/04/24 01:07:39.556, NVIDIA TITAN RTX, 35, 16355, 24576
2026/04/24 01:07:40.557, NVIDIA TITAN RTX, 35, 16355, 24576
2026/04/24 01:07:41.558, NVIDIA TITAN RTX, 35, 16355, 24576
2026/04/24 01:07:42.559, NVIDIA TITAN RTX, 35, 16355, 24576
2026/04/24 01:07:43.561, NVIDIA TITAN RTX, 35, 16355, 24576
2026/04/24 01:07:44.562, NVIDIA TITAN RTX, 35, 16355, 24576
2026/04/24 01:07:45.563, NVIDIA TITAN RTX, 35, 16355, 24576
2026/04/24 01:07:46.564, NVIDIA TITAN RTX, 35, 16355, 24576
2026/04/24 01:07:47.565, NVIDIA TITAN RTX, 35, 16355, 24576
2026/04/24 01:07:48.566, NVIDIA TITAN RTX, 36, 16355, 24576
2026/04/24 01:07:49.567, NVIDIA TITAN RTX, 36, 16355, 24576
2026/04/24 01:07:50.568, NVIDIA TITAN RTX, 36, 16355, 24576
2026/04/24 01:07:51.569, NVIDIA TITAN RTX, 35, 16355, 24576
2026/04/24 01:07:52.570, NVIDIA TITAN RTX, 35, 16355, 24576
2026/04/24 01:07:53.571, NVIDIA TITAN RTX, 36, 16355, 24576
2026/04/24 01:07:54.573, NVIDIA TITAN RTX, 36, 16355, 24576
2026/04/24 01:07:55.574, NVIDIA TITAN RTX, 36, 16355, 24576
2026/04/24 01:07:56.575, NVIDIA TITAN RTX, 36, 16355, 24576
2026/04/24 01:07:57.576, NVIDIA TITAN RTX, 35, 16355, 24576
2026/04/24 01:07:58.577, NVIDIA TITAN RTX, 35, 16355, 24576
2026/04/24 01:07:59.578, NVIDIA TITAN RTX, 35, 16355, 24576
2026/04/24 01:08:00.579, NVIDIA TITAN RTX, 35, 16355, 24576
2026/04/24 01:08:01.581, NVIDIA TITAN RTX, 36, 16355, 24576
2026/04/24 01:08:02.582, NVIDIA TITAN RTX, 36, 16355, 24576
2026/04/24 01:08:03.583, NVIDIA TITAN RTX, 36, 16355, 24576
2026/04/24 01:08:04.584, NVIDIA TITAN RTX, 36, 16355, 24576
2026/04/24 01:08:05.585, NVIDIA TITAN RTX, 36, 16355, 24576
2026/04/24 01:08:06.586, NVIDIA TITAN RTX, 36, 16355, 24576
2026/04/24 01:08:07.587, NVIDIA TITAN RTX, 36, 16355, 24576
2026/04/24 01:08:08.589, NVIDIA TITAN RTX, 36, 16355, 24576
2026/04/24 01:08:09.590, NVIDIA TITAN RTX, 36, 16355, 24576
2026/04/24 01:08:10.591, NVIDIA TITAN RTX, 36, 16355, 24576
2026/04/24 01:08:11.592, NVIDIA TITAN RTX, 36, 16355, 24576
2026/04/24 01:08:12.593, NVIDIA TITAN RTX, 36, 16355, 24576
2026/04/24 01:08:13.594, NVIDIA TITAN RTX, 36, 16355, 24576
2026/04/24 01:08:14.596, NVIDIA TITAN RTX, 36, 16355, 24576
2026/04/24 01:08:15.597, NVIDIA TITAN RTX, 36, 16355, 24576
2026/04/24 01:08:16.598, NVIDIA TITAN RTX, 36, 16355, 24576
2026/04/24 01:08:17.599, NVIDIA TITAN RTX, 36, 16355, 24576
2026/04/24 01:08:18.606, NVIDIA TITAN RTX, 36, 16355, 24576
2026/04/24 01:08:19.608, NVIDIA TITAN RTX, 36, 16355, 24576
2026/04/24 01:08:20.609, NVIDIA TITAN RTX, 36, 16355, 24576
2026/04/24 01:08:21.610, NVIDIA TITAN RTX, 35, 16355, 24576
2026/04/24 01:08:22.612, NVIDIA TITAN RTX, 0, 16355, 24576
2026/04/24 01:08:23.618, NVIDIA TITAN RTX, 46, 16355, 24576
2026/04/24 01:08:24.619, NVIDIA TITAN RTX, 26, 16355, 24576
2026/04/24 01:08:25.620, NVIDIA TITAN RTX, 33, 16355, 24576
2026/04/24 01:08:26.621, NVIDIA TITAN RTX, 35, 16355, 24576
2026/04/24 01:08:27.623, NVIDIA TITAN RTX, 35, 16355, 24576
2026/04/24 01:08:28.624, NVIDIA TITAN RTX, 35, 16355, 24576
2026/04/24 01:08:29.625, NVIDIA TITAN RTX, 35, 16355, 24576
2026/04/24 01:08:30.626, NVIDIA TITAN RTX, 35, 16355, 24576
2026/04/24 01:08:31.627, NVIDIA TITAN RTX, 35, 16355, 24576
2026/04/24 01:08:32.629, NVIDIA TITAN RTX, 35, 16355, 24576
2026/04/24 01:08:33.636, NVIDIA TITAN RTX, 36, 16355, 24576
2026/04/24 01:08:34.637, NVIDIA TITAN RTX, 36, 16355, 24576
2026/04/24 01:08:35.638, NVIDIA TITAN RTX, 36, 16355, 24576
2026/04/24 01:08:36.639, NVIDIA TITAN RTX, 36, 16355, 24576
2026/04/24 01:08:37.640, NVIDIA TITAN RTX, 36, 16355, 24576
2026/04/24 01:08:38.641, NVIDIA TITAN RTX, 35, 16355, 24576
2026/04/24 01:08:39.642, NVIDIA TITAN RTX, 35, 16355, 24576
2026/04/24 01:08:40.643, NVIDIA TITAN RTX, 35, 16355, 24576
2026/04/24 01:08:41.645, NVIDIA TITAN RTX, 35, 16355, 24576
2026/04/24 01:08:42.646, NVIDIA TITAN RTX, 35, 16355, 24576
2026/04/24 01:08:43.653, NVIDIA TITAN RTX, 35, 16355, 24576
2026/04/24 01:08:44.654, NVIDIA TITAN RTX, 35, 16355, 24576
2026/04/24 01:08:45.655, NVIDIA TITAN RTX, 36, 16355, 24576
2026/04/24 01:08:46.656, NVIDIA TITAN RTX, 36, 16355, 24576
2026/04/24 01:08:47.658, NVIDIA TITAN RTX, 35, 16355, 24576
2026/04/24 01:08:48.665, NVIDIA TITAN RTX, 35, 16355, 24576
2026/04/24 01:08:49.666, NVIDIA TITAN RTX, 36, 16355, 24576
2026/04/24 01:08:50.667, NVIDIA TITAN RTX, 36, 16355, 24576
2026/04/24 01:08:51.668, NVIDIA TITAN RTX, 36, 16355, 24576
2026/04/24 01:08:52.669, NVIDIA TITAN RTX, 36, 16355, 24576
2026/04/24 01:08:53.671, NVIDIA TITAN RTX, 36, 16355, 24576
2026/04/24 01:08:54.672, NVIDIA TITAN RTX, 36, 16355, 24576
2026/04/24 01:08:55.673, NVIDIA TITAN RTX, 36, 16355, 24576
2026/04/24 01:08:56.674, NVIDIA TITAN RTX, 36, 16355, 24576
2026/04/24 01:08:57.676, NVIDIA TITAN RTX, 36, 16355, 24576
2026/04/24 01:08:58.677, NVIDIA TITAN RTX, 36, 16355, 24576
2026/04/24 01:08:59.678, NVIDIA TITAN RTX, 36, 16355, 24576
2026/04/24 01:09:00.680, NVIDIA TITAN RTX, 36, 16355, 24576
2026/04/24 01:09:01.681, NVIDIA TITAN RTX, 3, 16355, 24576
2026/04/24 01:09:02.682, NVIDIA TITAN RTX, 47, 16355, 24576
2026/04/24 01:09:03.683, NVIDIA TITAN RTX, 27, 16355, 24576
2026/04/24 01:09:04.684, NVIDIA TITAN RTX, 33, 16355, 24576
2026/04/24 01:09:05.685, NVIDIA TITAN RTX, 35, 16355, 24576
2026/04/24 01:09:06.687, NVIDIA TITAN RTX, 36, 16355, 24576
2026/04/24 01:09:07.688, NVIDIA TITAN RTX, 35, 16355, 24576
2026/04/24 01:09:08.689, NVIDIA TITAN RTX, 35, 16355, 24576
2026/04/24 01:09:09.690, NVIDIA TITAN RTX, 36, 16355, 24576
2026/04/24 01:09:10.692, NVIDIA TITAN RTX, 36, 16355, 24576
2026/04/24 01:09:11.693, NVIDIA TITAN RTX, 36, 16355, 24576
2026/04/24 01:09:12.694, NVIDIA TITAN RTX, 36, 16355, 24576
2026/04/24 01:09:13.695, NVIDIA TITAN RTX, 36, 16355, 24576
2026/04/24 01:09:14.696, NVIDIA TITAN RTX, 36, 16355, 24576
2026/04/24 01:09:15.697, NVIDIA TITAN RTX, 36, 16355, 24576
2026/04/24 01:09:16.698, NVIDIA TITAN RTX, 36, 16355, 24576
2026/04/24 01:09:17.700, NVIDIA TITAN RTX, 36, 16355, 24576
2026/04/24 01:09:18.701, NVIDIA TITAN RTX, 35, 16355, 24576
2026/04/24 01:09:19.702, NVIDIA TITAN RTX, 36, 16355, 24576
2026/04/24 01:09:20.704, NVIDIA TITAN RTX, 36, 16355, 24576
2026/04/24 01:09:21.705, NVIDIA TITAN RTX, 36, 16355, 24576
2026/04/24 01:09:22.706, NVIDIA TITAN RTX, 36, 16355, 24576
2026/04/24 01:09:23.707, NVIDIA TITAN RTX, 36, 16355, 24576
2026/04/24 01:09:24.708, NVIDIA TITAN RTX, 36, 16355, 24576
2026/04/24 01:09:25.709, NVIDIA TITAN RTX, 36, 16355, 24576
2026/04/24 01:09:26.711, NVIDIA TITAN RTX, 36, 16355, 24576
2026/04/24 01:09:27.712, NVIDIA TITAN RTX, 36, 16355, 24576
2026/04/24 01:09:28.713, NVIDIA TITAN RTX, 36, 16355, 24576
2026/04/24 01:09:29.714, NVIDIA TITAN RTX, 36, 16355, 24576
2026/04/24 01:09:30.718, NVIDIA TITAN RTX, 36, 16355, 24576
2026/04/24 01:09:31.719, NVIDIA TITAN RTX, 36, 16355, 24576
2026/04/24 01:09:32.720, NVIDIA TITAN RTX, 36, 16355, 24576
2026/04/24 01:09:33.722, NVIDIA TITAN RTX, 36, 16355, 24576
2026/04/24 01:09:34.723, NVIDIA TITAN RTX, 36, 16355, 24576
2026/04/24 01:09:35.724, NVIDIA TITAN RTX, 36, 16355, 24576
2026/04/24 01:09:36.726, NVIDIA TITAN RTX, 36, 16355, 24576
2026/04/24 01:09:37.727, NVIDIA TITAN RTX, 36, 16355, 24576
2026/04/24 01:09:38.728, NVIDIA TITAN RTX, 36, 16355, 24576
2026/04/24 01:09:39.729, NVIDIA TITAN RTX, 36, 16355, 24576
2026/04/24 01:09:40.730, NVIDIA TITAN RTX, 36, 16355, 24576
2026/04/24 01:09:41.731, NVIDIA TITAN RTX, 11, 16355, 24576
2026/04/24 01:09:42.733, NVIDIA TITAN RTX, 41, 16355, 24576
2026/04/24 01:09:43.734, NVIDIA TITAN RTX, 27, 16355, 24576
2026/04/24 01:09:44.735, NVIDIA TITAN RTX, 30, 16355, 24576
2026/04/24 01:09:45.736, NVIDIA TITAN RTX, 36, 16355, 24576
2026/04/24 01:09:46.737, NVIDIA TITAN RTX, 35, 16355, 24576
2026/04/24 01:09:47.738, NVIDIA TITAN RTX, 35, 16355, 24576
2026/04/24 01:09:48.740, NVIDIA TITAN RTX, 35, 16355, 24576
2026/04/24 01:09:49.742, NVIDIA TITAN RTX, 35, 16355, 24576
2026/04/24 01:09:50.743, NVIDIA TITAN RTX, 35, 16355, 24576
2026/04/24 01:09:51.744, NVIDIA TITAN RTX, 35, 16355, 24576
2026/04/24 01:09:52.746, NVIDIA TITAN RTX, 35, 16355, 24576
2026/04/24 01:09:53.747, NVIDIA TITAN RTX, 35, 16355, 24576
2026/04/24 01:09:54.748, NVIDIA TITAN RTX, 35, 16355, 24576
2026/04/24 01:09:55.749, NVIDIA TITAN RTX, 35, 16355, 24576
2026/04/24 01:09:56.752, NVIDIA TITAN RTX, 35, 16355, 24576
2026/04/24 01:09:57.753, NVIDIA TITAN RTX, 35, 16355, 24576
2026/04/24 01:09:58.754, NVIDIA TITAN RTX, 35, 16355, 24576
2026/04/24 01:09:59.755, NVIDIA TITAN RTX, 36, 16355, 24576
2026/04/24 01:10:00.758, NVIDIA TITAN RTX, 36, 16355, 24576
2026/04/24 01:10:01.759, NVIDIA TITAN RTX, 35, 16355, 24576
2026/04/24 01:10:02.761, NVIDIA TITAN RTX, 35, 16355, 24576
2026/04/24 01:10:03.762, NVIDIA TITAN RTX, 35, 16355, 24576
2026/04/24 01:10:04.763, NVIDIA TITAN RTX, 35, 16355, 24576
2026/04/24 01:10:05.764, NVIDIA TITAN RTX, 35, 16355, 24576
2026/04/24 01:10:06.765, NVIDIA TITAN RTX, 35, 16355, 24576
2026/04/24 01:10:07.767, NVIDIA TITAN RTX, 36, 16355, 24576
2026/04/24 01:10:08.768, NVIDIA TITAN RTX, 36, 16355, 24576
2026/04/24 01:10:09.769, NVIDIA TITAN RTX, 36, 16355, 24576
2026/04/24 01:10:10.770, NVIDIA TITAN RTX, 36, 16355, 24576
2026/04/24 01:10:11.771, NVIDIA TITAN RTX, 36, 16355, 24576
2026/04/24 01:10:12.773, NVIDIA TITAN RTX, 36, 16355, 24576
2026/04/24 01:10:13.775, NVIDIA TITAN RTX, 36, 16355, 24576
2026/04/24 01:10:14.777, NVIDIA TITAN RTX, 36, 16355, 24576
2026/04/24 01:10:15.778, NVIDIA TITAN RTX, 36, 16355, 24576
2026/04/24 01:10:16.779, NVIDIA TITAN RTX, 36, 16355, 24576
2026/04/24 01:10:17.780, NVIDIA TITAN RTX, 36, 16355, 24576
2026/04/24 01:10:18.782, NVIDIA TITAN RTX, 36, 16355, 24576
2026/04/24 01:10:19.783, NVIDIA TITAN RTX, 36, 16355, 24576
2026/04/24 01:10:20.784, NVIDIA TITAN RTX, 36, 16355, 24576
2026/04/24 01:10:21.785, NVIDIA TITAN RTX, 36, 16355, 24576
2026/04/24 01:10:22.786, NVIDIA TITAN RTX, 36, 16355, 24576
2026/04/24 01:10:23.788, NVIDIA TITAN RTX, 36, 16355, 24576
2026/04/24 01:10:24.789, NVIDIA TITAN RTX, 36, 16355, 24576
2026/04/24 01:10:25.791, NVIDIA TITAN RTX, 36, 16355, 24576
2026/04/24 01:10:26.792, NVIDIA TITAN RTX, 36, 16355, 24576
2026/04/24 01:10:27.793, NVIDIA TITAN RTX, 36, 16355, 24576
2026/04/24 01:10:28.794, NVIDIA TITAN RTX, 36, 16355, 24576
2026/04/24 01:10:29.795, NVIDIA TITAN RTX, 27, 16355, 24576
2026/04/24 01:10:30.796, NVIDIA TITAN RTX, 13, 16355, 24576
2026/04/24 01:10:31.798, NVIDIA TITAN RTX, 100, 16355, 24576
2026/04/24 01:10:32.799, NVIDIA TITAN RTX, 47, 16355, 24576
2026/04/24 01:10:33.800, NVIDIA TITAN RTX, 28, 16355, 24576
2026/04/24 01:10:34.801, NVIDIA TITAN RTX, 34, 16355, 24576
2026/04/24 01:10:35.802, NVIDIA TITAN RTX, 36, 16355, 24576
2026/04/24 01:10:36.804, NVIDIA TITAN RTX, 37, 16355, 24576
2026/04/24 01:10:37.805, NVIDIA TITAN RTX, 37, 16355, 24576
2026/04/24 01:10:38.806, NVIDIA TITAN RTX, 37, 16355, 24576
2026/04/24 01:10:39.807, NVIDIA TITAN RTX, 37, 16355, 24576
2026/04/24 01:10:40.808, NVIDIA TITAN RTX, 37, 16355, 24576
2026/04/24 01:10:41.810, NVIDIA TITAN RTX, 37, 16355, 24576
2026/04/24 01:10:42.811, NVIDIA TITAN RTX, 37, 16355, 24576
2026/04/24 01:10:43.813, NVIDIA TITAN RTX, 37, 16355, 24576
2026/04/24 01:10:44.814, NVIDIA TITAN RTX, 37, 16355, 24576
2026/04/24 01:10:45.815, NVIDIA TITAN RTX, 37, 16355, 24576
2026/04/24 01:10:46.816, NVIDIA TITAN RTX, 37, 16355, 24576
2026/04/24 01:10:47.817, NVIDIA TITAN RTX, 37, 16355, 24576
2026/04/24 01:10:48.818, NVIDIA TITAN RTX, 37, 16355, 24576
2026/04/24 01:10:49.819, NVIDIA TITAN RTX, 37, 16355, 24576
2026/04/24 01:10:50.821, NVIDIA TITAN RTX, 37, 16355, 24576
2026/04/24 01:10:51.822, NVIDIA TITAN RTX, 37, 16355, 24576
2026/04/24 01:10:52.823, NVIDIA TITAN RTX, 37, 16355, 24576
2026/04/24 01:10:53.824, NVIDIA TITAN RTX, 37, 16355, 24576
2026/04/24 01:10:54.827, NVIDIA TITAN RTX, 37, 16355, 24576
2026/04/24 01:10:55.828, NVIDIA TITAN RTX, 37, 16355, 24576
2026/04/24 01:10:56.830, NVIDIA TITAN RTX, 37, 16355, 24576
2026/04/24 01:10:57.831, NVIDIA TITAN RTX, 37, 16355, 24576
2026/04/24 01:10:58.832, NVIDIA TITAN RTX, 37, 16355, 24576
2026/04/24 01:10:59.834, NVIDIA TITAN RTX, 37, 16355, 24576
2026/04/24 01:11:00.835, NVIDIA TITAN RTX, 38, 16355, 24576
2026/04/24 01:11:01.836, NVIDIA TITAN RTX, 37, 16355, 24576
2026/04/24 01:11:02.837, NVIDIA TITAN RTX, 37, 16355, 24576
2026/04/24 01:11:03.839, NVIDIA TITAN RTX, 38, 16355, 24576
2026/04/24 01:11:04.840, NVIDIA TITAN RTX, 37, 16355, 24576
2026/04/24 01:11:05.841, NVIDIA TITAN RTX, 37, 16355, 24576
2026/04/24 01:11:06.842, NVIDIA TITAN RTX, 37, 16355, 24576
2026/04/24 01:11:07.844, NVIDIA TITAN RTX, 37, 16355, 24576
2026/04/24 01:11:08.846, NVIDIA TITAN RTX, 37, 16355, 24576
2026/04/24 01:11:09.847, NVIDIA TITAN RTX, 37, 16355, 24576
2026/04/24 01:11:10.848, NVIDIA TITAN RTX, 37, 16355, 24576
2026/04/24 01:11:11.849, NVIDIA TITAN RTX, 38, 16355, 24576
2026/04/24 01:11:12.850, NVIDIA TITAN RTX, 37, 16355, 24576
2026/04/24 01:11:13.852, NVIDIA TITAN RTX, 38, 16355, 24576
2026/04/24 01:11:14.853, NVIDIA TITAN RTX, 38, 16355, 24576
2026/04/24 01:11:15.855, NVIDIA TITAN RTX, 38, 16355, 24576
2026/04/24 01:11:16.856, NVIDIA TITAN RTX, 38, 16355, 24576
2026/04/24 01:11:17.858, NVIDIA TITAN RTX, 37, 16355, 24576
2026/04/24 01:11:18.860, NVIDIA TITAN RTX, 0, 16355, 24576
2026/04/24 01:11:19.861, NVIDIA TITAN RTX, 51, 16355, 24576
2026/04/24 01:11:20.862, NVIDIA TITAN RTX, 27, 16355, 24576
2026/04/24 01:11:21.863, NVIDIA TITAN RTX, 33, 16355, 24576
2026/04/24 01:11:22.864, NVIDIA TITAN RTX, 35, 16355, 24576
2026/04/24 01:11:23.865, NVIDIA TITAN RTX, 35, 16355, 24576
2026/04/24 01:11:24.866, NVIDIA TITAN RTX, 35, 16355, 24576
2026/04/24 01:11:25.867, NVIDIA TITAN RTX, 35, 16355, 24576
2026/04/24 01:11:26.869, NVIDIA TITAN RTX, 35, 16355, 24576
2026/04/24 01:11:27.870, NVIDIA TITAN RTX, 35, 16355, 24576
2026/04/24 01:11:28.871, NVIDIA TITAN RTX, 35, 16355, 24576
2026/04/24 01:11:29.872, NVIDIA TITAN RTX, 35, 16355, 24576
2026/04/24 01:11:30.874, NVIDIA TITAN RTX, 35, 16355, 24576
2026/04/24 01:11:31.875, NVIDIA TITAN RTX, 35, 16355, 24576
2026/04/24 01:11:32.877, NVIDIA TITAN RTX, 35, 16355, 24576
2026/04/24 01:11:33.878, NVIDIA TITAN RTX, 35, 16355, 24576
2026/04/24 01:11:34.879, NVIDIA TITAN RTX, 35, 16355, 24576
2026/04/24 01:11:35.880, NVIDIA TITAN RTX, 36, 16355, 24576
2026/04/24 01:11:36.881, NVIDIA TITAN RTX, 36, 16355, 24576
2026/04/24 01:11:37.883, NVIDIA TITAN RTX, 36, 16355, 24576
2026/04/24 01:11:38.884, NVIDIA TITAN RTX, 36, 16355, 24576
2026/04/24 01:11:39.885, NVIDIA TITAN RTX, 36, 16355, 24576
2026/04/24 01:11:40.886, NVIDIA TITAN RTX, 36, 16355, 24576
2026/04/24 01:11:41.887, NVIDIA TITAN RTX, 35, 16355, 24576
2026/04/24 01:11:42.889, NVIDIA TITAN RTX, 35, 16355, 24576
2026/04/24 01:11:43.890, NVIDIA TITAN RTX, 36, 16355, 24576
2026/04/24 01:11:44.891, NVIDIA TITAN RTX, 36, 16355, 24576
2026/04/24 01:11:45.892, NVIDIA TITAN RTX, 36, 16355, 24576
2026/04/24 01:11:46.893, NVIDIA TITAN RTX, 35, 16355, 24576
2026/04/24 01:11:47.894, NVIDIA TITAN RTX, 36, 16355, 24576
2026/04/24 01:11:48.896, NVIDIA TITAN RTX, 35, 16355, 24576
2026/04/24 01:11:49.897, NVIDIA TITAN RTX, 36, 16355, 24576
2026/04/24 01:11:50.898, NVIDIA TITAN RTX, 36, 16355, 24576
2026/04/24 01:11:51.899, NVIDIA TITAN RTX, 36, 16355, 24576
2026/04/24 01:11:52.900, NVIDIA TITAN RTX, 35, 16355, 24576
2026/04/24 01:11:53.902, NVIDIA TITAN RTX, 36, 16355, 24576
2026/04/24 01:11:54.903, NVIDIA TITAN RTX, 36, 16355, 24576
2026/04/24 01:11:55.904, NVIDIA TITAN RTX, 36, 16355, 24576
2026/04/24 01:11:56.905, NVIDIA TITAN RTX, 36, 16355, 24576
2026/04/24 01:11:57.906, NVIDIA TITAN RTX, 36, 16355, 24576
2026/04/24 01:11:58.907, NVIDIA TITAN RTX, 36, 16355, 24576
2026/04/24 01:11:59.908, NVIDIA TITAN RTX, 36, 16355, 24576
2026/04/24 01:12:00.910, NVIDIA TITAN RTX, 36, 16355, 24576
2026/04/24 01:12:01.911, NVIDIA TITAN RTX, 36, 16355, 24576
2026/04/24 01:12:02.912, NVIDIA TITAN RTX, 36, 16355, 24576
2026/04/24 01:12:03.913, NVIDIA TITAN RTX, 37, 16355, 24576
2026/04/24 01:12:04.914, NVIDIA TITAN RTX, 36, 16355, 24576
2026/04/24 01:12:05.915, NVIDIA TITAN RTX, 36, 16355, 24576
2026/04/24 01:12:06.916, NVIDIA TITAN RTX, 36, 16355, 24576
2026/04/24 01:12:07.917, NVIDIA TITAN RTX, 37, 16355, 24576
2026/04/24 01:12:08.919, NVIDIA TITAN RTX, 37, 16355, 24576
2026/04/24 01:12:09.920, NVIDIA TITAN RTX, 37, 16355, 24576
2026/04/24 01:12:10.921, NVIDIA TITAN RTX, 37, 16355, 24576
2026/04/24 01:12:11.922, NVIDIA TITAN RTX, 21, 16355, 24576
2026/04/24 01:12:12.924, NVIDIA TITAN RTX, 37, 16355, 24576
2026/04/24 01:12:13.925, NVIDIA TITAN RTX, 44, 16355, 24576
2026/04/24 01:12:14.926, NVIDIA TITAN RTX, 28, 16355, 24576
2026/04/24 01:12:15.928, NVIDIA TITAN RTX, 35, 16355, 24576
2026/04/24 01:12:16.929, NVIDIA TITAN RTX, 36, 16355, 24576
2026/04/24 01:12:17.930, NVIDIA TITAN RTX, 36, 16355, 24576
2026/04/24 01:12:18.931, NVIDIA TITAN RTX, 36, 16355, 24576
2026/04/24 01:12:19.933, NVIDIA TITAN RTX, 36, 16355, 24576
2026/04/24 01:12:20.934, NVIDIA TITAN RTX, 36, 16355, 24576
2026/04/24 01:12:21.935, NVIDIA TITAN RTX, 36, 16355, 24576
2026/04/24 01:12:22.936, NVIDIA TITAN RTX, 36, 16355, 24576
2026/04/24 01:12:23.938, NVIDIA TITAN RTX, 36, 16355, 24576
2026/04/24 01:12:24.940, NVIDIA TITAN RTX, 36, 16355, 24576
2026/04/24 01:12:25.941, NVIDIA TITAN RTX, 36, 16355, 24576
2026/04/24 01:12:26.942, NVIDIA TITAN RTX, 36, 16355, 24576
2026/04/24 01:12:27.943, NVIDIA TITAN RTX, 37, 16355, 24576
2026/04/24 01:12:28.944, NVIDIA TITAN RTX, 36, 16355, 24576
2026/04/24 01:12:29.946, NVIDIA TITAN RTX, 36, 16355, 24576
2026/04/24 01:12:30.947, NVIDIA TITAN RTX, 36, 16355, 24576
2026/04/24 01:12:31.948, NVIDIA TITAN RTX, 37, 16355, 24576
2026/04/24 01:12:32.949, NVIDIA TITAN RTX, 37, 16355, 24576
2026/04/24 01:12:33.950, NVIDIA TITAN RTX, 36, 16355, 24576
2026/04/24 01:12:34.952, NVIDIA TITAN RTX, 37, 16355, 24576
2026/04/24 01:12:35.953, NVIDIA TITAN RTX, 37, 16355, 24576
2026/04/24 01:12:36.955, NVIDIA TITAN RTX, 37, 16355, 24576
2026/04/24 01:12:37.956, NVIDIA TITAN RTX, 37, 16355, 24576
2026/04/24 01:12:38.957, NVIDIA TITAN RTX, 37, 16355, 24576
2026/04/24 01:12:39.958, NVIDIA TITAN RTX, 37, 16355, 24576
2026/04/24 01:12:40.959, NVIDIA TITAN RTX, 37, 16355, 24576
2026/04/24 01:12:41.961, NVIDIA TITAN RTX, 37, 16355, 24576
2026/04/24 01:12:42.962, NVIDIA TITAN RTX, 37, 16355, 24576
2026/04/24 01:12:43.963, NVIDIA TITAN RTX, 37, 16355, 24576
2026/04/24 01:12:44.964, NVIDIA TITAN RTX, 37, 16355, 24576
2026/04/24 01:12:45.966, NVIDIA TITAN RTX, 36, 16355, 24576
2026/04/24 01:12:46.967, NVIDIA TITAN RTX, 36, 16355, 24576
2026/04/24 01:12:47.968, NVIDIA TITAN RTX, 36, 16355, 24576
2026/04/24 01:12:48.969, NVIDIA TITAN RTX, 36, 16355, 24576
2026/04/24 01:12:49.971, NVIDIA TITAN RTX, 36, 16355, 24576
2026/04/24 01:12:50.972, NVIDIA TITAN RTX, 36, 16355, 24576
2026/04/24 01:12:51.973, NVIDIA TITAN RTX, 36, 16355, 24576
2026/04/24 01:12:52.974, NVIDIA TITAN RTX, 36, 16355, 24576
2026/04/24 01:12:53.975, NVIDIA TITAN RTX, 36, 16355, 24576
2026/04/24 01:12:54.976, NVIDIA TITAN RTX, 37, 16355, 24576
2026/04/24 01:12:55.978, NVIDIA TITAN RTX, 36, 16355, 24576
2026/04/24 01:12:56.979, NVIDIA TITAN RTX, 26, 16355, 24576
2026/04/24 01:12:57.980, NVIDIA TITAN RTX, 17, 16355, 24576
2026/04/24 01:12:58.982, NVIDIA TITAN RTX, 94, 16355, 24576
2026/04/24 01:12:59.983, NVIDIA TITAN RTX, 28, 16355, 24576
2026/04/24 01:13:00.984, NVIDIA TITAN RTX, 29, 16355, 24576
2026/04/24 01:13:01.985, NVIDIA TITAN RTX, 35, 16355, 24576
2026/04/24 01:13:02.987, NVIDIA TITAN RTX, 36, 16355, 24576
2026/04/24 01:13:03.989, NVIDIA TITAN RTX, 37, 16355, 24576
2026/04/24 01:13:04.991, NVIDIA TITAN RTX, 37, 16355, 24576
2026/04/24 01:13:05.992, NVIDIA TITAN RTX, 37, 16355, 24576
2026/04/24 01:13:06.993, NVIDIA TITAN RTX, 36, 16355, 24576
2026/04/24 01:13:07.994, NVIDIA TITAN RTX, 37, 16355, 24576
2026/04/24 01:13:08.995, NVIDIA TITAN RTX, 36, 16355, 24576
2026/04/24 01:13:09.997, NVIDIA TITAN RTX, 37, 16355, 24576
2026/04/24 01:13:10.998, NVIDIA TITAN RTX, 37, 16355, 24576
2026/04/24 01:13:11.999, NVIDIA TITAN RTX, 37, 16355, 24576
2026/04/24 01:13:13.001, NVIDIA TITAN RTX, 37, 16355, 24576
2026/04/24 01:13:14.002, NVIDIA TITAN RTX, 37, 16355, 24576
2026/04/24 01:13:15.003, NVIDIA TITAN RTX, 37, 16355, 24576
2026/04/24 01:13:16.004, NVIDIA TITAN RTX, 37, 16355, 24576
2026/04/24 01:13:17.006, NVIDIA TITAN RTX, 36, 16355, 24576
2026/04/24 01:13:18.007, NVIDIA TITAN RTX, 37, 16355, 24576
2026/04/24 01:13:19.008, NVIDIA TITAN RTX, 37, 16355, 24576
2026/04/24 01:13:20.009, NVIDIA TITAN RTX, 37, 16355, 24576
2026/04/24 01:13:21.010, NVIDIA TITAN RTX, 37, 16355, 24576
2026/04/24 01:13:22.012, NVIDIA TITAN RTX, 37, 16355, 24576
2026/04/24 01:13:23.013, NVIDIA TITAN RTX, 37, 16355, 24576
2026/04/24 01:13:24.014, NVIDIA TITAN RTX, 37, 16355, 24576
2026/04/24 01:13:25.015, NVIDIA TITAN RTX, 37, 16355, 24576
2026/04/24 01:13:26.018, NVIDIA TITAN RTX, 37, 16355, 24576
2026/04/24 01:13:27.019, NVIDIA TITAN RTX, 37, 16355, 24576
2026/04/24 01:13:28.020, NVIDIA TITAN RTX, 37, 16355, 24576
2026/04/24 01:13:29.021, NVIDIA TITAN RTX, 37, 16355, 24576
2026/04/24 01:13:30.023, NVIDIA TITAN RTX, 37, 16355, 24576
2026/04/24 01:13:31.024, NVIDIA TITAN RTX, 37, 16355, 24576
2026/04/24 01:13:32.025, NVIDIA TITAN RTX, 37, 16355, 24576
2026/04/24 01:13:33.026, NVIDIA TITAN RTX, 37, 16355, 24576
2026/04/24 01:13:34.027, NVIDIA TITAN RTX, 37, 16355, 24576
2026/04/24 01:13:35.028, NVIDIA TITAN RTX, 38, 16355, 24576
2026/04/24 01:13:36.029, NVIDIA TITAN RTX, 38, 16355, 24576
2026/04/24 01:13:37.030, NVIDIA TITAN RTX, 37, 16355, 24576
2026/04/24 01:13:38.031, NVIDIA TITAN RTX, 37, 16355, 24576
2026/04/24 01:13:39.033, NVIDIA TITAN RTX, 37, 16355, 24576
2026/04/24 01:13:40.034, NVIDIA TITAN RTX, 37, 16355, 24576
2026/04/24 01:13:41.036, NVIDIA TITAN RTX, 38, 16355, 24576
2026/04/24 01:13:42.037, NVIDIA TITAN RTX, 38, 16355, 24576
2026/04/24 01:13:43.038, NVIDIA TITAN RTX, 37, 16355, 24576
2026/04/24 01:13:44.039, NVIDIA TITAN RTX, 38, 16355, 24576
2026/04/24 01:13:45.041, NVIDIA TITAN RTX, 37, 16355, 24576
2026/04/24 01:13:46.042, NVIDIA TITAN RTX, 37, 16355, 24576
2026/04/24 01:13:47.043, NVIDIA TITAN RTX, 38, 16355, 24576
2026/04/24 01:13:48.044, NVIDIA TITAN RTX, 38, 16355, 24576
2026/04/24 01:13:49.045, NVIDIA TITAN RTX, 5, 16355, 24576
2026/04/24 01:13:50.046, NVIDIA TITAN RTX, 47, 16355, 24576
2026/04/24 01:13:51.047, NVIDIA TITAN RTX, 27, 16355, 24576
2026/04/24 01:13:52.048, NVIDIA TITAN RTX, 32, 16355, 24576
2026/04/24 01:13:53.049, NVIDIA TITAN RTX, 36, 16355, 24576
2026/04/24 01:13:54.051, NVIDIA TITAN RTX, 36, 16355, 24576
2026/04/24 01:13:55.052, NVIDIA TITAN RTX, 36, 16355, 24576
2026/04/24 01:13:56.053, NVIDIA TITAN RTX, 35, 16355, 24576
2026/04/24 01:13:57.055, NVIDIA TITAN RTX, 36, 16355, 24576
2026/04/24 01:13:58.056, NVIDIA TITAN RTX, 35, 16355, 24576
2026/04/24 01:13:59.057, NVIDIA TITAN RTX, 36, 16355, 24576
2026/04/24 01:14:00.058, NVIDIA TITAN RTX, 36, 16355, 24576
2026/04/24 01:14:01.059, NVIDIA TITAN RTX, 36, 16355, 24576
2026/04/24 01:14:02.060, NVIDIA TITAN RTX, 36, 16355, 24576
2026/04/24 01:14:03.061, NVIDIA TITAN RTX, 36, 16355, 24576
2026/04/24 01:14:04.062, NVIDIA TITAN RTX, 36, 16355, 24576
2026/04/24 01:14:05.064, NVIDIA TITAN RTX, 36, 16355, 24576
2026/04/24 01:14:06.074, NVIDIA TITAN RTX, 36, 16355, 24576
2026/04/24 01:14:07.075, NVIDIA TITAN RTX, 36, 16355, 24576
2026/04/24 01:14:08.078, NVIDIA TITAN RTX, 36, 16355, 24576
2026/04/24 01:14:09.079, NVIDIA TITAN RTX, 36, 16355, 24576
2026/04/24 01:14:10.080, NVIDIA TITAN RTX, 36, 16355, 24576
2026/04/24 01:14:11.087, NVIDIA TITAN RTX, 36, 16355, 24576
2026/04/24 01:14:12.088, NVIDIA TITAN RTX, 35, 16355, 24576
2026/04/24 01:14:13.089, NVIDIA TITAN RTX, 36, 16355, 24576
2026/04/24 01:14:14.090, NVIDIA TITAN RTX, 36, 16355, 24576
2026/04/24 01:14:15.092, NVIDIA TITAN RTX, 36, 16355, 24576
2026/04/24 01:14:16.094, NVIDIA TITAN RTX, 36, 16355, 24576
2026/04/24 01:14:17.095, NVIDIA TITAN RTX, 36, 16355, 24576
2026/04/24 01:14:18.097, NVIDIA TITAN RTX, 36, 16355, 24576
2026/04/24 01:14:19.098, NVIDIA TITAN RTX, 36, 16355, 24576
2026/04/24 01:14:20.099, NVIDIA TITAN RTX, 36, 16355, 24576
2026/04/24 01:14:21.100, NVIDIA TITAN RTX, 36, 16355, 24576
2026/04/24 01:14:22.101, NVIDIA TITAN RTX, 36, 16355, 24576
2026/04/24 01:14:23.102, NVIDIA TITAN RTX, 36, 16355, 24576
2026/04/24 01:14:24.104, NVIDIA TITAN RTX, 36, 16355, 24576
2026/04/24 01:14:25.105, NVIDIA TITAN RTX, 36, 16355, 24576
2026/04/24 01:14:26.112, NVIDIA TITAN RTX, 36, 16355, 24576
2026/04/24 01:14:27.114, NVIDIA TITAN RTX, 36, 16355, 24576
2026/04/24 01:14:28.115, NVIDIA TITAN RTX, 36, 16355, 24576
2026/04/24 01:14:29.116, NVIDIA TITAN RTX, 36, 16355, 24576
2026/04/24 01:14:30.118, NVIDIA TITAN RTX, 36, 16355, 24576
2026/04/24 01:14:31.125, NVIDIA TITAN RTX, 36, 16355, 24576
2026/04/24 01:14:32.126, NVIDIA TITAN RTX, 36, 16355, 24576
2026/04/24 01:14:33.127, NVIDIA TITAN RTX, 15, 16355, 24576
2026/04/24 01:14:34.129, NVIDIA TITAN RTX, 40, 16355, 24576
2026/04/24 01:14:35.130, NVIDIA TITAN RTX, 27, 16355, 24576
2026/04/24 01:14:36.131, NVIDIA TITAN RTX, 30, 16355, 24576
2026/04/24 01:14:37.132, NVIDIA TITAN RTX, 35, 16355, 24576
2026/04/24 01:14:38.133, NVIDIA TITAN RTX, 35, 16355, 24576
2026/04/24 01:14:39.134, NVIDIA TITAN RTX, 36, 16355, 24576
2026/04/24 01:14:40.135, NVIDIA TITAN RTX, 36, 16355, 24576
2026/04/24 01:14:41.137, NVIDIA TITAN RTX, 36, 16355, 24576
2026/04/24 01:14:42.138, NVIDIA TITAN RTX, 36, 16355, 24576
2026/04/24 01:14:43.139, NVIDIA TITAN RTX, 36, 16355, 24576
2026/04/24 01:14:44.140, NVIDIA TITAN RTX, 36, 16355, 24576
2026/04/24 01:14:45.142, NVIDIA TITAN RTX, 36, 16355, 24576
2026/04/24 01:14:46.143, NVIDIA TITAN RTX, 36, 16355, 24576
2026/04/24 01:14:47.144, NVIDIA TITAN RTX, 36, 16355, 24576
2026/04/24 01:14:48.146, NVIDIA TITAN RTX, 36, 16355, 24576
2026/04/24 01:14:49.148, NVIDIA TITAN RTX, 36, 16355, 24576
2026/04/24 01:14:50.149, NVIDIA TITAN RTX, 35, 16355, 24576
2026/04/24 01:14:51.150, NVIDIA TITAN RTX, 35, 16355, 24576
2026/04/24 01:14:52.151, NVIDIA TITAN RTX, 36, 16355, 24576
2026/04/24 01:14:53.152, NVIDIA TITAN RTX, 36, 16355, 24576
2026/04/24 01:14:54.154, NVIDIA TITAN RTX, 36, 16355, 24576
2026/04/24 01:14:55.155, NVIDIA TITAN RTX, 36, 16355, 24576
2026/04/24 01:14:56.156, NVIDIA TITAN RTX, 36, 16355, 24576
2026/04/24 01:14:57.157, NVIDIA TITAN RTX, 36, 16355, 24576
2026/04/24 01:14:58.158, NVIDIA TITAN RTX, 36, 16355, 24576
2026/04/24 01:14:59.160, NVIDIA TITAN RTX, 36, 16355, 24576
2026/04/24 01:15:00.161, NVIDIA TITAN RTX, 36, 16355, 24576
2026/04/24 01:15:01.162, NVIDIA TITAN RTX, 36, 16355, 24576
2026/04/24 01:15:02.165, NVIDIA TITAN RTX, 36, 16355, 24576
2026/04/24 01:15:03.166, NVIDIA TITAN RTX, 36, 16355, 24576
2026/04/24 01:15:04.167, NVIDIA TITAN RTX, 36, 16355, 24576
2026/04/24 01:15:05.168, NVIDIA TITAN RTX, 36, 16355, 24576
2026/04/24 01:15:06.169, NVIDIA TITAN RTX, 36, 16355, 24576
2026/04/24 01:15:07.171, NVIDIA TITAN RTX, 36, 16355, 24576
2026/04/24 01:15:08.172, NVIDIA TITAN RTX, 36, 16355, 24576
2026/04/24 01:15:09.174, NVIDIA TITAN RTX, 36, 16355, 24576
2026/04/24 01:15:10.175, NVIDIA TITAN RTX, 36, 16355, 24576
2026/04/24 01:15:11.176, NVIDIA TITAN RTX, 36, 16355, 24576
2026/04/24 01:15:12.177, NVIDIA TITAN RTX, 36, 16355, 24576
2026/04/24 01:15:13.178, NVIDIA TITAN RTX, 36, 16355, 24576
2026/04/24 01:15:14.180, NVIDIA TITAN RTX, 36, 16355, 24576
2026/04/24 01:15:15.181, NVIDIA TITAN RTX, 36, 16355, 24576
2026/04/24 01:15:16.182, NVIDIA TITAN RTX, 36, 16355, 24576
2026/04/24 01:15:17.183, NVIDIA TITAN RTX, 36, 16355, 24576
2026/04/24 01:15:18.184, NVIDIA TITAN RTX, 36, 16355, 24576
2026/04/24 01:15:19.185, NVIDIA TITAN RTX, 36, 16355, 24576
2026/04/24 01:15:20.187, NVIDIA TITAN RTX, 31, 16355, 24576
2026/04/24 01:15:21.189, NVIDIA TITAN RTX, 12, 16355, 24576
2026/04/24 01:15:22.190, NVIDIA TITAN RTX, 60, 16355, 24576
2026/04/24 01:15:23.191, NVIDIA TITAN RTX, 28, 16355, 24576
2026/04/24 01:15:24.192, NVIDIA TITAN RTX, 33, 16355, 24576
2026/04/24 01:15:25.194, NVIDIA TITAN RTX, 36, 16355, 24576
2026/04/24 01:15:26.195, NVIDIA TITAN RTX, 36, 16355, 24576
2026/04/24 01:15:27.196, NVIDIA TITAN RTX, 36, 16355, 24576
2026/04/24 01:15:28.197, NVIDIA TITAN RTX, 36, 16355, 24576
2026/04/24 01:15:29.198, NVIDIA TITAN RTX, 36, 16355, 24576
2026/04/24 01:15:30.201, NVIDIA TITAN RTX, 36, 16355, 24576
2026/04/24 01:15:31.202, NVIDIA TITAN RTX, 36, 16355, 24576
2026/04/24 01:15:32.204, NVIDIA TITAN RTX, 36, 16355, 24576
2026/04/24 01:15:33.205, NVIDIA TITAN RTX, 36, 16355, 24576
2026/04/24 01:15:34.206, NVIDIA TITAN RTX, 37, 16355, 24576
2026/04/24 01:15:35.207, NVIDIA TITAN RTX, 36, 16355, 24576
2026/04/24 01:15:36.208, NVIDIA TITAN RTX, 36, 16355, 24576
2026/04/24 01:15:37.209, NVIDIA TITAN RTX, 36, 16355, 24576
2026/04/24 01:15:38.211, NVIDIA TITAN RTX, 36, 16355, 24576
2026/04/24 01:15:39.213, NVIDIA TITAN RTX, 36, 16355, 24576
2026/04/24 01:15:40.214, NVIDIA TITAN RTX, 36, 16355, 24576
2026/04/24 01:15:41.215, NVIDIA TITAN RTX, 36, 16355, 24576
2026/04/24 01:15:42.216, NVIDIA TITAN RTX, 36, 16355, 24576
2026/04/24 01:15:43.217, NVIDIA TITAN RTX, 37, 16355, 24576
2026/04/24 01:15:44.218, NVIDIA TITAN RTX, 37, 16355, 24576
2026/04/24 01:15:45.219, NVIDIA TITAN RTX, 37, 16355, 24576
2026/04/24 01:15:46.220, NVIDIA TITAN RTX, 36, 16355, 24576
2026/04/24 01:15:47.222, NVIDIA TITAN RTX, 36, 16355, 24576
2026/04/24 01:15:48.223, NVIDIA TITAN RTX, 36, 16355, 24576
2026/04/24 01:15:49.224, NVIDIA TITAN RTX, 36, 16355, 24576
2026/04/24 01:15:50.225, NVIDIA TITAN RTX, 36, 16355, 24576
2026/04/24 01:15:51.226, NVIDIA TITAN RTX, 37, 16355, 24576
2026/04/24 01:15:52.228, NVIDIA TITAN RTX, 37, 16355, 24576
2026/04/24 01:15:53.229, NVIDIA TITAN RTX, 37, 16355, 24576
2026/04/24 01:15:54.230, NVIDIA TITAN RTX, 37, 16355, 24576
2026/04/24 01:15:55.231, NVIDIA TITAN RTX, 37, 16355, 24576
2026/04/24 01:15:56.233, NVIDIA TITAN RTX, 36, 16355, 24576
2026/04/24 01:15:57.234, NVIDIA TITAN RTX, 36, 16355, 24576
2026/04/24 01:15:58.235, NVIDIA TITAN RTX, 36, 16355, 24576
2026/04/24 01:15:59.236, NVIDIA TITAN RTX, 36, 16355, 24576
2026/04/24 01:16:00.237, NVIDIA TITAN RTX, 36, 16355, 24576
2026/04/24 01:16:01.239, NVIDIA TITAN RTX, 36, 16355, 24576
2026/04/24 01:16:02.240, NVIDIA TITAN RTX, 7, 16355, 24576
2026/04/24 01:16:03.241, NVIDIA TITAN RTX, 61, 16355, 24576
2026/04/24 01:16:04.243, NVIDIA TITAN RTX, 27, 16355, 24576
2026/04/24 01:16:05.244, NVIDIA TITAN RTX, 30, 16355, 24576
2026/04/24 01:16:06.245, NVIDIA TITAN RTX, 35, 16355, 24576
2026/04/24 01:16:07.246, NVIDIA TITAN RTX, 36, 16355, 24576
2026/04/24 01:16:08.247, NVIDIA TITAN RTX, 35, 16355, 24576
2026/04/24 01:16:09.248, NVIDIA TITAN RTX, 36, 16355, 24576
2026/04/24 01:16:10.250, NVIDIA TITAN RTX, 36, 16355, 24576
2026/04/24 01:16:11.251, NVIDIA TITAN RTX, 36, 16355, 24576
2026/04/24 01:16:12.252, NVIDIA TITAN RTX, 36, 16355, 24576
2026/04/24 01:16:13.253, NVIDIA TITAN RTX, 36, 16355, 24576
2026/04/24 01:16:14.254, NVIDIA TITAN RTX, 36, 16355, 24576
2026/04/24 01:16:15.256, NVIDIA TITAN RTX, 36, 16355, 24576
2026/04/24 01:16:16.257, NVIDIA TITAN RTX, 36, 16355, 24576
2026/04/24 01:16:17.258, NVIDIA TITAN RTX, 36, 16355, 24576
2026/04/24 01:16:18.259, NVIDIA TITAN RTX, 36, 16355, 24576
2026/04/24 01:16:19.261, NVIDIA TITAN RTX, 36, 16355, 24576
2026/04/24 01:16:20.262, NVIDIA TITAN RTX, 36, 16355, 24576
2026/04/24 01:16:21.263, NVIDIA TITAN RTX, 36, 16355, 24576
2026/04/24 01:16:22.264, NVIDIA TITAN RTX, 36, 16355, 24576
2026/04/24 01:16:23.265, NVIDIA TITAN RTX, 36, 16355, 24576
2026/04/24 01:16:24.266, NVIDIA TITAN RTX, 36, 16355, 24576
2026/04/24 01:16:25.268, NVIDIA TITAN RTX, 36, 16355, 24576
2026/04/24 01:16:26.269, NVIDIA TITAN RTX, 36, 16355, 24576
2026/04/24 01:16:27.270, NVIDIA TITAN RTX, 36, 16355, 24576
2026/04/24 01:16:28.271, NVIDIA TITAN RTX, 36, 16355, 24576
2026/04/24 01:16:29.274, NVIDIA TITAN RTX, 36, 16355, 24576
2026/04/24 01:16:30.275, NVIDIA TITAN RTX, 36, 16355, 24576
2026/04/24 01:16:31.276, NVIDIA TITAN RTX, 36, 16355, 24576
2026/04/24 01:16:32.277, NVIDIA TITAN RTX, 36, 16355, 24576
2026/04/24 01:16:33.278, NVIDIA TITAN RTX, 36, 16355, 24576
2026/04/24 01:16:34.280, NVIDIA TITAN RTX, 36, 16355, 24576
2026/04/24 01:16:35.281, NVIDIA TITAN RTX, 36, 16355, 24576
2026/04/24 01:16:36.282, NVIDIA TITAN RTX, 36, 16355, 24576
2026/04/24 01:16:37.283, NVIDIA TITAN RTX, 36, 16355, 24576
2026/04/24 01:16:38.285, NVIDIA TITAN RTX, 36, 16355, 24576
2026/04/24 01:16:39.286, NVIDIA TITAN RTX, 36, 16355, 24576
2026/04/24 01:16:40.288, NVIDIA TITAN RTX, 36, 16355, 24576
2026/04/24 01:16:41.289, NVIDIA TITAN RTX, 36, 16355, 24576
2026/04/24 01:16:42.290, NVIDIA TITAN RTX, 36, 16355, 24576
2026/04/24 01:16:43.291, NVIDIA TITAN RTX, 36, 16355, 24576
2026/04/24 01:16:44.293, NVIDIA TITAN RTX, 36, 16355, 24576
2026/04/24 01:16:45.294, NVIDIA TITAN RTX, 36, 16355, 24576
2026/04/24 01:16:46.295, NVIDIA TITAN RTX, 16, 16355, 24576
2026/04/24 01:16:47.296, NVIDIA TITAN RTX, 38, 16355, 24576
2026/04/24 01:16:48.297, NVIDIA TITAN RTX, 27, 16355, 24576
2026/04/24 01:16:49.298, NVIDIA TITAN RTX, 30, 16355, 24576
2026/04/24 01:16:50.300, NVIDIA TITAN RTX, 35, 16355, 24576
2026/04/24 01:16:51.301, NVIDIA TITAN RTX, 35, 16355, 24576
2026/04/24 01:16:52.302, NVIDIA TITAN RTX, 35, 16355, 24576
2026/04/24 01:16:53.303, NVIDIA TITAN RTX, 35, 16355, 24576
2026/04/24 01:16:54.304, NVIDIA TITAN RTX, 35, 16355, 24576
2026/04/24 01:16:55.306, NVIDIA TITAN RTX, 35, 16355, 24576
2026/04/24 01:16:56.307, NVIDIA TITAN RTX, 35, 16355, 24576
2026/04/24 01:16:57.308, NVIDIA TITAN RTX, 35, 16355, 24576
2026/04/24 01:16:58.309, NVIDIA TITAN RTX, 36, 16355, 24576
2026/04/24 01:16:59.310, NVIDIA TITAN RTX, 35, 16355, 24576
2026/04/24 01:17:00.312, NVIDIA TITAN RTX, 35, 16355, 24576
2026/04/24 01:17:01.314, NVIDIA TITAN RTX, 36, 16355, 24576
2026/04/24 01:17:02.315, NVIDIA TITAN RTX, 35, 16355, 24576
2026/04/24 01:17:03.316, NVIDIA TITAN RTX, 35, 16355, 24576
2026/04/24 01:17:04.317, NVIDIA TITAN RTX, 35, 16355, 24576
2026/04/24 01:17:05.318, NVIDIA TITAN RTX, 35, 16355, 24576
2026/04/24 01:17:06.320, NVIDIA TITAN RTX, 35, 16355, 24576
2026/04/24 01:17:07.321, NVIDIA TITAN RTX, 35, 16355, 24576
2026/04/24 01:17:08.322, NVIDIA TITAN RTX, 36, 16355, 24576
2026/04/24 01:17:09.323, NVIDIA TITAN RTX, 36, 16355, 24576
2026/04/24 01:17:10.324, NVIDIA TITAN RTX, 35, 16355, 24576
2026/04/24 01:17:11.325, NVIDIA TITAN RTX, 35, 16355, 24576
2026/04/24 01:17:12.327, NVIDIA TITAN RTX, 36, 16355, 24576
2026/04/24 01:17:13.328, NVIDIA TITAN RTX, 35, 16355, 24576
2026/04/24 01:17:14.329, NVIDIA TITAN RTX, 35, 16355, 24576
2026/04/24 01:17:15.330, NVIDIA TITAN RTX, 36, 16355, 24576
2026/04/24 01:17:16.332, NVIDIA TITAN RTX, 36, 16355, 24576
2026/04/24 01:17:17.333, NVIDIA TITAN RTX, 35, 16355, 24576
2026/04/24 01:17:18.334, NVIDIA TITAN RTX, 36, 16355, 24576
2026/04/24 01:17:19.335, NVIDIA TITAN RTX, 36, 16355, 24576
2026/04/24 01:17:20.337, NVIDIA TITAN RTX, 36, 16355, 24576
2026/04/24 01:17:21.338, NVIDIA TITAN RTX, 36, 16355, 24576
2026/04/24 01:17:22.339, NVIDIA TITAN RTX, 36, 16355, 24576
2026/04/24 01:17:23.340, NVIDIA TITAN RTX, 36, 16355, 24576
2026/04/24 01:17:24.342, NVIDIA TITAN RTX, 36, 16355, 24576
2026/04/24 01:17:25.343, NVIDIA TITAN RTX, 36, 16355, 24576
2026/04/24 01:17:26.344, NVIDIA TITAN RTX, 36, 16355, 24576
2026/04/24 01:17:27.345, NVIDIA TITAN RTX, 36, 16355, 24576
2026/04/24 01:17:28.346, NVIDIA TITAN RTX, 36, 16355, 24576
2026/04/24 01:17:29.347, NVIDIA TITAN RTX, 36, 16355, 24576
2026/04/24 01:17:30.349, NVIDIA TITAN RTX, 36, 16355, 24576
2026/04/24 01:17:31.350, NVIDIA TITAN RTX, 36, 16355, 24576
2026/04/24 01:17:32.352, NVIDIA TITAN RTX, 36, 16355, 24576
2026/04/24 01:17:33.353, NVIDIA TITAN RTX, 37, 16355, 24576
2026/04/24 01:17:34.354, NVIDIA TITAN RTX, 36, 16355, 24576
2026/04/24 01:17:35.355, NVIDIA TITAN RTX, 6, 16355, 24576
2026/04/24 01:17:36.357, NVIDIA TITAN RTX, 45, 16355, 24576
2026/04/24 01:17:37.358, NVIDIA TITAN RTX, 27, 16355, 24576
2026/04/24 01:17:38.359, NVIDIA TITAN RTX, 31, 16355, 24576
2026/04/24 01:17:39.360, NVIDIA TITAN RTX, 35, 16355, 24576
2026/04/24 01:17:40.362, NVIDIA TITAN RTX, 36, 16355, 24576
2026/04/24 01:17:41.363, NVIDIA TITAN RTX, 36, 16355, 24576
2026/04/24 01:17:42.364, NVIDIA TITAN RTX, 35, 16355, 24576
2026/04/24 01:17:43.365, NVIDIA TITAN RTX, 36, 16355, 24576
2026/04/24 01:17:44.366, NVIDIA TITAN RTX, 36, 16355, 24576
2026/04/24 01:17:45.367, NVIDIA TITAN RTX, 35, 16355, 24576
2026/04/24 01:17:46.369, NVIDIA TITAN RTX, 36, 16355, 24576
2026/04/24 01:17:47.370, NVIDIA TITAN RTX, 36, 16355, 24576
2026/04/24 01:17:48.371, NVIDIA TITAN RTX, 36, 16355, 24576
2026/04/24 01:17:49.372, NVIDIA TITAN RTX, 36, 16355, 24576
2026/04/24 01:17:50.374, NVIDIA TITAN RTX, 36, 16355, 24576
2026/04/24 01:17:51.375, NVIDIA TITAN RTX, 35, 16355, 24576
2026/04/24 01:17:52.376, NVIDIA TITAN RTX, 36, 16355, 24576
2026/04/24 01:17:53.377, NVIDIA TITAN RTX, 36, 16355, 24576
2026/04/24 01:17:54.379, NVIDIA TITAN RTX, 36, 16355, 24576
2026/04/24 01:17:55.381, NVIDIA TITAN RTX, 36, 16355, 24576
2026/04/24 01:17:56.382, NVIDIA TITAN RTX, 36, 16355, 24576
2026/04/24 01:17:57.383, NVIDIA TITAN RTX, 36, 16355, 24576
2026/04/24 01:17:58.384, NVIDIA TITAN RTX, 36, 16355, 24576
2026/04/24 01:17:59.385, NVIDIA TITAN RTX, 36, 16355, 24576
2026/04/24 01:18:00.386, NVIDIA TITAN RTX, 36, 16355, 24576
2026/04/24 01:18:01.387, NVIDIA TITAN RTX, 36, 16355, 24576
2026/04/24 01:18:02.388, NVIDIA TITAN RTX, 36, 16355, 24576
2026/04/24 01:18:03.390, NVIDIA TITAN RTX, 36, 16355, 24576
2026/04/24 01:18:04.391, NVIDIA TITAN RTX, 36, 16355, 24576
2026/04/24 01:18:05.392, NVIDIA TITAN RTX, 36, 16355, 24576
2026/04/24 01:18:06.393, NVIDIA TITAN RTX, 36, 16355, 24576
2026/04/24 01:18:07.394, NVIDIA TITAN RTX, 36, 16355, 24576
2026/04/24 01:18:08.396, NVIDIA TITAN RTX, 36, 16355, 24576
2026/04/24 01:18:09.397, NVIDIA TITAN RTX, 36, 16355, 24576
2026/04/24 01:18:10.398, NVIDIA TITAN RTX, 36, 16355, 24576
2026/04/24 01:18:11.399, NVIDIA TITAN RTX, 36, 16355, 24576
2026/04/24 01:18:12.400, NVIDIA TITAN RTX, 36, 16355, 24576
2026/04/24 01:18:13.401, NVIDIA TITAN RTX, 36, 16355, 24576
2026/04/24 01:18:14.402, NVIDIA TITAN RTX, 36, 16355, 24576
2026/04/24 01:18:15.404, NVIDIA TITAN RTX, 37, 16355, 24576
2026/04/24 01:18:16.405, NVIDIA TITAN RTX, 36, 16355, 24576
2026/04/24 01:18:17.406, NVIDIA TITAN RTX, 36, 16355, 24576
2026/04/24 01:18:18.407, NVIDIA TITAN RTX, 36, 16355, 24576
2026/04/24 01:18:19.409, NVIDIA TITAN RTX, 36, 16355, 24576
2026/04/24 01:18:20.410, NVIDIA TITAN RTX, 36, 16355, 24576
2026/04/24 01:18:21.411, NVIDIA TITAN RTX, 36, 16355, 24576
2026/04/24 01:18:22.413, NVIDIA TITAN RTX, 36, 16355, 24576
2026/04/24 01:18:23.414, NVIDIA TITAN RTX, 36, 16355, 24576
2026/04/24 01:18:24.415, NVIDIA TITAN RTX, 36, 16355, 24576
2026/04/24 01:18:25.416, NVIDIA TITAN RTX, 25, 16355, 24576
2026/04/24 01:18:26.418, NVIDIA TITAN RTX, 32, 16355, 24576
2026/04/24 01:18:27.419, NVIDIA TITAN RTX, 29, 16355, 24576
2026/04/24 01:18:28.419, NVIDIA TITAN RTX, 28, 16355, 24576
2026/04/24 01:18:29.421, NVIDIA TITAN RTX, 35, 16355, 24576
2026/04/24 01:18:30.422, NVIDIA TITAN RTX, 36, 16355, 24576
2026/04/24 01:18:31.423, NVIDIA TITAN RTX, 35, 16355, 24576
2026/04/24 01:18:32.424, NVIDIA TITAN RTX, 36, 16355, 24576
2026/04/24 01:18:33.426, NVIDIA TITAN RTX, 36, 16355, 24576
2026/04/24 01:18:34.427, NVIDIA TITAN RTX, 36, 16355, 24576
2026/04/24 01:18:35.428, NVIDIA TITAN RTX, 36, 16355, 24576
2026/04/24 01:18:36.429, NVIDIA TITAN RTX, 36, 16355, 24576
2026/04/24 01:18:37.430, NVIDIA TITAN RTX, 36, 16355, 24576
2026/04/24 01:18:38.432, NVIDIA TITAN RTX, 36, 16355, 24576
2026/04/24 01:18:39.434, NVIDIA TITAN RTX, 36, 16355, 24576
2026/04/24 01:18:40.435, NVIDIA TITAN RTX, 36, 16355, 24576
2026/04/24 01:18:41.436, NVIDIA TITAN RTX, 36, 16355, 24576
2026/04/24 01:18:42.437, NVIDIA TITAN RTX, 36, 16355, 24576
2026/04/24 01:18:43.438, NVIDIA TITAN RTX, 36, 16355, 24576
2026/04/24 01:18:44.439, NVIDIA TITAN RTX, 36, 16355, 24576
2026/04/24 01:18:45.440, NVIDIA TITAN RTX, 36, 16355, 24576
2026/04/24 01:18:46.442, NVIDIA TITAN RTX, 36, 16355, 24576
2026/04/24 01:18:47.443, NVIDIA TITAN RTX, 36, 16355, 24576
2026/04/24 01:18:48.444, NVIDIA TITAN RTX, 36, 16355, 24576
2026/04/24 01:18:49.445, NVIDIA TITAN RTX, 36, 16355, 24576
2026/04/24 01:18:50.446, NVIDIA TITAN RTX, 36, 16355, 24576
2026/04/24 01:18:51.447, NVIDIA TITAN RTX, 36, 16355, 24576
2026/04/24 01:18:52.449, NVIDIA TITAN RTX, 36, 16355, 24576
2026/04/24 01:18:53.450, NVIDIA TITAN RTX, 36, 16355, 24576
2026/04/24 01:18:54.451, NVIDIA TITAN RTX, 36, 16355, 24576
2026/04/24 01:18:55.453, NVIDIA TITAN RTX, 36, 16355, 24576
2026/04/24 01:18:56.453, NVIDIA TITAN RTX, 36, 16355, 24576
2026/04/24 01:18:57.456, NVIDIA TITAN RTX, 36, 16355, 24576
2026/04/24 01:18:58.457, NVIDIA TITAN RTX, 36, 16355, 24576
2026/04/24 01:18:59.458, NVIDIA TITAN RTX, 36, 16355, 24576
2026/04/24 01:19:00.460, NVIDIA TITAN RTX, 36, 16355, 24576
2026/04/24 01:19:01.461, NVIDIA TITAN RTX, 37, 16355, 24576
2026/04/24 01:19:02.462, NVIDIA TITAN RTX, 36, 16355, 24576
2026/04/24 01:19:03.463, NVIDIA TITAN RTX, 36, 16355, 24576
2026/04/24 01:19:04.464, NVIDIA TITAN RTX, 36, 16355, 24576
2026/04/24 01:19:05.466, NVIDIA TITAN RTX, 26, 16355, 24576
2026/04/24 01:19:06.467, NVIDIA TITAN RTX, 22, 16355, 24576
2026/04/24 01:19:07.468, NVIDIA TITAN RTX, 73, 16355, 24576
2026/04/24 01:19:08.469, NVIDIA TITAN RTX, 28, 16355, 24576
2026/04/24 01:19:09.470, NVIDIA TITAN RTX, 32, 16355, 24576
2026/04/24 01:19:10.471, NVIDIA TITAN RTX, 36, 16355, 24576
2026/04/24 01:19:11.472, NVIDIA TITAN RTX, 37, 16355, 24576
2026/04/24 01:19:12.474, NVIDIA TITAN RTX, 37, 16355, 24576
2026/04/24 01:19:13.475, NVIDIA TITAN RTX, 37, 16355, 24576
2026/04/24 01:19:14.476, NVIDIA TITAN RTX, 37, 16355, 24576
2026/04/24 01:19:15.478, NVIDIA TITAN RTX, 37, 16355, 24576
2026/04/24 01:19:16.479, NVIDIA TITAN RTX, 37, 16355, 24576
2026/04/24 01:19:17.480, NVIDIA TITAN RTX, 36, 16355, 24576
2026/04/24 01:19:18.481, NVIDIA TITAN RTX, 37, 16355, 24576
2026/04/24 01:19:19.482, NVIDIA TITAN RTX, 37, 16355, 24576
2026/04/24 01:19:20.483, NVIDIA TITAN RTX, 37, 16355, 24576
2026/04/24 01:19:21.485, NVIDIA TITAN RTX, 37, 16355, 24576
2026/04/24 01:19:22.486, NVIDIA TITAN RTX, 37, 16355, 24576
2026/04/24 01:19:23.487, NVIDIA TITAN RTX, 37, 16355, 24576
2026/04/24 01:19:24.488, NVIDIA TITAN RTX, 37, 16355, 24576
2026/04/24 01:19:25.489, NVIDIA TITAN RTX, 37, 16355, 24576
2026/04/24 01:19:26.491, NVIDIA TITAN RTX, 37, 16355, 24576
2026/04/24 01:19:27.492, NVIDIA TITAN RTX, 37, 16355, 24576
2026/04/24 01:19:28.493, NVIDIA TITAN RTX, 37, 16355, 24576
2026/04/24 01:19:29.494, NVIDIA TITAN RTX, 37, 16355, 24576
2026/04/24 01:19:30.495, NVIDIA TITAN RTX, 37, 16355, 24576
2026/04/24 01:19:31.497, NVIDIA TITAN RTX, 37, 16355, 24576
2026/04/24 01:19:32.498, NVIDIA TITAN RTX, 37, 16355, 24576
2026/04/24 01:19:33.499, NVIDIA TITAN RTX, 37, 16355, 24576
2026/04/24 01:19:34.501, NVIDIA TITAN RTX, 37, 16355, 24576
2026/04/24 01:19:35.503, NVIDIA TITAN RTX, 37, 16355, 24576
2026/04/24 01:19:36.504, NVIDIA TITAN RTX, 37, 16355, 24576
2026/04/24 01:19:37.505, NVIDIA TITAN RTX, 37, 16355, 24576
2026/04/24 01:19:38.507, NVIDIA TITAN RTX, 37, 16355, 24576
2026/04/24 01:19:39.508, NVIDIA TITAN RTX, 37, 16355, 24576
2026/04/24 01:19:40.509, NVIDIA TITAN RTX, 37, 16355, 24576
2026/04/24 01:19:41.510, NVIDIA TITAN RTX, 37, 16355, 24576
2026/04/24 01:19:42.512, NVIDIA TITAN RTX, 37, 16355, 24576
2026/04/24 01:19:43.513, NVIDIA TITAN RTX, 37, 16355, 24576
2026/04/24 01:19:44.514, NVIDIA TITAN RTX, 37, 16355, 24576
2026/04/24 01:19:45.515, NVIDIA TITAN RTX, 37, 16355, 24576
2026/04/24 01:19:46.517, NVIDIA TITAN RTX, 37, 16355, 24576
2026/04/24 01:19:47.518, NVIDIA TITAN RTX, 37, 16355, 24576
2026/04/24 01:19:48.519, NVIDIA TITAN RTX, 37, 16355, 24576
2026/04/24 01:19:49.521, NVIDIA TITAN RTX, 31, 16355, 24576
2026/04/24 01:19:50.525, NVIDIA TITAN RTX, 12, 16355, 24576
2026/04/24 01:19:51.526, NVIDIA TITAN RTX, 61, 16355, 24576
2026/04/24 01:19:52.527, NVIDIA TITAN RTX, 27, 16355, 24576
2026/04/24 01:19:53.528, NVIDIA TITAN RTX, 33, 16355, 24576
2026/04/24 01:19:54.529, NVIDIA TITAN RTX, 36, 16355, 24576
2026/04/24 01:19:55.530, NVIDIA TITAN RTX, 36, 16355, 24576
2026/04/24 01:19:56.531, NVIDIA TITAN RTX, 36, 16355, 24576
2026/04/24 01:19:57.533, NVIDIA TITAN RTX, 36, 16355, 24576
2026/04/24 01:19:58.534, NVIDIA TITAN RTX, 36, 16355, 24576
2026/04/24 01:19:59.535, NVIDIA TITAN RTX, 36, 16355, 24576
2026/04/24 01:20:00.536, NVIDIA TITAN RTX, 36, 16355, 24576
2026/04/24 01:20:01.537, NVIDIA TITAN RTX, 36, 16355, 24576
2026/04/24 01:20:02.539, NVIDIA TITAN RTX, 36, 16355, 24576
2026/04/24 01:20:03.540, NVIDIA TITAN RTX, 36, 16355, 24576
2026/04/24 01:20:04.541, NVIDIA TITAN RTX, 37, 16355, 24576
2026/04/24 01:20:05.542, NVIDIA TITAN RTX, 36, 16355, 24576
2026/04/24 01:20:06.543, NVIDIA TITAN RTX, 36, 16355, 24576
2026/04/24 01:20:07.544, NVIDIA TITAN RTX, 36, 16355, 24576
2026/04/24 01:20:08.546, NVIDIA TITAN RTX, 36, 16355, 24576
2026/04/24 01:20:09.547, NVIDIA TITAN RTX, 36, 16355, 24576
2026/04/24 01:20:10.548, NVIDIA TITAN RTX, 36, 16355, 24576
2026/04/24 01:20:11.550, NVIDIA TITAN RTX, 36, 16355, 24576
2026/04/24 01:20:12.551, NVIDIA TITAN RTX, 36, 16355, 24576
2026/04/24 01:20:13.552, NVIDIA TITAN RTX, 36, 16355, 24576
2026/04/24 01:20:14.553, NVIDIA TITAN RTX, 36, 16355, 24576
2026/04/24 01:20:15.554, NVIDIA TITAN RTX, 36, 16355, 24576
2026/04/24 01:20:16.556, NVIDIA TITAN RTX, 36, 16355, 24576
2026/04/24 01:20:17.557, NVIDIA TITAN RTX, 36, 16355, 24576
2026/04/24 01:20:18.558, NVIDIA TITAN RTX, 36, 16355, 24576
2026/04/24 01:20:19.559, NVIDIA TITAN RTX, 36, 16355, 24576
2026/04/24 01:20:20.560, NVIDIA TITAN RTX, 36, 16355, 24576
2026/04/24 01:20:21.561, NVIDIA TITAN RTX, 36, 16355, 24576
2026/04/24 01:20:22.563, NVIDIA TITAN RTX, 36, 16355, 24576
2026/04/24 01:20:23.564, NVIDIA TITAN RTX, 36, 16355, 24576
2026/04/24 01:20:24.565, NVIDIA TITAN RTX, 36, 16355, 24576
2026/04/24 01:20:25.566, NVIDIA TITAN RTX, 36, 16355, 24576
2026/04/24 01:20:26.567, NVIDIA TITAN RTX, 36, 16355, 24576
2026/04/24 01:20:27.568, NVIDIA TITAN RTX, 36, 16355, 24576
2026/04/24 01:20:28.570, NVIDIA TITAN RTX, 36, 16355, 24576
2026/04/24 01:20:29.571, NVIDIA TITAN RTX, 36, 16355, 24576
2026/04/24 01:20:30.572, NVIDIA TITAN RTX, 36, 16355, 24576
2026/04/24 01:20:31.573, NVIDIA TITAN RTX, 36, 16355, 24576
2026/04/24 01:20:32.575, NVIDIA TITAN RTX, 36, 16355, 24576
2026/04/24 01:20:33.576, NVIDIA TITAN RTX, 36, 16355, 24576
2026/04/24 01:20:34.577, NVIDIA TITAN RTX, 36, 16355, 24576
2026/04/24 01:20:35.578, NVIDIA TITAN RTX, 36, 16355, 24576
2026/04/24 01:20:36.580, NVIDIA TITAN RTX, 36, 16355, 24576
2026/04/24 01:20:37.581, NVIDIA TITAN RTX, 25, 16355, 24576
2026/04/24 01:20:38.583, NVIDIA TITAN RTX, 27, 16355, 24576
2026/04/24 01:20:39.584, NVIDIA TITAN RTX, 26, 16355, 24576
2026/04/24 01:20:40.585, NVIDIA TITAN RTX, 27, 16355, 24576
2026/04/24 01:20:41.586, NVIDIA TITAN RTX, 35, 16355, 24576
2026/04/24 01:20:42.587, NVIDIA TITAN RTX, 35, 16355, 24576
2026/04/24 01:20:43.588, NVIDIA TITAN RTX, 35, 16355, 24576
2026/04/24 01:20:44.589, NVIDIA TITAN RTX, 35, 16355, 24576
2026/04/24 01:20:45.591, NVIDIA TITAN RTX, 35, 16355, 24576
2026/04/24 01:20:46.592, NVIDIA TITAN RTX, 35, 16355, 24576
2026/04/24 01:20:47.593, NVIDIA TITAN RTX, 35, 16355, 24576
2026/04/24 01:20:48.594, NVIDIA TITAN RTX, 35, 16355, 24576
2026/04/24 01:20:49.595, NVIDIA TITAN RTX, 35, 16355, 24576
2026/04/24 01:20:50.596, NVIDIA TITAN RTX, 35, 16355, 24576
2026/04/24 01:20:51.597, NVIDIA TITAN RTX, 35, 16355, 24576
2026/04/24 01:20:52.598, NVIDIA TITAN RTX, 35, 16355, 24576
2026/04/24 01:20:53.600, NVIDIA TITAN RTX, 35, 16355, 24576
2026/04/24 01:20:54.601, NVIDIA TITAN RTX, 35, 16355, 24576
2026/04/24 01:20:55.602, NVIDIA TITAN RTX, 35, 16355, 24576
2026/04/24 01:20:56.603, NVIDIA TITAN RTX, 35, 16355, 24576
2026/04/24 01:20:57.604, NVIDIA TITAN RTX, 35, 16355, 24576
2026/04/24 01:20:58.605, NVIDIA TITAN RTX, 35, 16355, 24576
2026/04/24 01:20:59.606, NVIDIA TITAN RTX, 35, 16355, 24576
2026/04/24 01:21:00.607, NVIDIA TITAN RTX, 35, 16355, 24576
2026/04/24 01:21:01.609, NVIDIA TITAN RTX, 35, 16355, 24576
2026/04/24 01:21:02.610, NVIDIA TITAN RTX, 35, 16355, 24576
2026/04/24 01:21:03.611, NVIDIA TITAN RTX, 35, 16355, 24576
2026/04/24 01:21:04.612, NVIDIA TITAN RTX, 35, 16355, 24576
2026/04/24 01:21:05.613, NVIDIA TITAN RTX, 35, 16355, 24576
2026/04/24 01:21:06.615, NVIDIA TITAN RTX, 35, 16355, 24576
2026/04/24 01:21:07.616, NVIDIA TITAN RTX, 35, 16355, 24576
2026/04/24 01:21:08.617, NVIDIA TITAN RTX, 35, 16355, 24576
2026/04/24 01:21:09.619, NVIDIA TITAN RTX, 35, 16355, 24576
2026/04/24 01:21:10.620, NVIDIA TITAN RTX, 35, 16355, 24576
2026/04/24 01:21:11.621, NVIDIA TITAN RTX, 35, 16355, 24576
2026/04/24 01:21:12.622, NVIDIA TITAN RTX, 35, 16355, 24576
2026/04/24 01:21:13.623, NVIDIA TITAN RTX, 35, 16355, 24576
2026/04/24 01:21:14.624, NVIDIA TITAN RTX, 35, 16355, 24576
2026/04/24 01:21:15.625, NVIDIA TITAN RTX, 35, 16355, 24576
2026/04/24 01:21:16.626, NVIDIA TITAN RTX, 36, 16355, 24576
2026/04/24 01:21:17.628, NVIDIA TITAN RTX, 36, 16355, 24576
2026/04/24 01:21:18.630, NVIDIA TITAN RTX, 36, 16355, 24576
2026/04/24 01:21:19.631, NVIDIA TITAN RTX, 36, 16355, 24576
2026/04/24 01:21:20.632, NVIDIA TITAN RTX, 36, 16355, 24576
2026/04/24 01:21:21.633, NVIDIA TITAN RTX, 28, 16355, 24576
2026/04/24 01:21:22.634, NVIDIA TITAN RTX, 21, 16355, 24576
2026/04/24 01:21:23.635, NVIDIA TITAN RTX, 37, 16355, 24576
2026/04/24 01:21:24.636, NVIDIA TITAN RTX, 28, 16355, 24576
2026/04/24 01:21:25.638, NVIDIA TITAN RTX, 34, 16355, 24576
2026/04/24 01:21:26.639, NVIDIA TITAN RTX, 35, 16355, 24576
2026/04/24 01:21:27.640, NVIDIA TITAN RTX, 36, 16355, 24576
2026/04/24 01:21:28.641, NVIDIA TITAN RTX, 36, 16355, 24576
2026/04/24 01:21:29.642, NVIDIA TITAN RTX, 36, 16355, 24576
2026/04/24 01:21:30.643, NVIDIA TITAN RTX, 36, 16355, 24576
2026/04/24 01:21:31.645, NVIDIA TITAN RTX, 36, 16355, 24576
2026/04/24 01:21:32.646, NVIDIA TITAN RTX, 36, 16355, 24576
2026/04/24 01:21:33.647, NVIDIA TITAN RTX, 36, 16355, 24576
2026/04/24 01:21:34.648, NVIDIA TITAN RTX, 36, 16355, 24576
2026/04/24 01:21:35.649, NVIDIA TITAN RTX, 36, 16355, 24576
2026/04/24 01:21:36.650, NVIDIA TITAN RTX, 36, 16355, 24576
2026/04/24 01:21:37.651, NVIDIA TITAN RTX, 36, 16355, 24576
2026/04/24 01:21:38.653, NVIDIA TITAN RTX, 36, 16355, 24576
2026/04/24 01:21:39.654, NVIDIA TITAN RTX, 36, 16355, 24576
2026/04/24 01:21:40.655, NVIDIA TITAN RTX, 36, 16355, 24576
2026/04/24 01:21:41.656, NVIDIA TITAN RTX, 36, 16355, 24576
2026/04/24 01:21:42.657, NVIDIA TITAN RTX, 36, 16355, 24576
2026/04/24 01:21:43.658, NVIDIA TITAN RTX, 36, 16355, 24576
2026/04/24 01:21:44.659, NVIDIA TITAN RTX, 36, 16355, 24576
2026/04/24 01:21:45.661, NVIDIA TITAN RTX, 36, 16355, 24576
2026/04/24 01:21:46.662, NVIDIA TITAN RTX, 36, 16355, 24576
2026/04/24 01:21:47.663, NVIDIA TITAN RTX, 36, 16355, 24576
2026/04/24 01:21:48.664, NVIDIA TITAN RTX, 36, 16355, 24576
2026/04/24 01:21:49.665, NVIDIA TITAN RTX, 36, 16355, 24576
2026/04/24 01:21:50.666, NVIDIA TITAN RTX, 36, 16355, 24576
2026/04/24 01:21:51.668, NVIDIA TITAN RTX, 36, 16355, 24576
2026/04/24 01:21:52.669, NVIDIA TITAN RTX, 36, 16355, 24576
2026/04/24 01:21:53.670, NVIDIA TITAN RTX, 36, 16355, 24576
2026/04/24 01:21:54.672, NVIDIA TITAN RTX, 37, 16355, 24576
2026/04/24 01:21:55.673, NVIDIA TITAN RTX, 36, 16355, 24576
2026/04/24 01:21:56.674, NVIDIA TITAN RTX, 36, 16355, 24576
2026/04/24 01:21:57.675, NVIDIA TITAN RTX, 36, 16355, 24576
2026/04/24 01:21:58.676, NVIDIA TITAN RTX, 36, 16355, 24576
2026/04/24 01:21:59.678, NVIDIA TITAN RTX, 36, 16355, 24576
2026/04/24 01:22:00.679, NVIDIA TITAN RTX, 36, 16355, 24576
2026/04/24 01:22:01.680, NVIDIA TITAN RTX, 36, 16355, 24576
2026/04/24 01:22:02.681, NVIDIA TITAN RTX, 37, 16355, 24576
2026/04/24 01:22:03.683, NVIDIA TITAN RTX, 36, 16355, 24576
2026/04/24 01:22:04.684, NVIDIA TITAN RTX, 37, 16355, 24576
2026/04/24 01:22:05.686, NVIDIA TITAN RTX, 36, 16355, 24576
2026/04/24 01:22:06.688, NVIDIA TITAN RTX, 37, 16355, 24576
2026/04/24 01:22:07.689, NVIDIA TITAN RTX, 36, 16355, 24576
2026/04/24 01:22:08.690, NVIDIA TITAN RTX, 34, 16355, 24576
2026/04/24 01:22:09.691, NVIDIA TITAN RTX, 0, 16355, 24576
2026/04/24 01:22:10.692, NVIDIA TITAN RTX, 67, 16355, 24576
2026/04/24 01:22:11.694, NVIDIA TITAN RTX, 27, 16355, 24576
2026/04/24 01:22:12.695, NVIDIA TITAN RTX, 31, 16355, 24576
2026/04/24 01:22:13.696, NVIDIA TITAN RTX, 35, 16355, 24576
2026/04/24 01:22:14.697, NVIDIA TITAN RTX, 36, 16355, 24576
2026/04/24 01:22:15.698, NVIDIA TITAN RTX, 36, 16355, 24576
2026/04/24 01:22:16.699, NVIDIA TITAN RTX, 36, 16355, 24576
2026/04/24 01:22:17.701, NVIDIA TITAN RTX, 36, 16355, 24576
2026/04/24 01:22:18.702, NVIDIA TITAN RTX, 36, 16355, 24576
2026/04/24 01:22:19.703, NVIDIA TITAN RTX, 36, 16355, 24576
2026/04/24 01:22:20.704, NVIDIA TITAN RTX, 36, 16355, 24576
2026/04/24 01:22:21.705, NVIDIA TITAN RTX, 36, 16355, 24576
2026/04/24 01:22:22.707, NVIDIA TITAN RTX, 36, 16355, 24576
2026/04/24 01:22:23.708, NVIDIA TITAN RTX, 36, 16355, 24576
2026/04/24 01:22:24.709, NVIDIA TITAN RTX, 36, 16355, 24576
2026/04/24 01:22:25.711, NVIDIA TITAN RTX, 36, 16355, 24576
2026/04/24 01:22:26.712, NVIDIA TITAN RTX, 36, 16355, 24576
2026/04/24 01:22:27.713, NVIDIA TITAN RTX, 36, 16355, 24576
2026/04/24 01:22:28.714, NVIDIA TITAN RTX, 36, 16355, 24576
2026/04/24 01:22:29.715, NVIDIA TITAN RTX, 36, 16355, 24576
2026/04/24 01:22:30.716, NVIDIA TITAN RTX, 36, 16355, 24576
2026/04/24 01:22:31.717, NVIDIA TITAN RTX, 36, 16355, 24576
2026/04/24 01:22:32.719, NVIDIA TITAN RTX, 36, 16355, 24576
2026/04/24 01:22:33.720, NVIDIA TITAN RTX, 36, 16355, 24576
2026/04/24 01:22:34.721, NVIDIA TITAN RTX, 36, 16355, 24576
2026/04/24 01:22:35.723, NVIDIA TITAN RTX, 36, 16355, 24576
2026/04/24 01:22:36.724, NVIDIA TITAN RTX, 37, 16355, 24576
2026/04/24 01:22:37.725, NVIDIA TITAN RTX, 37, 16355, 24576
2026/04/24 01:22:38.726, NVIDIA TITAN RTX, 36, 16355, 24576
2026/04/24 01:22:39.727, NVIDIA TITAN RTX, 36, 16355, 24576
2026/04/24 01:22:40.728, NVIDIA TITAN RTX, 36, 16355, 24576
2026/04/24 01:22:41.729, NVIDIA TITAN RTX, 36, 16355, 24576
2026/04/24 01:22:42.731, NVIDIA TITAN RTX, 36, 16355, 24576
2026/04/24 01:22:43.732, NVIDIA TITAN RTX, 36, 16355, 24576
2026/04/24 01:22:44.733, NVIDIA TITAN RTX, 36, 16355, 24576
2026/04/24 01:22:45.734, NVIDIA TITAN RTX, 27, 16355, 24576
2026/04/24 01:22:46.735, NVIDIA TITAN RTX, 24, 16355, 24576
2026/04/24 01:22:47.736, NVIDIA TITAN RTX, 53, 16355, 24576
2026/04/24 01:22:48.737, NVIDIA TITAN RTX, 27, 16355, 24576
2026/04/24 01:22:49.738, NVIDIA TITAN RTX, 33, 16355, 24576
2026/04/24 01:22:50.740, NVIDIA TITAN RTX, 36, 16355, 24576
2026/04/24 01:22:51.741, NVIDIA TITAN RTX, 36, 16355, 24576
2026/04/24 01:22:52.742, NVIDIA TITAN RTX, 36, 16355, 24576
2026/04/24 01:22:53.743, NVIDIA TITAN RTX, 36, 16355, 24576
2026/04/24 01:22:54.745, NVIDIA TITAN RTX, 36, 16355, 24576
2026/04/24 01:22:55.746, NVIDIA TITAN RTX, 36, 16355, 24576
2026/04/24 01:22:56.747, NVIDIA TITAN RTX, 36, 16355, 24576
2026/04/24 01:22:57.748, NVIDIA TITAN RTX, 33, 16355, 24576
2026/04/24 01:22:58.750, NVIDIA TITAN RTX, 36, 16355, 24576
2026/04/24 01:22:59.751, NVIDIA TITAN RTX, 36, 16355, 24576
2026/04/24 01:23:00.752, NVIDIA TITAN RTX, 36, 16355, 24576
2026/04/24 01:23:01.753, NVIDIA TITAN RTX, 36, 16355, 24576
2026/04/24 01:23:02.754, NVIDIA TITAN RTX, 36, 16355, 24576
2026/04/24 01:23:03.755, NVIDIA TITAN RTX, 36, 16355, 24576
2026/04/24 01:23:04.756, NVIDIA TITAN RTX, 36, 16355, 24576
2026/04/24 01:23:05.757, NVIDIA TITAN RTX, 36, 16355, 24576
2026/04/24 01:23:06.759, NVIDIA TITAN RTX, 36, 16355, 24576
2026/04/24 01:23:07.760, NVIDIA TITAN RTX, 36, 16355, 24576
2026/04/24 01:23:08.761, NVIDIA TITAN RTX, 36, 16355, 24576
2026/04/24 01:23:09.762, NVIDIA TITAN RTX, 36, 16355, 24576
2026/04/24 01:23:10.763, NVIDIA TITAN RTX, 36, 16355, 24576
2026/04/24 01:23:11.764, NVIDIA TITAN RTX, 36, 16355, 24576
2026/04/24 01:23:12.765, NVIDIA TITAN RTX, 36, 16355, 24576
2026/04/24 01:23:13.771, NVIDIA TITAN RTX, 36, 16355, 24576
2026/04/24 01:23:14.772, NVIDIA TITAN RTX, 36, 16355, 24576
2026/04/24 01:23:15.773, NVIDIA TITAN RTX, 36, 16355, 24576
2026/04/24 01:23:16.774, NVIDIA TITAN RTX, 36, 16355, 24576
2026/04/24 01:23:17.775, NVIDIA TITAN RTX, 36, 16355, 24576
2026/04/24 01:23:18.776, NVIDIA TITAN RTX, 36, 16355, 24576
2026/04/24 01:23:19.777, NVIDIA TITAN RTX, 36, 16355, 24576
2026/04/24 01:23:20.779, NVIDIA TITAN RTX, 36, 16355, 24576
2026/04/24 01:23:21.780, NVIDIA TITAN RTX, 36, 16355, 24576
2026/04/24 01:23:22.781, NVIDIA TITAN RTX, 36, 16355, 24576
2026/04/24 01:23:23.782, NVIDIA TITAN RTX, 36, 16355, 24576
2026/04/24 01:23:24.783, NVIDIA TITAN RTX, 36, 16355, 24576
2026/04/24 01:23:25.784, NVIDIA TITAN RTX, 36, 16355, 24576
2026/04/24 01:23:26.785, NVIDIA TITAN RTX, 36, 16355, 24576
2026/04/24 01:23:27.786, NVIDIA TITAN RTX, 36, 16355, 24576
2026/04/24 01:23:28.789, NVIDIA TITAN RTX, 36, 16355, 24576
2026/04/24 01:23:29.791, NVIDIA TITAN RTX, 36, 16355, 24576
2026/04/24 01:23:30.792, NVIDIA TITAN RTX, 36, 16355, 24576
2026/04/24 01:23:31.793, NVIDIA TITAN RTX, 17, 16355, 24576
2026/04/24 01:23:32.794, NVIDIA TITAN RTX, 48, 16355, 24576
2026/04/24 01:23:33.795, NVIDIA TITAN RTX, 54, 16355, 24576
2026/04/24 01:23:34.796, NVIDIA TITAN RTX, 28, 16355, 24576
2026/04/24 01:23:35.799, NVIDIA TITAN RTX, 33, 16355, 24576
2026/04/24 01:23:36.801, NVIDIA TITAN RTX, 36, 16355, 24576
2026/04/24 01:23:37.802, NVIDIA TITAN RTX, 36, 16355, 24576
2026/04/24 01:23:38.803, NVIDIA TITAN RTX, 36, 16355, 24576
2026/04/24 01:23:39.805, NVIDIA TITAN RTX, 36, 16355, 24576
2026/04/24 01:23:40.806, NVIDIA TITAN RTX, 36, 16355, 24576
2026/04/24 01:23:41.807, NVIDIA TITAN RTX, 36, 16355, 24576
2026/04/24 01:23:42.808, NVIDIA TITAN RTX, 36, 16355, 24576
2026/04/24 01:23:43.809, NVIDIA TITAN RTX, 36, 16355, 24576
2026/04/24 01:23:44.811, NVIDIA TITAN RTX, 36, 16355, 24576
2026/04/24 01:23:45.812, NVIDIA TITAN RTX, 36, 16355, 24576
2026/04/24 01:23:46.813, NVIDIA TITAN RTX, 36, 16355, 24576
2026/04/24 01:23:47.814, NVIDIA TITAN RTX, 36, 16355, 24576
2026/04/24 01:23:48.815, NVIDIA TITAN RTX, 36, 16355, 24576
2026/04/24 01:23:49.817, NVIDIA TITAN RTX, 36, 16355, 24576
2026/04/24 01:23:50.818, NVIDIA TITAN RTX, 36, 16355, 24576
2026/04/24 01:23:51.821, NVIDIA TITAN RTX, 36, 16355, 24576
2026/04/24 01:23:52.823, NVIDIA TITAN RTX, 36, 16355, 24576
2026/04/24 01:23:53.824, NVIDIA TITAN RTX, 36, 16355, 24576
2026/04/24 01:23:54.825, NVIDIA TITAN RTX, 37, 16355, 24576
2026/04/24 01:23:55.826, NVIDIA TITAN RTX, 37, 16355, 24576
2026/04/24 01:23:56.829, NVIDIA TITAN RTX, 36, 16355, 24576
2026/04/24 01:23:57.830, NVIDIA TITAN RTX, 37, 16355, 24576
2026/04/24 01:23:58.831, NVIDIA TITAN RTX, 37, 16355, 24576
2026/04/24 01:23:59.832, NVIDIA TITAN RTX, 37, 16355, 24576
2026/04/24 01:24:00.834, NVIDIA TITAN RTX, 37, 16355, 24576
2026/04/24 01:24:01.836, NVIDIA TITAN RTX, 37, 16355, 24576
2026/04/24 01:24:02.837, NVIDIA TITAN RTX, 36, 16355, 24576
2026/04/24 01:24:03.838, NVIDIA TITAN RTX, 36, 16355, 24576
2026/04/24 01:24:04.839, NVIDIA TITAN RTX, 36, 16355, 24576
2026/04/24 01:24:05.840, NVIDIA TITAN RTX, 37, 16355, 24576
2026/04/24 01:24:06.842, NVIDIA TITAN RTX, 37, 16355, 24576
2026/04/24 01:24:07.843, NVIDIA TITAN RTX, 37, 16355, 24576
2026/04/24 01:24:08.844, NVIDIA TITAN RTX, 37, 16355, 24576
2026/04/24 01:24:09.845, NVIDIA TITAN RTX, 37, 16355, 24576
2026/04/24 01:24:10.847, NVIDIA TITAN RTX, 36, 16355, 24576
2026/04/24 01:24:11.848, NVIDIA TITAN RTX, 37, 16355, 24576
2026/04/24 01:24:12.849, NVIDIA TITAN RTX, 37, 16355, 24576
2026/04/24 01:24:13.850, NVIDIA TITAN RTX, 37, 16355, 24576
2026/04/24 01:24:14.852, NVIDIA TITAN RTX, 37, 16355, 24576
2026/04/24 01:24:15.853, NVIDIA TITAN RTX, 37, 16355, 24576
2026/04/24 01:24:16.854, NVIDIA TITAN RTX, 37, 16355, 24576
2026/04/24 01:24:17.855, NVIDIA TITAN RTX, 37, 16355, 24576
2026/04/24 01:24:18.857, NVIDIA TITAN RTX, 37, 16355, 24576
2026/04/24 01:24:19.858, NVIDIA TITAN RTX, 37, 16355, 24576
2026/04/24 01:24:20.859, NVIDIA TITAN RTX, 37, 16355, 24576
2026/04/24 01:24:21.860, NVIDIA TITAN RTX, 37, 16355, 24576
2026/04/24 01:24:22.861, NVIDIA TITAN RTX, 37, 16355, 24576
2026/04/24 01:24:23.862, NVIDIA TITAN RTX, 37, 16355, 24576
2026/04/24 01:24:24.864, NVIDIA TITAN RTX, 37, 16355, 24576
2026/04/24 01:24:25.865, NVIDIA TITAN RTX, 37, 16355, 24576
2026/04/24 01:24:26.866, NVIDIA TITAN RTX, 34, 16355, 24576
2026/04/24 01:24:27.867, NVIDIA TITAN RTX, 8, 16355, 24576
2026/04/24 01:24:28.868, NVIDIA TITAN RTX, 43, 16355, 24576
2026/04/24 01:24:29.869, NVIDIA TITAN RTX, 27, 16355, 24576
2026/04/24 01:24:30.870, NVIDIA TITAN RTX, 34, 16355, 24576
2026/04/24 01:24:31.872, NVIDIA TITAN RTX, 35, 16355, 24576
2026/04/24 01:24:32.873, NVIDIA TITAN RTX, 35, 16355, 24576
2026/04/24 01:24:33.874, NVIDIA TITAN RTX, 35, 16355, 24576
2026/04/24 01:24:34.875, NVIDIA TITAN RTX, 35, 16355, 24576
2026/04/24 01:24:35.876, NVIDIA TITAN RTX, 35, 16355, 24576
2026/04/24 01:24:36.878, NVIDIA TITAN RTX, 35, 16355, 24576
2026/04/24 01:24:37.879, NVIDIA TITAN RTX, 35, 16355, 24576
2026/04/24 01:24:38.880, NVIDIA TITAN RTX, 35, 16355, 24576
2026/04/24 01:24:39.881, NVIDIA TITAN RTX, 35, 16355, 24576
2026/04/24 01:24:40.882, NVIDIA TITAN RTX, 35, 16355, 24576
2026/04/24 01:24:41.883, NVIDIA TITAN RTX, 36, 16355, 24576
2026/04/24 01:24:42.885, NVIDIA TITAN RTX, 35, 16355, 24576
2026/04/24 01:24:43.886, NVIDIA TITAN RTX, 35, 16355, 24576
2026/04/24 01:24:44.887, NVIDIA TITAN RTX, 35, 16355, 24576
2026/04/24 01:24:45.888, NVIDIA TITAN RTX, 35, 16355, 24576
2026/04/24 01:24:46.890, NVIDIA TITAN RTX, 35, 16355, 24576
2026/04/24 01:24:47.891, NVIDIA TITAN RTX, 35, 16355, 24576
2026/04/24 01:24:48.892, NVIDIA TITAN RTX, 35, 16355, 24576
2026/04/24 01:24:49.893, NVIDIA TITAN RTX, 36, 16355, 24576
2026/04/24 01:24:50.894, NVIDIA TITAN RTX, 35, 16355, 24576
2026/04/24 01:24:51.895, NVIDIA TITAN RTX, 35, 16355, 24576
2026/04/24 01:24:52.896, NVIDIA TITAN RTX, 35, 16355, 24576
2026/04/24 01:24:53.898, NVIDIA TITAN RTX, 36, 16355, 24576
2026/04/24 01:24:54.899, NVIDIA TITAN RTX, 36, 16355, 24576
2026/04/24 01:24:55.900, NVIDIA TITAN RTX, 36, 16355, 24576
2026/04/24 01:24:56.901, NVIDIA TITAN RTX, 36, 16355, 24576
2026/04/24 01:24:57.902, NVIDIA TITAN RTX, 36, 16355, 24576
2026/04/24 01:24:58.904, NVIDIA TITAN RTX, 36, 16355, 24576
2026/04/24 01:24:59.906, NVIDIA TITAN RTX, 36, 16355, 24576
2026/04/24 01:25:00.908, NVIDIA TITAN RTX, 36, 16355, 24576
2026/04/24 01:25:01.909, NVIDIA TITAN RTX, 35, 16355, 24576
2026/04/24 01:25:02.910, NVIDIA TITAN RTX, 36, 16355, 24576
2026/04/24 01:25:03.912, NVIDIA TITAN RTX, 35, 16355, 24576
2026/04/24 01:25:04.913, NVIDIA TITAN RTX, 35, 16355, 24576
2026/04/24 01:25:05.914, NVIDIA TITAN RTX, 35, 16355, 24576
2026/04/24 01:25:06.915, NVIDIA TITAN RTX, 36, 16355, 24576
2026/04/24 01:25:07.916, NVIDIA TITAN RTX, 36, 16355, 24576
2026/04/24 01:25:08.917, NVIDIA TITAN RTX, 36, 16355, 24576
2026/04/24 01:25:09.918, NVIDIA TITAN RTX, 36, 16355, 24576
2026/04/24 01:25:10.919, NVIDIA TITAN RTX, 36, 16355, 24576
2026/04/24 01:25:11.921, NVIDIA TITAN RTX, 36, 16355, 24576
2026/04/24 01:25:12.922, NVIDIA TITAN RTX, 36, 16355, 24576
2026/04/24 01:25:13.923, NVIDIA TITAN RTX, 36, 16355, 24576
2026/04/24 01:25:14.924, NVIDIA TITAN RTX, 36, 16355, 24576
2026/04/24 01:25:15.926, NVIDIA TITAN RTX, 36, 16355, 24576
2026/04/24 01:25:16.927, NVIDIA TITAN RTX, 36, 16355, 24576
2026/04/24 01:25:17.928, NVIDIA TITAN RTX, 36, 16355, 24576
2026/04/24 01:25:18.929, NVIDIA TITAN RTX, 36, 16355, 24576
2026/04/24 01:25:19.931, NVIDIA TITAN RTX, 36, 16355, 24576
2026/04/24 01:25:20.932, NVIDIA TITAN RTX, 9, 16355, 24576
2026/04/24 01:25:21.933, NVIDIA TITAN RTX, 39, 16355, 24576
2026/04/24 01:25:22.934, NVIDIA TITAN RTX, 26, 16355, 24576
2026/04/24 01:25:23.935, NVIDIA TITAN RTX, 31, 16355, 24576
2026/04/24 01:25:24.937, NVIDIA TITAN RTX, 35, 16355, 24576
2026/04/24 01:25:25.938, NVIDIA TITAN RTX, 35, 16355, 24576
2026/04/24 01:25:26.939, NVIDIA TITAN RTX, 35, 16355, 24576
2026/04/24 01:25:27.940, NVIDIA TITAN RTX, 35, 16355, 24576
2026/04/24 01:25:28.941, NVIDIA TITAN RTX, 35, 16355, 24576
2026/04/24 01:25:29.943, NVIDIA TITAN RTX, 35, 16355, 24576
2026/04/24 01:25:30.944, NVIDIA TITAN RTX, 35, 16355, 24576
2026/04/24 01:25:31.945, NVIDIA TITAN RTX, 35, 16355, 24576
2026/04/24 01:25:32.946, NVIDIA TITAN RTX, 35, 16355, 24576
2026/04/24 01:25:33.947, NVIDIA TITAN RTX, 35, 16355, 24576
2026/04/24 01:25:34.948, NVIDIA TITAN RTX, 35, 16355, 24576
2026/04/24 01:25:35.949, NVIDIA TITAN RTX, 35, 16355, 24576
2026/04/24 01:25:36.951, NVIDIA TITAN RTX, 35, 16355, 24576
2026/04/24 01:25:37.952, NVIDIA TITAN RTX, 35, 16355, 24576
2026/04/24 01:25:38.953, NVIDIA TITAN RTX, 35, 16355, 24576
2026/04/24 01:25:39.954, NVIDIA TITAN RTX, 35, 16355, 24576
2026/04/24 01:25:40.955, NVIDIA TITAN RTX, 35, 16355, 24576
2026/04/24 01:25:41.957, NVIDIA TITAN RTX, 35, 16355, 24576
2026/04/24 01:25:42.958, NVIDIA TITAN RTX, 35, 16355, 24576
2026/04/24 01:25:43.959, NVIDIA TITAN RTX, 35, 16355, 24576
2026/04/24 01:25:44.960, NVIDIA TITAN RTX, 35, 16355, 24576
2026/04/24 01:25:45.961, NVIDIA TITAN RTX, 35, 16355, 24576
2026/04/24 01:25:46.962, NVIDIA TITAN RTX, 35, 16355, 24576
2026/04/24 01:25:47.963, NVIDIA TITAN RTX, 35, 16355, 24576
2026/04/24 01:25:48.965, NVIDIA TITAN RTX, 35, 16355, 24576
2026/04/24 01:25:49.966, NVIDIA TITAN RTX, 35, 16355, 24576
2026/04/24 01:25:50.967, NVIDIA TITAN RTX, 35, 16355, 24576
2026/04/24 01:25:51.969, NVIDIA TITAN RTX, 35, 16355, 24576
2026/04/24 01:25:52.970, NVIDIA TITAN RTX, 35, 16355, 24576
2026/04/24 01:25:53.971, NVIDIA TITAN RTX, 36, 16355, 24576
2026/04/24 01:25:54.972, NVIDIA TITAN RTX, 35, 16355, 24576
2026/04/24 01:25:55.973, NVIDIA TITAN RTX, 35, 16355, 24576
2026/04/24 01:25:56.974, NVIDIA TITAN RTX, 35, 16355, 24576
2026/04/24 01:25:57.975, NVIDIA TITAN RTX, 36, 16355, 24576
2026/04/24 01:25:58.977, NVIDIA TITAN RTX, 36, 16355, 24576
2026/04/24 01:25:59.978, NVIDIA TITAN RTX, 36, 16355, 24576
2026/04/24 01:26:00.979, NVIDIA TITAN RTX, 29, 16355, 24576
