timestamp,name,utilization.gpu,memory.used,memory.total
2026/04/24 01:49:34.937, NVIDIA TITAN RTX, 0, 58, 24576
2026/04/24 01:49:35.941, NVIDIA TITAN RTX, 0, 58, 24576
2026/04/24 01:49:36.943, NVIDIA TITAN RTX, 0, 58, 24576
2026/04/24 01:49:37.945, NVIDIA TITAN RTX, 0, 58, 24576
2026/04/24 01:49:38.947, NVIDIA TITAN RTX, 0, 58, 24576
2026/04/24 01:49:39.949, NVIDIA TITAN RTX, 0, 61, 24576
2026/04/24 01:49:40.951, NVIDIA TITAN RTX, 0, 61, 24576
2026/04/24 01:49:41.953, NVIDIA TITAN RTX, 0, 61, 24576
2026/04/24 01:49:42.955, NVIDIA TITAN RTX, 4, 9111, 24576
2026/04/24 01:49:43.956, NVIDIA TITAN RTX, 86, 9193, 24576
2026/04/24 01:49:44.957, NVIDIA TITAN RTX, 58, 11311, 24576
2026/04/24 01:49:45.958, NVIDIA TITAN RTX, 64, 12477, 24576
2026/04/24 01:49:46.959, NVIDIA TITAN RTX, 90, 12505, 24576
2026/04/24 01:49:47.960, NVIDIA TITAN RTX, 28, 12505, 24576
2026/04/24 01:49:48.961, NVIDIA TITAN RTX, 30, 12505, 24576
2026/04/24 01:49:49.963, NVIDIA TITAN RTX, 35, 12505, 24576
2026/04/24 01:49:50.964, NVIDIA TITAN RTX, 36, 12505, 24576
2026/04/24 01:49:51.965, NVIDIA TITAN RTX, 36, 12505, 24576
2026/04/24 01:49:52.967, NVIDIA TITAN RTX, 36, 12505, 24576
2026/04/24 01:49:53.968, NVIDIA TITAN RTX, 36, 12505, 24576
2026/04/24 01:49:54.969, NVIDIA TITAN RTX, 36, 12505, 24576
2026/04/24 01:49:55.970, NVIDIA TITAN RTX, 36, 12505, 24576
2026/04/24 01:49:56.971, NVIDIA TITAN RTX, 36, 12505, 24576
2026/04/24 01:49:57.973, NVIDIA TITAN RTX, 36, 12505, 24576
2026/04/24 01:49:58.974, NVIDIA TITAN RTX, 36, 12505, 24576
2026/04/24 01:49:59.975, NVIDIA TITAN RTX, 36, 12505, 24576
2026/04/24 01:50:00.976, NVIDIA TITAN RTX, 37, 12505, 24576
2026/04/24 01:50:01.977, NVIDIA TITAN RTX, 36, 12505, 24576
2026/04/24 01:50:02.979, NVIDIA TITAN RTX, 37, 12505, 24576
2026/04/24 01:50:03.980, NVIDIA TITAN RTX, 36, 12505, 24576
2026/04/24 01:50:04.981, NVIDIA TITAN RTX, 36, 12505, 24576
2026/04/24 01:50:05.982, NVIDIA TITAN RTX, 37, 12505, 24576
2026/04/24 01:50:06.983, NVIDIA TITAN RTX, 37, 12505, 24576
2026/04/24 01:50:07.984, NVIDIA TITAN RTX, 36, 12505, 24576
2026/04/24 01:50:08.985, NVIDIA TITAN RTX, 36, 12505, 24576
2026/04/24 01:50:09.987, NVIDIA TITAN RTX, 37, 12505, 24576
2026/04/24 01:50:10.988, NVIDIA TITAN RTX, 36, 12505, 24576
2026/04/24 01:50:11.989, NVIDIA TITAN RTX, 37, 12505, 24576
2026/04/24 01:50:12.990, NVIDIA TITAN RTX, 37, 12505, 24576
2026/04/24 01:50:13.992, NVIDIA TITAN RTX, 37, 12505, 24576
2026/04/24 01:50:14.994, NVIDIA TITAN RTX, 37, 12505, 24576
2026/04/24 01:50:15.995, NVIDIA TITAN RTX, 37, 12505, 24576
2026/04/24 01:50:16.996, NVIDIA TITAN RTX, 37, 12505, 24576
2026/04/24 01:50:17.997, NVIDIA TITAN RTX, 37, 12505, 24576
2026/04/24 01:50:18.999, NVIDIA TITAN RTX, 37, 12505, 24576
2026/04/24 01:50:20.000, NVIDIA TITAN RTX, 37, 12505, 24576
2026/04/24 01:50:21.001, NVIDIA TITAN RTX, 36, 12505, 24576
2026/04/24 01:50:22.002, NVIDIA TITAN RTX, 37, 12505, 24576
2026/04/24 01:50:23.003, NVIDIA TITAN RTX, 37, 12505, 24576
2026/04/24 01:50:24.005, NVIDIA TITAN RTX, 37, 12505, 24576
2026/04/24 01:50:25.006, NVIDIA TITAN RTX, 37, 12505, 24576
2026/04/24 01:50:26.007, NVIDIA TITAN RTX, 37, 12505, 24576
2026/04/24 01:50:27.009, NVIDIA TITAN RTX, 37, 12505, 24576
2026/04/24 01:50:28.011, NVIDIA TITAN RTX, 37, 12505, 24576
2026/04/24 01:50:29.012, NVIDIA TITAN RTX, 37, 12505, 24576
2026/04/24 01:50:30.013, NVIDIA TITAN RTX, 37, 12505, 24576
2026/04/24 01:50:31.014, NVIDIA TITAN RTX, 37, 12505, 24576
2026/04/24 01:50:32.016, NVIDIA TITAN RTX, 37, 12505, 24576
2026/04/24 01:50:33.017, NVIDIA TITAN RTX, 37, 12505, 24576
2026/04/24 01:50:34.018, NVIDIA TITAN RTX, 37, 12505, 24576
2026/04/24 01:50:35.020, NVIDIA TITAN RTX, 38, 12505, 24576
2026/04/24 01:50:36.022, NVIDIA TITAN RTX, 37, 12505, 24576
2026/04/24 01:50:37.023, NVIDIA TITAN RTX, 38, 12505, 24576
2026/04/24 01:50:38.024, NVIDIA TITAN RTX, 37, 12505, 24576
2026/04/24 01:50:39.025, NVIDIA TITAN RTX, 37, 12505, 24576
2026/04/24 01:50:40.026, NVIDIA TITAN RTX, 37, 12505, 24576
2026/04/24 01:50:41.027, NVIDIA TITAN RTX, 37, 12505, 24576
2026/04/24 01:50:42.029, NVIDIA TITAN RTX, 37, 12505, 24576
2026/04/24 01:50:43.030, NVIDIA TITAN RTX, 37, 12505, 24576
2026/04/24 01:50:44.031, NVIDIA TITAN RTX, 37, 12505, 24576
2026/04/24 01:50:45.032, NVIDIA TITAN RTX, 37, 12505, 24576
2026/04/24 01:50:46.033, NVIDIA TITAN RTX, 37, 12505, 24576
2026/04/24 01:50:47.034, NVIDIA TITAN RTX, 37, 12505, 24576
2026/04/24 01:50:48.036, NVIDIA TITAN RTX, 37, 12505, 24576
2026/04/24 01:50:49.037, NVIDIA TITAN RTX, 37, 12505, 24576
2026/04/24 01:50:50.039, NVIDIA TITAN RTX, 38, 12505, 24576
2026/04/24 01:50:51.040, NVIDIA TITAN RTX, 38, 12505, 24576
2026/04/24 01:50:52.041, NVIDIA TITAN RTX, 37, 12505, 24576
2026/04/24 01:50:53.042, NVIDIA TITAN RTX, 37, 12505, 24576
2026/04/24 01:50:54.043, NVIDIA TITAN RTX, 37, 12505, 24576
2026/04/24 01:50:55.044, NVIDIA TITAN RTX, 38, 12505, 24576
2026/04/24 01:50:56.045, NVIDIA TITAN RTX, 38, 12505, 24576
2026/04/24 01:50:57.047, NVIDIA TITAN RTX, 37, 12505, 24576
2026/04/24 01:50:58.048, NVIDIA TITAN RTX, 38, 12505, 24576
2026/04/24 01:50:59.049, NVIDIA TITAN RTX, 38, 12505, 24576
2026/04/24 01:51:00.050, NVIDIA TITAN RTX, 38, 12505, 24576
2026/04/24 01:51:01.052, NVIDIA TITAN RTX, 38, 12505, 24576
2026/04/24 01:51:02.053, NVIDIA TITAN RTX, 37, 12505, 24576
2026/04/24 01:51:03.054, NVIDIA TITAN RTX, 38, 12505, 24576
2026/04/24 01:51:04.055, NVIDIA TITAN RTX, 92, 12505, 24576
2026/04/24 01:51:05.056, NVIDIA TITAN RTX, 66, 12505, 24576
2026/04/24 01:51:06.057, NVIDIA TITAN RTX, 30, 12505, 24576
2026/04/24 01:51:07.058, NVIDIA TITAN RTX, 33, 12505, 24576
2026/04/24 01:51:08.059, NVIDIA TITAN RTX, 35, 12505, 24576
2026/04/24 01:51:09.060, NVIDIA TITAN RTX, 37, 12505, 24576
2026/04/24 01:51:10.062, NVIDIA TITAN RTX, 37, 12505, 24576
2026/04/24 01:51:11.063, NVIDIA TITAN RTX, 37, 12505, 24576
2026/04/24 01:51:12.064, NVIDIA TITAN RTX, 37, 12505, 24576
2026/04/24 01:51:13.065, NVIDIA TITAN RTX, 37, 12505, 24576
2026/04/24 01:51:14.066, NVIDIA TITAN RTX, 38, 12505, 24576
2026/04/24 01:51:15.067, NVIDIA TITAN RTX, 38, 12505, 24576
2026/04/24 01:51:16.068, NVIDIA TITAN RTX, 38, 12505, 24576
2026/04/24 01:51:17.069, NVIDIA TITAN RTX, 38, 12505, 24576
2026/04/24 01:51:18.071, NVIDIA TITAN RTX, 38, 12505, 24576
2026/04/24 01:51:19.072, NVIDIA TITAN RTX, 37, 12505, 24576
2026/04/24 01:51:20.073, NVIDIA TITAN RTX, 38, 12505, 24576
2026/04/24 01:51:21.074, NVIDIA TITAN RTX, 38, 12505, 24576
2026/04/24 01:51:22.076, NVIDIA TITAN RTX, 37, 12505, 24576
2026/04/24 01:51:23.077, NVIDIA TITAN RTX, 37, 12505, 24576
2026/04/24 01:51:24.077, NVIDIA TITAN RTX, 37, 12505, 24576
2026/04/24 01:51:25.080, NVIDIA TITAN RTX, 37, 12505, 24576
2026/04/24 01:51:26.082, NVIDIA TITAN RTX, 38, 12505, 24576
2026/04/24 01:51:27.084, NVIDIA TITAN RTX, 37, 12505, 24576
2026/04/24 01:51:28.088, NVIDIA TITAN RTX, 38, 12505, 24576
2026/04/24 01:51:29.089, NVIDIA TITAN RTX, 38, 12505, 24576
2026/04/24 01:51:30.090, NVIDIA TITAN RTX, 37, 12505, 24576
2026/04/24 01:51:31.092, NVIDIA TITAN RTX, 37, 12505, 24576
2026/04/24 01:51:32.093, NVIDIA TITAN RTX, 37, 12505, 24576
2026/04/24 01:51:33.094, NVIDIA TITAN RTX, 37, 12505, 24576
2026/04/24 01:51:34.095, NVIDIA TITAN RTX, 37, 12505, 24576
2026/04/24 01:51:35.096, NVIDIA TITAN RTX, 37, 12505, 24576
2026/04/24 01:51:36.098, NVIDIA TITAN RTX, 37, 12505, 24576
2026/04/24 01:51:37.099, NVIDIA TITAN RTX, 37, 12505, 24576
2026/04/24 01:51:38.100, NVIDIA TITAN RTX, 37, 12505, 24576
2026/04/24 01:51:39.101, NVIDIA TITAN RTX, 37, 12505, 24576
2026/04/24 01:51:40.102, NVIDIA TITAN RTX, 37, 12505, 24576
2026/04/24 01:51:41.104, NVIDIA TITAN RTX, 38, 12505, 24576
2026/04/24 01:51:42.105, NVIDIA TITAN RTX, 37, 12505, 24576
2026/04/24 01:51:43.106, NVIDIA TITAN RTX, 37, 12505, 24576
2026/04/24 01:51:44.107, NVIDIA TITAN RTX, 37, 12505, 24576
2026/04/24 01:51:45.109, NVIDIA TITAN RTX, 37, 12505, 24576
2026/04/24 01:51:46.110, NVIDIA TITAN RTX, 37, 12505, 24576
2026/04/24 01:51:47.111, NVIDIA TITAN RTX, 37, 12505, 24576
2026/04/24 01:51:48.112, NVIDIA TITAN RTX, 37, 12505, 24576
2026/04/24 01:51:49.114, NVIDIA TITAN RTX, 38, 12505, 24576
2026/04/24 01:51:50.115, NVIDIA TITAN RTX, 37, 12505, 24576
2026/04/24 01:51:51.116, NVIDIA TITAN RTX, 38, 12505, 24576
2026/04/24 01:51:52.117, NVIDIA TITAN RTX, 37, 12505, 24576
2026/04/24 01:51:53.118, NVIDIA TITAN RTX, 37, 12505, 24576
2026/04/24 01:51:54.120, NVIDIA TITAN RTX, 38, 12505, 24576
2026/04/24 01:51:55.121, NVIDIA TITAN RTX, 38, 12505, 24576
2026/04/24 01:51:56.124, NVIDIA TITAN RTX, 37, 12505, 24576
2026/04/24 01:51:57.125, NVIDIA TITAN RTX, 38, 12505, 24576
2026/04/24 01:51:58.126, NVIDIA TITAN RTX, 38, 12505, 24576
2026/04/24 01:51:59.127, NVIDIA TITAN RTX, 38, 12505, 24576
2026/04/24 01:52:00.129, NVIDIA TITAN RTX, 38, 12505, 24576
2026/04/24 01:52:01.130, NVIDIA TITAN RTX, 38, 12505, 24576
2026/04/24 01:52:02.132, NVIDIA TITAN RTX, 90, 12505, 24576
2026/04/24 01:52:03.133, NVIDIA TITAN RTX, 54, 12505, 24576
2026/04/24 01:52:04.134, NVIDIA TITAN RTX, 29, 12505, 24576
2026/04/24 01:52:05.135, NVIDIA TITAN RTX, 33, 12505, 24576
2026/04/24 01:52:06.137, NVIDIA TITAN RTX, 36, 12505, 24576
2026/04/24 01:52:07.138, NVIDIA TITAN RTX, 37, 12505, 24576
2026/04/24 01:52:08.139, NVIDIA TITAN RTX, 36, 12505, 24576
2026/04/24 01:52:09.140, NVIDIA TITAN RTX, 36, 12505, 24576
2026/04/24 01:52:10.142, NVIDIA TITAN RTX, 37, 12505, 24576
2026/04/24 01:52:11.144, NVIDIA TITAN RTX, 36, 12505, 24576
2026/04/24 01:52:12.145, NVIDIA TITAN RTX, 36, 12505, 24576
2026/04/24 01:52:13.146, NVIDIA TITAN RTX, 36, 12505, 24576
2026/04/24 01:52:14.148, NVIDIA TITAN RTX, 36, 12505, 24576
2026/04/24 01:52:15.149, NVIDIA TITAN RTX, 36, 12505, 24576
2026/04/24 01:52:16.150, NVIDIA TITAN RTX, 37, 12505, 24576
2026/04/24 01:52:17.151, NVIDIA TITAN RTX, 36, 12505, 24576
2026/04/24 01:52:18.154, NVIDIA TITAN RTX, 36, 12505, 24576
2026/04/24 01:52:19.155, NVIDIA TITAN RTX, 36, 12505, 24576
2026/04/24 01:52:20.156, NVIDIA TITAN RTX, 36, 12505, 24576
2026/04/24 01:52:21.157, NVIDIA TITAN RTX, 37, 12505, 24576
2026/04/24 01:52:22.158, NVIDIA TITAN RTX, 37, 12505, 24576
2026/04/24 01:52:23.160, NVIDIA TITAN RTX, 36, 12505, 24576
2026/04/24 01:52:24.161, NVIDIA TITAN RTX, 37, 12505, 24576
2026/04/24 01:52:25.162, NVIDIA TITAN RTX, 37, 12505, 24576
2026/04/24 01:52:26.164, NVIDIA TITAN RTX, 36, 12505, 24576
2026/04/24 01:52:27.166, NVIDIA TITAN RTX, 37, 12505, 24576
2026/04/24 01:52:28.167, NVIDIA TITAN RTX, 36, 12505, 24576
2026/04/24 01:52:29.168, NVIDIA TITAN RTX, 36, 12505, 24576
2026/04/24 01:52:30.169, NVIDIA TITAN RTX, 37, 12505, 24576
2026/04/24 01:52:31.170, NVIDIA TITAN RTX, 37, 12505, 24576
2026/04/24 01:52:32.171, NVIDIA TITAN RTX, 37, 12505, 24576
2026/04/24 01:52:33.173, NVIDIA TITAN RTX, 37, 12505, 24576
2026/04/24 01:52:34.174, NVIDIA TITAN RTX, 37, 12505, 24576
2026/04/24 01:52:35.175, NVIDIA TITAN RTX, 36, 12505, 24576
2026/04/24 01:52:36.176, NVIDIA TITAN RTX, 36, 12505, 24576
2026/04/24 01:52:37.177, NVIDIA TITAN RTX, 36, 12505, 24576
2026/04/24 01:52:38.179, NVIDIA TITAN RTX, 36, 12505, 24576
2026/04/24 01:52:39.180, NVIDIA TITAN RTX, 36, 12505, 24576
2026/04/24 01:52:40.181, NVIDIA TITAN RTX, 37, 12505, 24576
2026/04/24 01:52:41.182, NVIDIA TITAN RTX, 37, 12505, 24576
2026/04/24 01:52:42.184, NVIDIA TITAN RTX, 37, 12505, 24576
2026/04/24 01:52:43.185, NVIDIA TITAN RTX, 37, 12505, 24576
2026/04/24 01:52:44.186, NVIDIA TITAN RTX, 37, 12505, 24576
2026/04/24 01:52:45.187, NVIDIA TITAN RTX, 37, 12505, 24576
2026/04/24 01:52:46.189, NVIDIA TITAN RTX, 37, 12505, 24576
2026/04/24 01:52:47.191, NVIDIA TITAN RTX, 37, 12505, 24576
2026/04/24 01:52:48.192, NVIDIA TITAN RTX, 37, 12505, 24576
2026/04/24 01:52:49.193, NVIDIA TITAN RTX, 37, 12505, 24576
2026/04/24 01:52:50.195, NVIDIA TITAN RTX, 37, 12505, 24576
2026/04/24 01:52:51.196, NVIDIA TITAN RTX, 37, 12505, 24576
2026/04/24 01:52:52.197, NVIDIA TITAN RTX, 37, 12505, 24576
2026/04/24 01:52:53.198, NVIDIA TITAN RTX, 37, 12505, 24576
2026/04/24 01:52:54.200, NVIDIA TITAN RTX, 37, 12505, 24576
2026/04/24 01:52:55.202, NVIDIA TITAN RTX, 37, 12505, 24576
2026/04/24 01:52:56.203, NVIDIA TITAN RTX, 37, 12505, 24576
2026/04/24 01:52:57.204, NVIDIA TITAN RTX, 37, 12505, 24576
2026/04/24 01:52:58.206, NVIDIA TITAN RTX, 37, 12505, 24576
2026/04/24 01:52:59.207, NVIDIA TITAN RTX, 37, 12505, 24576
2026/04/24 01:53:00.208, NVIDIA TITAN RTX, 88, 12505, 24576
2026/04/24 01:53:01.209, NVIDIA TITAN RTX, 27, 12505, 24576
2026/04/24 01:53:02.210, NVIDIA TITAN RTX, 27, 12505, 24576
2026/04/24 01:53:03.211, NVIDIA TITAN RTX, 34, 12505, 24576
2026/04/24 01:53:04.212, NVIDIA TITAN RTX, 35, 12505, 24576
2026/04/24 01:53:05.213, NVIDIA TITAN RTX, 35, 12505, 24576
2026/04/24 01:53:06.215, NVIDIA TITAN RTX, 35, 12505, 24576
2026/04/24 01:53:07.216, NVIDIA TITAN RTX, 35, 12505, 24576
2026/04/24 01:53:08.218, NVIDIA TITAN RTX, 35, 12505, 24576
2026/04/24 01:53:09.219, NVIDIA TITAN RTX, 35, 12505, 24576
2026/04/24 01:53:10.220, NVIDIA TITAN RTX, 35, 12505, 24576
2026/04/24 01:53:11.222, NVIDIA TITAN RTX, 35, 12505, 24576
2026/04/24 01:53:12.223, NVIDIA TITAN RTX, 35, 12505, 24576
2026/04/24 01:53:13.225, NVIDIA TITAN RTX, 35, 12505, 24576
2026/04/24 01:53:14.226, NVIDIA TITAN RTX, 35, 12505, 24576
2026/04/24 01:53:15.227, NVIDIA TITAN RTX, 35, 12505, 24576
2026/04/24 01:53:16.228, NVIDIA TITAN RTX, 35, 12505, 24576
2026/04/24 01:53:17.230, NVIDIA TITAN RTX, 35, 12505, 24576
2026/04/24 01:53:18.231, NVIDIA TITAN RTX, 35, 12505, 24576
2026/04/24 01:53:19.232, NVIDIA TITAN RTX, 35, 12505, 24576
2026/04/24 01:53:20.233, NVIDIA TITAN RTX, 35, 12505, 24576
2026/04/24 01:53:21.235, NVIDIA TITAN RTX, 35, 12505, 24576
2026/04/24 01:53:22.236, NVIDIA TITAN RTX, 35, 12505, 24576
2026/04/24 01:53:23.237, NVIDIA TITAN RTX, 35, 12505, 24576
2026/04/24 01:53:24.238, NVIDIA TITAN RTX, 35, 12505, 24576
2026/04/24 01:53:25.239, NVIDIA TITAN RTX, 35, 12505, 24576
2026/04/24 01:53:26.240, NVIDIA TITAN RTX, 35, 12505, 24576
2026/04/24 01:53:27.241, NVIDIA TITAN RTX, 35, 12505, 24576
2026/04/24 01:53:28.243, NVIDIA TITAN RTX, 35, 12505, 24576
2026/04/24 01:53:29.244, NVIDIA TITAN RTX, 35, 12505, 24576
2026/04/24 01:53:30.245, NVIDIA TITAN RTX, 35, 12505, 24576
2026/04/24 01:53:31.246, NVIDIA TITAN RTX, 35, 12505, 24576
2026/04/24 01:53:32.247, NVIDIA TITAN RTX, 35, 12505, 24576
2026/04/24 01:53:33.249, NVIDIA TITAN RTX, 35, 12505, 24576
2026/04/24 01:53:34.250, NVIDIA TITAN RTX, 35, 12505, 24576
2026/04/24 01:53:35.251, NVIDIA TITAN RTX, 35, 12505, 24576
2026/04/24 01:53:36.252, NVIDIA TITAN RTX, 35, 12505, 24576
2026/04/24 01:53:37.254, NVIDIA TITAN RTX, 35, 12505, 24576
2026/04/24 01:53:38.255, NVIDIA TITAN RTX, 35, 12505, 24576
2026/04/24 01:53:39.256, NVIDIA TITAN RTX, 35, 12505, 24576
2026/04/24 01:53:40.257, NVIDIA TITAN RTX, 35, 12505, 24576
2026/04/24 01:53:41.258, NVIDIA TITAN RTX, 36, 12505, 24576
2026/04/24 01:53:42.259, NVIDIA TITAN RTX, 35, 12505, 24576
2026/04/24 01:53:43.261, NVIDIA TITAN RTX, 36, 12505, 24576
2026/04/24 01:53:44.262, NVIDIA TITAN RTX, 35, 12505, 24576
2026/04/24 01:53:45.263, NVIDIA TITAN RTX, 35, 12505, 24576
2026/04/24 01:53:46.264, NVIDIA TITAN RTX, 36, 12505, 24576
2026/04/24 01:53:47.265, NVIDIA TITAN RTX, 43, 12505, 24576
2026/04/24 01:53:48.267, NVIDIA TITAN RTX, 100, 12505, 24576
2026/04/24 01:53:49.268, NVIDIA TITAN RTX, 34, 12505, 24576
2026/04/24 01:53:50.269, NVIDIA TITAN RTX, 29, 12505, 24576
2026/04/24 01:53:51.270, NVIDIA TITAN RTX, 35, 12505, 24576
2026/04/24 01:53:52.272, NVIDIA TITAN RTX, 36, 12505, 24576
2026/04/24 01:53:53.273, NVIDIA TITAN RTX, 36, 12505, 24576
2026/04/24 01:53:54.274, NVIDIA TITAN RTX, 37, 12505, 24576
2026/04/24 01:53:55.276, NVIDIA TITAN RTX, 36, 12505, 24576
2026/04/24 01:53:56.277, NVIDIA TITAN RTX, 36, 12505, 24576
2026/04/24 01:53:57.278, NVIDIA TITAN RTX, 36, 12505, 24576
2026/04/24 01:53:58.279, NVIDIA TITAN RTX, 36, 12505, 24576
2026/04/24 01:53:59.281, NVIDIA TITAN RTX, 36, 12505, 24576
2026/04/24 01:54:00.282, NVIDIA TITAN RTX, 36, 12505, 24576
2026/04/24 01:54:01.284, NVIDIA TITAN RTX, 36, 12505, 24576
2026/04/24 01:54:02.285, NVIDIA TITAN RTX, 36, 12505, 24576
2026/04/24 01:54:03.286, NVIDIA TITAN RTX, 36, 12505, 24576
2026/04/24 01:54:04.287, NVIDIA TITAN RTX, 36, 12505, 24576
2026/04/24 01:54:05.288, NVIDIA TITAN RTX, 36, 12505, 24576
2026/04/24 01:54:06.290, NVIDIA TITAN RTX, 36, 12505, 24576
2026/04/24 01:54:07.291, NVIDIA TITAN RTX, 37, 12505, 24576
2026/04/24 01:54:08.292, NVIDIA TITAN RTX, 37, 12507, 24576
2026/04/24 01:54:09.293, NVIDIA TITAN RTX, 37, 12507, 24576
2026/04/24 01:54:10.294, NVIDIA TITAN RTX, 36, 12507, 24576
2026/04/24 01:54:11.295, NVIDIA TITAN RTX, 36, 12507, 24576
2026/04/24 01:54:12.297, NVIDIA TITAN RTX, 37, 12507, 24576
2026/04/24 01:54:13.298, NVIDIA TITAN RTX, 37, 12507, 24576
2026/04/24 01:54:14.299, NVIDIA TITAN RTX, 37, 12507, 24576
2026/04/24 01:54:15.300, NVIDIA TITAN RTX, 37, 12507, 24576
2026/04/24 01:54:16.301, NVIDIA TITAN RTX, 36, 12507, 24576
2026/04/24 01:54:17.302, NVIDIA TITAN RTX, 37, 12507, 24576
2026/04/24 01:54:18.304, NVIDIA TITAN RTX, 36, 12507, 24576
2026/04/24 01:54:19.305, NVIDIA TITAN RTX, 37, 12507, 24576
2026/04/24 01:54:20.306, NVIDIA TITAN RTX, 37, 12507, 24576
2026/04/24 01:54:21.307, NVIDIA TITAN RTX, 37, 12507, 24576
2026/04/24 01:54:22.308, NVIDIA TITAN RTX, 37, 12507, 24576
2026/04/24 01:54:23.309, NVIDIA TITAN RTX, 37, 12507, 24576
2026/04/24 01:54:24.310, NVIDIA TITAN RTX, 37, 12507, 24576
2026/04/24 01:54:25.312, NVIDIA TITAN RTX, 37, 12507, 24576
2026/04/24 01:54:26.313, NVIDIA TITAN RTX, 37, 12507, 24576
2026/04/24 01:54:27.314, NVIDIA TITAN RTX, 37, 12507, 24576
2026/04/24 01:54:28.315, NVIDIA TITAN RTX, 37, 12507, 24576
2026/04/24 01:54:29.316, NVIDIA TITAN RTX, 37, 12507, 24576
2026/04/24 01:54:30.317, NVIDIA TITAN RTX, 37, 12507, 24576
2026/04/24 01:54:31.318, NVIDIA TITAN RTX, 37, 12507, 24576
2026/04/24 01:54:32.319, NVIDIA TITAN RTX, 37, 12507, 24576
2026/04/24 01:54:33.320, NVIDIA TITAN RTX, 37, 12507, 24576
2026/04/24 01:54:34.321, NVIDIA TITAN RTX, 37, 12507, 24576
2026/04/24 01:54:35.323, NVIDIA TITAN RTX, 37, 12507, 24576
2026/04/24 01:54:36.324, NVIDIA TITAN RTX, 37, 12507, 24576
2026/04/24 01:54:37.325, NVIDIA TITAN RTX, 37, 12507, 24576
2026/04/24 01:54:38.326, NVIDIA TITAN RTX, 36, 12507, 24576
2026/04/24 01:54:39.328, NVIDIA TITAN RTX, 37, 12507, 24576
2026/04/24 01:54:40.329, NVIDIA TITAN RTX, 37, 12507, 24576
2026/04/24 01:54:41.330, NVIDIA TITAN RTX, 37, 12507, 24576
2026/04/24 01:54:42.331, NVIDIA TITAN RTX, 37, 12507, 24576
2026/04/24 01:54:43.332, NVIDIA TITAN RTX, 37, 12507, 24576
2026/04/24 01:54:44.333, NVIDIA TITAN RTX, 37, 12507, 24576
2026/04/24 01:54:45.335, NVIDIA TITAN RTX, 37, 12507, 24576
2026/04/24 01:54:46.336, NVIDIA TITAN RTX, 37, 12507, 24576
2026/04/24 01:54:47.337, NVIDIA TITAN RTX, 37, 12507, 24576
2026/04/24 01:54:48.338, NVIDIA TITAN RTX, 37, 12507, 24576
2026/04/24 01:54:49.339, NVIDIA TITAN RTX, 38, 12507, 24576
2026/04/24 01:54:50.340, NVIDIA TITAN RTX, 38, 12507, 24576
2026/04/24 01:54:51.342, NVIDIA TITAN RTX, 37, 12507, 24576
2026/04/24 01:54:52.343, NVIDIA TITAN RTX, 37, 12507, 24576
2026/04/24 01:54:53.344, NVIDIA TITAN RTX, 37, 12507, 24576
2026/04/24 01:54:54.345, NVIDIA TITAN RTX, 38, 12507, 24576
2026/04/24 01:54:55.346, NVIDIA TITAN RTX, 37, 12507, 24576
2026/04/24 01:54:56.347, NVIDIA TITAN RTX, 37, 12507, 24576
2026/04/24 01:54:57.348, NVIDIA TITAN RTX, 38, 12507, 24576
2026/04/24 01:54:58.351, NVIDIA TITAN RTX, 38, 12507, 24576
2026/04/24 01:54:59.352, NVIDIA TITAN RTX, 38, 12507, 24576
2026/04/24 01:55:00.353, NVIDIA TITAN RTX, 38, 12507, 24576
2026/04/24 01:55:01.354, NVIDIA TITAN RTX, 38, 12507, 24576
2026/04/24 01:55:02.355, NVIDIA TITAN RTX, 38, 12507, 24576
2026/04/24 01:55:03.356, NVIDIA TITAN RTX, 38, 12507, 24576
2026/04/24 01:55:04.358, NVIDIA TITAN RTX, 38, 12507, 24576
2026/04/24 01:55:05.359, NVIDIA TITAN RTX, 38, 12507, 24576
2026/04/24 01:55:06.360, NVIDIA TITAN RTX, 38, 12507, 24576
2026/04/24 01:55:07.361, NVIDIA TITAN RTX, 37, 12507, 24576
2026/04/24 01:55:08.362, NVIDIA TITAN RTX, 37, 12507, 24576
2026/04/24 01:55:09.363, NVIDIA TITAN RTX, 37, 12507, 24576
2026/04/24 01:55:10.364, NVIDIA TITAN RTX, 37, 12507, 24576
2026/04/24 01:55:11.366, NVIDIA TITAN RTX, 47, 12507, 24576
2026/04/24 01:55:12.366, NVIDIA TITAN RTX, 79, 12507, 24576
2026/04/24 01:55:13.368, NVIDIA TITAN RTX, 28, 12507, 24576
2026/04/24 01:55:14.369, NVIDIA TITAN RTX, 31, 12507, 24576
2026/04/24 01:55:15.370, NVIDIA TITAN RTX, 36, 12507, 24576
2026/04/24 01:55:16.372, NVIDIA TITAN RTX, 36, 12507, 24576
2026/04/24 01:55:17.374, NVIDIA TITAN RTX, 37, 12507, 24576
2026/04/24 01:55:18.375, NVIDIA TITAN RTX, 37, 12507, 24576
2026/04/24 01:55:19.376, NVIDIA TITAN RTX, 36, 12507, 24576
2026/04/24 01:55:20.377, NVIDIA TITAN RTX, 36, 12507, 24576
2026/04/24 01:55:21.378, NVIDIA TITAN RTX, 36, 12507, 24576
2026/04/24 01:55:22.379, NVIDIA TITAN RTX, 36, 12507, 24576
2026/04/24 01:55:23.381, NVIDIA TITAN RTX, 36, 12507, 24576
2026/04/24 01:55:24.383, NVIDIA TITAN RTX, 36, 12507, 24576
2026/04/24 01:55:25.384, NVIDIA TITAN RTX, 36, 12507, 24576
2026/04/24 01:55:26.385, NVIDIA TITAN RTX, 37, 12507, 24576
2026/04/24 01:55:27.386, NVIDIA TITAN RTX, 36, 12507, 24576
2026/04/24 01:55:28.388, NVIDIA TITAN RTX, 36, 12507, 24576
2026/04/24 01:55:29.389, NVIDIA TITAN RTX, 36, 12507, 24576
2026/04/24 01:55:30.390, NVIDIA TITAN RTX, 36, 12507, 24576
2026/04/24 01:55:31.391, NVIDIA TITAN RTX, 36, 12507, 24576
2026/04/24 01:55:32.392, NVIDIA TITAN RTX, 36, 12507, 24576
2026/04/24 01:55:33.394, NVIDIA TITAN RTX, 35, 12507, 24576
2026/04/24 01:55:34.395, NVIDIA TITAN RTX, 36, 12507, 24576
2026/04/24 01:55:35.396, NVIDIA TITAN RTX, 36, 12507, 24576
2026/04/24 01:55:36.398, NVIDIA TITAN RTX, 36, 12507, 24576
2026/04/24 01:55:37.399, NVIDIA TITAN RTX, 36, 12507, 24576
2026/04/24 01:55:38.400, NVIDIA TITAN RTX, 36, 12507, 24576
2026/04/24 01:55:39.401, NVIDIA TITAN RTX, 36, 12507, 24576
2026/04/24 01:55:40.402, NVIDIA TITAN RTX, 36, 12507, 24576
2026/04/24 01:55:41.404, NVIDIA TITAN RTX, 36, 12507, 24576
2026/04/24 01:55:42.405, NVIDIA TITAN RTX, 36, 12507, 24576
2026/04/24 01:55:43.406, NVIDIA TITAN RTX, 36, 12507, 24576
2026/04/24 01:55:44.407, NVIDIA TITAN RTX, 36, 12507, 24576
2026/04/24 01:55:45.408, NVIDIA TITAN RTX, 36, 12507, 24576
2026/04/24 01:55:46.410, NVIDIA TITAN RTX, 36, 12507, 24576
2026/04/24 01:55:47.411, NVIDIA TITAN RTX, 36, 12507, 24576
2026/04/24 01:55:48.412, NVIDIA TITAN RTX, 36, 12507, 24576
2026/04/24 01:55:49.413, NVIDIA TITAN RTX, 36, 12507, 24576
2026/04/24 01:55:50.414, NVIDIA TITAN RTX, 36, 12507, 24576
2026/04/24 01:55:51.415, NVIDIA TITAN RTX, 36, 12507, 24576
2026/04/24 01:55:52.416, NVIDIA TITAN RTX, 36, 12507, 24576
2026/04/24 01:55:53.418, NVIDIA TITAN RTX, 36, 12507, 24576
2026/04/24 01:55:54.419, NVIDIA TITAN RTX, 36, 12507, 24576
2026/04/24 01:55:55.420, NVIDIA TITAN RTX, 36, 12507, 24576
2026/04/24 01:55:56.421, NVIDIA TITAN RTX, 36, 12507, 24576
2026/04/24 01:55:57.422, NVIDIA TITAN RTX, 36, 12507, 24576
2026/04/24 01:55:58.423, NVIDIA TITAN RTX, 36, 12507, 24576
2026/04/24 01:55:59.425, NVIDIA TITAN RTX, 37, 12507, 24576
2026/04/24 01:56:00.426, NVIDIA TITAN RTX, 36, 12507, 24576
2026/04/24 01:56:01.427, NVIDIA TITAN RTX, 37, 12507, 24576
2026/04/24 01:56:02.428, NVIDIA TITAN RTX, 36, 12507, 24576
2026/04/24 01:56:03.429, NVIDIA TITAN RTX, 36, 12507, 24576
2026/04/24 01:56:04.430, NVIDIA TITAN RTX, 36, 12507, 24576
2026/04/24 01:56:05.431, NVIDIA TITAN RTX, 36, 12507, 24576
2026/04/24 01:56:06.436, NVIDIA TITAN RTX, 36, 12507, 24576
2026/04/24 01:56:07.438, NVIDIA TITAN RTX, 36, 12507, 24576
2026/04/24 01:56:08.439, NVIDIA TITAN RTX, 37, 12507, 24576
2026/04/24 01:56:09.440, NVIDIA TITAN RTX, 36, 12507, 24576
2026/04/24 01:56:10.442, NVIDIA TITAN RTX, 55, 12523, 24576
2026/04/24 01:56:11.443, NVIDIA TITAN RTX, 26, 12523, 24576
2026/04/24 01:56:12.444, NVIDIA TITAN RTX, 27, 12523, 24576
2026/04/24 01:56:13.445, NVIDIA TITAN RTX, 34, 12523, 24576
2026/04/24 01:56:14.446, NVIDIA TITAN RTX, 34, 12523, 24576
2026/04/24 01:56:15.447, NVIDIA TITAN RTX, 34, 12523, 24576
2026/04/24 01:56:16.448, NVIDIA TITAN RTX, 34, 12523, 24576
2026/04/24 01:56:17.449, NVIDIA TITAN RTX, 34, 12523, 24576
2026/04/24 01:56:18.451, NVIDIA TITAN RTX, 34, 12523, 24576
2026/04/24 01:56:19.452, NVIDIA TITAN RTX, 34, 12523, 24576
2026/04/24 01:56:20.453, NVIDIA TITAN RTX, 35, 12523, 24576
2026/04/24 01:56:21.455, NVIDIA TITAN RTX, 34, 12523, 24576
2026/04/24 01:56:22.456, NVIDIA TITAN RTX, 34, 12523, 24576
2026/04/24 01:56:23.457, NVIDIA TITAN RTX, 34, 12523, 24576
2026/04/24 01:56:24.458, NVIDIA TITAN RTX, 34, 12523, 24576
2026/04/24 01:56:25.459, NVIDIA TITAN RTX, 34, 12523, 24576
2026/04/24 01:56:26.460, NVIDIA TITAN RTX, 34, 12523, 24576
2026/04/24 01:56:27.461, NVIDIA TITAN RTX, 34, 12523, 24576
2026/04/24 01:56:28.463, NVIDIA TITAN RTX, 33, 12523, 24576
2026/04/24 01:56:29.465, NVIDIA TITAN RTX, 34, 12523, 24576
2026/04/24 01:56:30.466, NVIDIA TITAN RTX, 34, 12523, 24576
2026/04/24 01:56:31.467, NVIDIA TITAN RTX, 34, 12523, 24576
2026/04/24 01:56:32.468, NVIDIA TITAN RTX, 34, 12523, 24576
2026/04/24 01:56:33.470, NVIDIA TITAN RTX, 34, 12523, 24576
2026/04/24 01:56:34.472, NVIDIA TITAN RTX, 34, 12523, 24576
2026/04/24 01:56:35.473, NVIDIA TITAN RTX, 34, 12523, 24576
2026/04/24 01:56:36.474, NVIDIA TITAN RTX, 34, 12523, 24576
2026/04/24 01:56:37.475, NVIDIA TITAN RTX, 34, 12523, 24576
2026/04/24 01:56:38.476, NVIDIA TITAN RTX, 34, 12523, 24576
2026/04/24 01:56:39.477, NVIDIA TITAN RTX, 34, 12523, 24576
2026/04/24 01:56:40.479, NVIDIA TITAN RTX, 34, 12523, 24576
2026/04/24 01:56:41.480, NVIDIA TITAN RTX, 34, 12523, 24576
2026/04/24 01:56:42.481, NVIDIA TITAN RTX, 34, 12523, 24576
2026/04/24 01:56:43.482, NVIDIA TITAN RTX, 34, 12523, 24576
2026/04/24 01:56:44.483, NVIDIA TITAN RTX, 34, 12523, 24576
2026/04/24 01:56:45.484, NVIDIA TITAN RTX, 34, 12523, 24576
2026/04/24 01:56:46.485, NVIDIA TITAN RTX, 34, 12523, 24576
2026/04/24 01:56:47.486, NVIDIA TITAN RTX, 34, 12523, 24576
2026/04/24 01:56:48.488, NVIDIA TITAN RTX, 34, 12523, 24576
2026/04/24 01:56:49.489, NVIDIA TITAN RTX, 35, 12523, 24576
2026/04/24 01:56:50.490, NVIDIA TITAN RTX, 35, 12523, 24576
2026/04/24 01:56:51.491, NVIDIA TITAN RTX, 34, 12523, 24576
2026/04/24 01:56:52.493, NVIDIA TITAN RTX, 34, 12523, 24576
2026/04/24 01:56:53.494, NVIDIA TITAN RTX, 35, 12523, 24576
2026/04/24 01:56:54.495, NVIDIA TITAN RTX, 35, 12523, 24576
2026/04/24 01:56:55.497, NVIDIA TITAN RTX, 35, 12523, 24576
2026/04/24 01:56:56.498, NVIDIA TITAN RTX, 34, 12523, 24576
2026/04/24 01:56:57.499, NVIDIA TITAN RTX, 69, 12523, 24576
2026/04/24 01:56:58.500, NVIDIA TITAN RTX, 74, 12523, 24576
2026/04/24 01:56:59.501, NVIDIA TITAN RTX, 28, 12523, 24576
2026/04/24 01:57:00.502, NVIDIA TITAN RTX, 31, 12523, 24576
2026/04/24 01:57:01.503, NVIDIA TITAN RTX, 35, 12523, 24576
2026/04/24 01:57:02.504, NVIDIA TITAN RTX, 36, 12523, 24576
2026/04/24 01:57:03.506, NVIDIA TITAN RTX, 36, 12523, 24576
2026/04/24 01:57:04.507, NVIDIA TITAN RTX, 36, 12523, 24576
2026/04/24 01:57:05.509, NVIDIA TITAN RTX, 36, 12523, 24576
2026/04/24 01:57:06.510, NVIDIA TITAN RTX, 36, 12523, 24576
2026/04/24 01:57:07.511, NVIDIA TITAN RTX, 36, 12523, 24576
2026/04/24 01:57:08.513, NVIDIA TITAN RTX, 36, 12523, 24576
2026/04/24 01:57:09.514, NVIDIA TITAN RTX, 36, 12523, 24576
2026/04/24 01:57:10.515, NVIDIA TITAN RTX, 36, 12523, 24576
2026/04/24 01:57:11.516, NVIDIA TITAN RTX, 36, 12523, 24576
2026/04/24 01:57:12.518, NVIDIA TITAN RTX, 36, 12523, 24576
2026/04/24 01:57:13.519, NVIDIA TITAN RTX, 36, 12523, 24576
2026/04/24 01:57:14.520, NVIDIA TITAN RTX, 36, 12523, 24576
2026/04/24 01:57:15.521, NVIDIA TITAN RTX, 36, 12523, 24576
2026/04/24 01:57:16.522, NVIDIA TITAN RTX, 36, 12523, 24576
2026/04/24 01:57:17.524, NVIDIA TITAN RTX, 36, 12523, 24576
2026/04/24 01:57:18.525, NVIDIA TITAN RTX, 36, 12523, 24576
2026/04/24 01:57:19.526, NVIDIA TITAN RTX, 36, 12523, 24576
2026/04/24 01:57:20.527, NVIDIA TITAN RTX, 36, 12523, 24576
2026/04/24 01:57:21.529, NVIDIA TITAN RTX, 36, 12523, 24576
2026/04/24 01:57:22.530, NVIDIA TITAN RTX, 36, 12523, 24576
2026/04/24 01:57:23.532, NVIDIA TITAN RTX, 36, 12523, 24576
2026/04/24 01:57:24.533, NVIDIA TITAN RTX, 36, 12523, 24576
2026/04/24 01:57:25.534, NVIDIA TITAN RTX, 36, 12523, 24576
2026/04/24 01:57:26.535, NVIDIA TITAN RTX, 36, 12523, 24576
2026/04/24 01:57:27.536, NVIDIA TITAN RTX, 36, 12523, 24576
2026/04/24 01:57:28.538, NVIDIA TITAN RTX, 36, 12523, 24576
2026/04/24 01:57:29.539, NVIDIA TITAN RTX, 36, 12523, 24576
2026/04/24 01:57:30.540, NVIDIA TITAN RTX, 37, 12523, 24576
2026/04/24 01:57:31.542, NVIDIA TITAN RTX, 36, 12523, 24576
2026/04/24 01:57:32.543, NVIDIA TITAN RTX, 36, 12523, 24576
2026/04/24 01:57:33.544, NVIDIA TITAN RTX, 36, 12523, 24576
2026/04/24 01:57:34.545, NVIDIA TITAN RTX, 37, 12523, 24576
2026/04/24 01:57:35.546, NVIDIA TITAN RTX, 37, 12523, 24576
2026/04/24 01:57:36.548, NVIDIA TITAN RTX, 36, 12523, 24576
2026/04/24 01:57:37.549, NVIDIA TITAN RTX, 36, 12523, 24576
2026/04/24 01:57:38.550, NVIDIA TITAN RTX, 36, 12523, 24576
2026/04/24 01:57:39.552, NVIDIA TITAN RTX, 36, 12523, 24576
2026/04/24 01:57:40.553, NVIDIA TITAN RTX, 36, 12523, 24576
2026/04/24 01:57:41.554, NVIDIA TITAN RTX, 36, 12523, 24576
2026/04/24 01:57:42.555, NVIDIA TITAN RTX, 37, 12523, 24576
2026/04/24 01:57:43.556, NVIDIA TITAN RTX, 37, 12523, 24576
2026/04/24 01:57:44.558, NVIDIA TITAN RTX, 36, 12523, 24576
2026/04/24 01:57:45.559, NVIDIA TITAN RTX, 36, 12523, 24576
2026/04/24 01:57:46.560, NVIDIA TITAN RTX, 37, 12523, 24576
2026/04/24 01:57:47.562, NVIDIA TITAN RTX, 37, 12523, 24576
2026/04/24 01:57:48.564, NVIDIA TITAN RTX, 37, 12523, 24576
2026/04/24 01:57:49.566, NVIDIA TITAN RTX, 36, 12523, 24576
2026/04/24 01:57:50.567, NVIDIA TITAN RTX, 37, 12523, 24576
2026/04/24 01:57:51.568, NVIDIA TITAN RTX, 37, 12523, 24576
2026/04/24 01:57:52.569, NVIDIA TITAN RTX, 37, 12523, 24576
2026/04/24 01:57:53.571, NVIDIA TITAN RTX, 36, 12523, 24576
2026/04/24 01:57:54.572, NVIDIA TITAN RTX, 37, 12523, 24576
2026/04/24 01:57:55.573, NVIDIA TITAN RTX, 37, 12523, 24576
2026/04/24 01:57:56.574, NVIDIA TITAN RTX, 90, 12523, 24576
2026/04/24 01:57:57.575, NVIDIA TITAN RTX, 53, 12523, 24576
2026/04/24 01:57:58.576, NVIDIA TITAN RTX, 28, 12523, 24576
2026/04/24 01:57:59.577, NVIDIA TITAN RTX, 33, 12523, 24576
2026/04/24 01:58:00.579, NVIDIA TITAN RTX, 36, 12523, 24576
2026/04/24 01:58:01.580, NVIDIA TITAN RTX, 36, 12523, 24576
2026/04/24 01:58:02.581, NVIDIA TITAN RTX, 36, 12523, 24576
2026/04/24 01:58:03.582, NVIDIA TITAN RTX, 37, 12523, 24576
2026/04/24 01:58:04.583, NVIDIA TITAN RTX, 37, 12523, 24576
2026/04/24 01:58:05.584, NVIDIA TITAN RTX, 37, 12523, 24576
2026/04/24 01:58:06.586, NVIDIA TITAN RTX, 37, 12523, 24576
2026/04/24 01:58:07.587, NVIDIA TITAN RTX, 37, 12523, 24576
2026/04/24 01:58:08.588, NVIDIA TITAN RTX, 37, 12523, 24576
2026/04/24 01:58:09.589, NVIDIA TITAN RTX, 36, 12523, 24576
2026/04/24 01:58:10.592, NVIDIA TITAN RTX, 37, 12523, 24576
2026/04/24 01:58:11.593, NVIDIA TITAN RTX, 37, 12523, 24576
2026/04/24 01:58:12.594, NVIDIA TITAN RTX, 37, 12523, 24576
2026/04/24 01:58:13.596, NVIDIA TITAN RTX, 37, 12523, 24576
2026/04/24 01:58:14.597, NVIDIA TITAN RTX, 36, 12523, 24576
2026/04/24 01:58:15.598, NVIDIA TITAN RTX, 37, 12523, 24576
2026/04/24 01:58:16.599, NVIDIA TITAN RTX, 37, 12523, 24576
2026/04/24 01:58:17.601, NVIDIA TITAN RTX, 37, 12523, 24576
2026/04/24 01:58:18.602, NVIDIA TITAN RTX, 37, 12523, 24576
2026/04/24 01:58:19.603, NVIDIA TITAN RTX, 37, 12523, 24576
2026/04/24 01:58:20.604, NVIDIA TITAN RTX, 37, 12523, 24576
2026/04/24 01:58:21.606, NVIDIA TITAN RTX, 37, 12523, 24576
2026/04/24 01:58:22.607, NVIDIA TITAN RTX, 37, 12523, 24576
2026/04/24 01:58:23.608, NVIDIA TITAN RTX, 37, 12523, 24576
2026/04/24 01:58:24.610, NVIDIA TITAN RTX, 37, 12523, 24576
2026/04/24 01:58:25.612, NVIDIA TITAN RTX, 37, 12523, 24576
2026/04/24 01:58:26.613, NVIDIA TITAN RTX, 37, 12523, 24576
2026/04/24 01:58:27.614, NVIDIA TITAN RTX, 37, 12523, 24576
2026/04/24 01:58:28.616, NVIDIA TITAN RTX, 37, 12523, 24576
2026/04/24 01:58:29.617, NVIDIA TITAN RTX, 37, 12523, 24576
2026/04/24 01:58:30.618, NVIDIA TITAN RTX, 37, 12523, 24576
2026/04/24 01:58:31.619, NVIDIA TITAN RTX, 37, 12523, 24576
2026/04/24 01:58:32.620, NVIDIA TITAN RTX, 37, 12523, 24576
2026/04/24 01:58:33.621, NVIDIA TITAN RTX, 37, 12523, 24576
2026/04/24 01:58:34.623, NVIDIA TITAN RTX, 37, 12523, 24576
2026/04/24 01:58:35.624, NVIDIA TITAN RTX, 37, 12523, 24576
2026/04/24 01:58:36.625, NVIDIA TITAN RTX, 37, 12523, 24576
2026/04/24 01:58:37.626, NVIDIA TITAN RTX, 37, 12523, 24576
2026/04/24 01:58:38.627, NVIDIA TITAN RTX, 37, 12523, 24576
2026/04/24 01:58:39.629, NVIDIA TITAN RTX, 37, 12523, 24576
2026/04/24 01:58:40.630, NVIDIA TITAN RTX, 37, 12523, 24576
2026/04/24 01:58:41.631, NVIDIA TITAN RTX, 37, 12523, 24576
2026/04/24 01:58:42.632, NVIDIA TITAN RTX, 37, 12523, 24576
2026/04/24 01:58:43.633, NVIDIA TITAN RTX, 37, 12523, 24576
2026/04/24 01:58:44.635, NVIDIA TITAN RTX, 37, 12523, 24576
2026/04/24 01:58:45.636, NVIDIA TITAN RTX, 37, 12523, 24576
2026/04/24 01:58:46.637, NVIDIA TITAN RTX, 37, 12523, 24576
2026/04/24 01:58:47.638, NVIDIA TITAN RTX, 38, 12523, 24576
2026/04/24 01:58:48.640, NVIDIA TITAN RTX, 37, 12523, 24576
2026/04/24 01:58:49.641, NVIDIA TITAN RTX, 37, 12523, 24576
2026/04/24 01:58:50.642, NVIDIA TITAN RTX, 38, 12523, 24576
2026/04/24 01:58:51.643, NVIDIA TITAN RTX, 37, 12523, 24576
2026/04/24 01:58:52.644, NVIDIA TITAN RTX, 37, 12523, 24576
2026/04/24 01:58:53.645, NVIDIA TITAN RTX, 38, 12523, 24576
2026/04/24 01:58:54.646, NVIDIA TITAN RTX, 37, 12523, 24576
2026/04/24 01:58:55.648, NVIDIA TITAN RTX, 39, 12523, 24576
2026/04/24 01:58:56.649, NVIDIA TITAN RTX, 100, 12523, 24576
2026/04/24 01:58:57.650, NVIDIA TITAN RTX, 89, 12523, 24576
2026/04/24 01:58:58.651, NVIDIA TITAN RTX, 30, 12523, 24576
2026/04/24 01:58:59.652, NVIDIA TITAN RTX, 31, 12523, 24576
2026/04/24 01:59:00.653, NVIDIA TITAN RTX, 35, 12523, 24576
2026/04/24 01:59:01.655, NVIDIA TITAN RTX, 37, 12523, 24576
2026/04/24 01:59:02.656, NVIDIA TITAN RTX, 37, 12523, 24576
2026/04/24 01:59:03.657, NVIDIA TITAN RTX, 38, 12523, 24576
2026/04/24 01:59:04.659, NVIDIA TITAN RTX, 38, 12523, 24576
2026/04/24 01:59:05.660, NVIDIA TITAN RTX, 38, 12523, 24576
2026/04/24 01:59:06.661, NVIDIA TITAN RTX, 38, 12523, 24576
2026/04/24 01:59:07.662, NVIDIA TITAN RTX, 38, 12523, 24576
2026/04/24 01:59:08.663, NVIDIA TITAN RTX, 38, 12523, 24576
2026/04/24 01:59:09.664, NVIDIA TITAN RTX, 38, 12523, 24576
2026/04/24 01:59:10.665, NVIDIA TITAN RTX, 38, 12523, 24576
2026/04/24 01:59:11.667, NVIDIA TITAN RTX, 37, 12523, 24576
2026/04/24 01:59:12.668, NVIDIA TITAN RTX, 37, 12523, 24576
2026/04/24 01:59:13.669, NVIDIA TITAN RTX, 38, 12523, 24576
2026/04/24 01:59:14.670, NVIDIA TITAN RTX, 38, 12523, 24576
2026/04/24 01:59:15.671, NVIDIA TITAN RTX, 37, 12523, 24576
2026/04/24 01:59:16.674, NVIDIA TITAN RTX, 38, 12523, 24576
2026/04/24 01:59:17.675, NVIDIA TITAN RTX, 37, 12523, 24576
2026/04/24 01:59:18.676, NVIDIA TITAN RTX, 38, 12523, 24576
2026/04/24 01:59:19.677, NVIDIA TITAN RTX, 38, 12523, 24576
2026/04/24 01:59:20.679, NVIDIA TITAN RTX, 37, 12523, 24576
2026/04/24 01:59:21.680, NVIDIA TITAN RTX, 38, 12523, 24576
2026/04/24 01:59:22.681, NVIDIA TITAN RTX, 37, 12523, 24576
2026/04/24 01:59:23.682, NVIDIA TITAN RTX, 37, 12523, 24576
2026/04/24 01:59:24.683, NVIDIA TITAN RTX, 38, 12523, 24576
2026/04/24 01:59:25.684, NVIDIA TITAN RTX, 38, 12523, 24576
2026/04/24 01:59:26.685, NVIDIA TITAN RTX, 38, 12523, 24576
2026/04/24 01:59:27.686, NVIDIA TITAN RTX, 38, 12523, 24576
2026/04/24 01:59:28.689, NVIDIA TITAN RTX, 38, 12523, 24576
2026/04/24 01:59:29.690, NVIDIA TITAN RTX, 38, 12523, 24576
2026/04/24 01:59:30.691, NVIDIA TITAN RTX, 38, 12523, 24576
2026/04/24 01:59:31.693, NVIDIA TITAN RTX, 38, 12523, 24576
2026/04/24 01:59:32.694, NVIDIA TITAN RTX, 38, 12523, 24576
2026/04/24 01:59:33.695, NVIDIA TITAN RTX, 38, 12523, 24576
2026/04/24 01:59:34.696, NVIDIA TITAN RTX, 38, 12523, 24576
2026/04/24 01:59:35.697, NVIDIA TITAN RTX, 38, 12523, 24576
2026/04/24 01:59:36.698, NVIDIA TITAN RTX, 38, 12523, 24576
2026/04/24 01:59:37.699, NVIDIA TITAN RTX, 37, 12523, 24576
2026/04/24 01:59:38.700, NVIDIA TITAN RTX, 38, 12523, 24576
2026/04/24 01:59:39.702, NVIDIA TITAN RTX, 38, 12523, 24576
2026/04/24 01:59:40.704, NVIDIA TITAN RTX, 38, 12523, 24576
2026/04/24 01:59:41.705, NVIDIA TITAN RTX, 38, 12523, 24576
2026/04/24 01:59:42.706, NVIDIA TITAN RTX, 37, 12523, 24576
2026/04/24 01:59:43.708, NVIDIA TITAN RTX, 38, 12523, 24576
2026/04/24 01:59:44.709, NVIDIA TITAN RTX, 38, 12523, 24576
2026/04/24 01:59:45.710, NVIDIA TITAN RTX, 38, 12523, 24576
2026/04/24 01:59:46.711, NVIDIA TITAN RTX, 38, 12523, 24576
2026/04/24 01:59:47.712, NVIDIA TITAN RTX, 38, 12523, 24576
2026/04/24 01:59:48.715, NVIDIA TITAN RTX, 38, 12523, 24576
2026/04/24 01:59:49.716, NVIDIA TITAN RTX, 38, 12523, 24576
2026/04/24 01:59:50.717, NVIDIA TITAN RTX, 38, 12523, 24576
2026/04/24 01:59:51.718, NVIDIA TITAN RTX, 38, 12523, 24576
2026/04/24 01:59:52.720, NVIDIA TITAN RTX, 38, 12523, 24576
2026/04/24 01:59:53.721, NVIDIA TITAN RTX, 38, 12523, 24576
2026/04/24 01:59:54.722, NVIDIA TITAN RTX, 38, 12523, 24576
2026/04/24 01:59:55.723, NVIDIA TITAN RTX, 38, 12523, 24576
2026/04/24 01:59:56.724, NVIDIA TITAN RTX, 38, 12523, 24576
2026/04/24 01:59:57.725, NVIDIA TITAN RTX, 38, 12523, 24576
2026/04/24 01:59:58.727, NVIDIA TITAN RTX, 38, 12523, 24576
2026/04/24 01:59:59.728, NVIDIA TITAN RTX, 38, 12523, 24576
2026/04/24 02:00:00.729, NVIDIA TITAN RTX, 38, 12523, 24576
2026/04/24 02:00:01.731, NVIDIA TITAN RTX, 38, 12523, 24576
2026/04/24 02:00:02.732, NVIDIA TITAN RTX, 38, 12523, 24576
2026/04/24 02:00:03.733, NVIDIA TITAN RTX, 38, 12523, 24576
2026/04/24 02:00:04.734, NVIDIA TITAN RTX, 38, 12523, 24576
2026/04/24 02:00:05.736, NVIDIA TITAN RTX, 38, 12523, 24576
2026/04/24 02:00:06.737, NVIDIA TITAN RTX, 38, 12523, 24576
2026/04/24 02:00:07.738, NVIDIA TITAN RTX, 38, 12523, 24576
2026/04/24 02:00:08.739, NVIDIA TITAN RTX, 38, 12523, 24576
2026/04/24 02:00:09.740, NVIDIA TITAN RTX, 38, 12523, 24576
2026/04/24 02:00:10.743, NVIDIA TITAN RTX, 38, 12523, 24576
2026/04/24 02:00:11.744, NVIDIA TITAN RTX, 38, 12523, 24576
2026/04/24 02:00:12.745, NVIDIA TITAN RTX, 38, 12523, 24576
2026/04/24 02:00:13.746, NVIDIA TITAN RTX, 61, 12523, 24576
2026/04/24 02:00:14.748, NVIDIA TITAN RTX, 80, 12523, 24576
2026/04/24 02:00:15.749, NVIDIA TITAN RTX, 28, 12523, 24576
2026/04/24 02:00:16.750, NVIDIA TITAN RTX, 31, 12523, 24576
2026/04/24 02:00:17.752, NVIDIA TITAN RTX, 35, 12523, 24576
2026/04/24 02:00:18.753, NVIDIA TITAN RTX, 36, 12523, 24576
2026/04/24 02:00:19.754, NVIDIA TITAN RTX, 36, 12523, 24576
2026/04/24 02:00:20.755, NVIDIA TITAN RTX, 36, 12523, 24576
2026/04/24 02:00:21.757, NVIDIA TITAN RTX, 36, 12523, 24576
2026/04/24 02:00:22.758, NVIDIA TITAN RTX, 36, 12523, 24576
2026/04/24 02:00:23.759, NVIDIA TITAN RTX, 36, 12523, 24576
2026/04/24 02:00:24.760, NVIDIA TITAN RTX, 36, 12523, 24576
2026/04/24 02:00:25.761, NVIDIA TITAN RTX, 36, 12523, 24576
2026/04/24 02:00:26.762, NVIDIA TITAN RTX, 36, 12523, 24576
2026/04/24 02:00:27.763, NVIDIA TITAN RTX, 36, 12523, 24576
2026/04/24 02:00:28.765, NVIDIA TITAN RTX, 36, 12523, 24576
2026/04/24 02:00:29.767, NVIDIA TITAN RTX, 36, 12523, 24576
2026/04/24 02:00:30.768, NVIDIA TITAN RTX, 36, 12523, 24576
2026/04/24 02:00:31.769, NVIDIA TITAN RTX, 36, 12523, 24576
2026/04/24 02:00:32.770, NVIDIA TITAN RTX, 36, 12523, 24576
2026/04/24 02:00:33.771, NVIDIA TITAN RTX, 36, 12523, 24576
2026/04/24 02:00:34.773, NVIDIA TITAN RTX, 36, 12523, 24576
2026/04/24 02:00:35.774, NVIDIA TITAN RTX, 36, 12523, 24576
2026/04/24 02:00:36.776, NVIDIA TITAN RTX, 36, 12523, 24576
2026/04/24 02:00:37.777, NVIDIA TITAN RTX, 36, 12523, 24576
2026/04/24 02:00:38.778, NVIDIA TITAN RTX, 36, 12523, 24576
2026/04/24 02:00:39.779, NVIDIA TITAN RTX, 36, 12523, 24576
2026/04/24 02:00:40.780, NVIDIA TITAN RTX, 36, 12523, 24576
2026/04/24 02:00:41.782, NVIDIA TITAN RTX, 36, 12523, 24576
2026/04/24 02:00:42.783, NVIDIA TITAN RTX, 36, 12523, 24576
2026/04/24 02:00:43.785, NVIDIA TITAN RTX, 36, 12523, 24576
2026/04/24 02:00:44.786, NVIDIA TITAN RTX, 36, 12523, 24576
2026/04/24 02:00:45.788, NVIDIA TITAN RTX, 36, 12523, 24576
2026/04/24 02:00:46.789, NVIDIA TITAN RTX, 36, 12523, 24576
2026/04/24 02:00:47.790, NVIDIA TITAN RTX, 36, 12523, 24576
2026/04/24 02:00:48.791, NVIDIA TITAN RTX, 36, 12523, 24576
2026/04/24 02:00:49.793, NVIDIA TITAN RTX, 36, 12523, 24576
2026/04/24 02:00:50.794, NVIDIA TITAN RTX, 36, 12523, 24576
2026/04/24 02:00:51.795, NVIDIA TITAN RTX, 36, 12523, 24576
2026/04/24 02:00:52.796, NVIDIA TITAN RTX, 36, 12523, 24576
2026/04/24 02:00:53.797, NVIDIA TITAN RTX, 36, 12523, 24576
2026/04/24 02:00:54.799, NVIDIA TITAN RTX, 36, 12523, 24576
2026/04/24 02:00:55.800, NVIDIA TITAN RTX, 36, 12523, 24576
2026/04/24 02:00:56.802, NVIDIA TITAN RTX, 36, 12523, 24576
2026/04/24 02:00:57.803, NVIDIA TITAN RTX, 36, 12523, 24576
2026/04/24 02:00:58.804, NVIDIA TITAN RTX, 37, 12523, 24576
2026/04/24 02:00:59.805, NVIDIA TITAN RTX, 36, 12523, 24576
2026/04/24 02:01:00.810, NVIDIA TITAN RTX, 37, 12523, 24576
2026/04/24 02:01:01.811, NVIDIA TITAN RTX, 37, 12523, 24576
2026/04/24 02:01:02.812, NVIDIA TITAN RTX, 37, 12523, 24576
2026/04/24 02:01:03.813, NVIDIA TITAN RTX, 64, 12523, 24576
2026/04/24 02:01:04.815, NVIDIA TITAN RTX, 83, 12523, 24576
2026/04/24 02:01:05.816, NVIDIA TITAN RTX, 28, 12523, 24576
2026/04/24 02:01:06.817, NVIDIA TITAN RTX, 30, 12523, 24576
2026/04/24 02:01:07.819, NVIDIA TITAN RTX, 35, 12523, 24576
2026/04/24 02:01:08.820, NVIDIA TITAN RTX, 36, 12523, 24576
2026/04/24 02:01:09.822, NVIDIA TITAN RTX, 36, 12523, 24576
2026/04/24 02:01:10.823, NVIDIA TITAN RTX, 36, 12523, 24576
2026/04/24 02:01:11.824, NVIDIA TITAN RTX, 36, 12523, 24576
2026/04/24 02:01:12.825, NVIDIA TITAN RTX, 36, 12523, 24576
2026/04/24 02:01:13.826, NVIDIA TITAN RTX, 36, 12523, 24576
2026/04/24 02:01:14.827, NVIDIA TITAN RTX, 36, 12523, 24576
2026/04/24 02:01:15.830, NVIDIA TITAN RTX, 36, 12523, 24576
2026/04/24 02:01:16.831, NVIDIA TITAN RTX, 36, 12523, 24576
2026/04/24 02:01:17.832, NVIDIA TITAN RTX, 36, 12523, 24576
2026/04/24 02:01:18.833, NVIDIA TITAN RTX, 36, 12523, 24576
2026/04/24 02:01:19.836, NVIDIA TITAN RTX, 36, 12523, 24576
2026/04/24 02:01:20.837, NVIDIA TITAN RTX, 36, 12523, 24576
2026/04/24 02:01:21.838, NVIDIA TITAN RTX, 36, 12523, 24576
2026/04/24 02:01:22.839, NVIDIA TITAN RTX, 36, 12523, 24576
2026/04/24 02:01:23.841, NVIDIA TITAN RTX, 36, 12523, 24576
2026/04/24 02:01:24.842, NVIDIA TITAN RTX, 36, 12523, 24576
2026/04/24 02:01:25.843, NVIDIA TITAN RTX, 36, 12523, 24576
2026/04/24 02:01:26.844, NVIDIA TITAN RTX, 36, 12523, 24576
2026/04/24 02:01:27.845, NVIDIA TITAN RTX, 36, 12523, 24576
2026/04/24 02:01:28.847, NVIDIA TITAN RTX, 36, 12523, 24576
2026/04/24 02:01:29.848, NVIDIA TITAN RTX, 36, 12523, 24576
2026/04/24 02:01:30.849, NVIDIA TITAN RTX, 36, 12523, 24576
2026/04/24 02:01:31.850, NVIDIA TITAN RTX, 36, 12523, 24576
2026/04/24 02:01:32.851, NVIDIA TITAN RTX, 36, 12523, 24576
2026/04/24 02:01:33.852, NVIDIA TITAN RTX, 36, 12523, 24576
2026/04/24 02:01:34.854, NVIDIA TITAN RTX, 36, 12523, 24576
2026/04/24 02:01:35.855, NVIDIA TITAN RTX, 36, 12523, 24576
2026/04/24 02:01:36.856, NVIDIA TITAN RTX, 36, 12523, 24576
2026/04/24 02:01:37.857, NVIDIA TITAN RTX, 36, 12523, 24576
2026/04/24 02:01:38.859, NVIDIA TITAN RTX, 36, 12523, 24576
2026/04/24 02:01:39.860, NVIDIA TITAN RTX, 36, 12523, 24576
2026/04/24 02:01:40.862, NVIDIA TITAN RTX, 36, 12523, 24576
2026/04/24 02:01:41.863, NVIDIA TITAN RTX, 36, 12523, 24576
2026/04/24 02:01:42.865, NVIDIA TITAN RTX, 36, 12523, 24576
2026/04/24 02:01:43.866, NVIDIA TITAN RTX, 36, 12523, 24576
2026/04/24 02:01:44.867, NVIDIA TITAN RTX, 36, 12523, 24576
2026/04/24 02:01:45.868, NVIDIA TITAN RTX, 36, 12523, 24576
2026/04/24 02:01:46.870, NVIDIA TITAN RTX, 36, 12523, 24576
2026/04/24 02:01:47.872, NVIDIA TITAN RTX, 36, 12523, 24576
2026/04/24 02:01:48.873, NVIDIA TITAN RTX, 36, 12523, 24576
2026/04/24 02:01:49.874, NVIDIA TITAN RTX, 36, 12523, 24576
2026/04/24 02:01:50.876, NVIDIA TITAN RTX, 36, 12523, 24576
2026/04/24 02:01:51.877, NVIDIA TITAN RTX, 36, 12523, 24576
2026/04/24 02:01:52.879, NVIDIA TITAN RTX, 36, 12523, 24576
2026/04/24 02:01:53.880, NVIDIA TITAN RTX, 36, 12523, 24576
2026/04/24 02:01:54.882, NVIDIA TITAN RTX, 36, 12523, 24576
2026/04/24 02:01:55.883, NVIDIA TITAN RTX, 36, 12523, 24576
2026/04/24 02:01:56.885, NVIDIA TITAN RTX, 36, 12523, 24576
2026/04/24 02:01:57.886, NVIDIA TITAN RTX, 36, 12523, 24576
2026/04/24 02:01:58.887, NVIDIA TITAN RTX, 36, 12523, 24576
2026/04/24 02:01:59.888, NVIDIA TITAN RTX, 36, 12523, 24576
2026/04/24 02:02:00.889, NVIDIA TITAN RTX, 36, 12523, 24576
2026/04/24 02:02:01.892, NVIDIA TITAN RTX, 36, 12523, 24576
2026/04/24 02:02:02.894, NVIDIA TITAN RTX, 36, 12523, 24576
2026/04/24 02:02:03.895, NVIDIA TITAN RTX, 36, 12523, 24576
2026/04/24 02:02:04.897, NVIDIA TITAN RTX, 37, 12523, 24576
2026/04/24 02:02:05.898, NVIDIA TITAN RTX, 36, 12523, 24576
2026/04/24 02:02:06.899, NVIDIA TITAN RTX, 70, 12523, 24576
2026/04/24 02:02:07.900, NVIDIA TITAN RTX, 78, 12523, 24576
2026/04/24 02:02:08.901, NVIDIA TITAN RTX, 29, 12523, 24576
2026/04/24 02:02:09.902, NVIDIA TITAN RTX, 31, 12523, 24576
2026/04/24 02:02:10.904, NVIDIA TITAN RTX, 35, 12523, 24576
2026/04/24 02:02:11.905, NVIDIA TITAN RTX, 36, 12523, 24576
2026/04/24 02:02:12.906, NVIDIA TITAN RTX, 36, 12523, 24576
2026/04/24 02:02:13.907, NVIDIA TITAN RTX, 36, 12523, 24576
2026/04/24 02:02:14.909, NVIDIA TITAN RTX, 37, 12523, 24576
2026/04/24 02:02:15.910, NVIDIA TITAN RTX, 36, 12523, 24576
2026/04/24 02:02:16.911, NVIDIA TITAN RTX, 36, 12523, 24576
2026/04/24 02:02:17.912, NVIDIA TITAN RTX, 37, 12523, 24576
2026/04/24 02:02:18.914, NVIDIA TITAN RTX, 36, 12523, 24576
2026/04/24 02:02:19.915, NVIDIA TITAN RTX, 37, 12523, 24576
2026/04/24 02:02:20.916, NVIDIA TITAN RTX, 37, 12523, 24576
2026/04/24 02:02:21.917, NVIDIA TITAN RTX, 36, 12523, 24576
2026/04/24 02:02:22.918, NVIDIA TITAN RTX, 37, 12523, 24576
2026/04/24 02:02:23.919, NVIDIA TITAN RTX, 37, 12523, 24576
2026/04/24 02:02:24.921, NVIDIA TITAN RTX, 37, 12523, 24576
2026/04/24 02:02:25.922, NVIDIA TITAN RTX, 37, 12523, 24576
2026/04/24 02:02:26.923, NVIDIA TITAN RTX, 37, 12523, 24576
2026/04/24 02:02:27.924, NVIDIA TITAN RTX, 36, 12523, 24576
2026/04/24 02:02:28.926, NVIDIA TITAN RTX, 37, 12523, 24576
2026/04/24 02:02:29.927, NVIDIA TITAN RTX, 37, 12523, 24576
2026/04/24 02:02:30.928, NVIDIA TITAN RTX, 37, 12523, 24576
2026/04/24 02:02:31.929, NVIDIA TITAN RTX, 37, 12523, 24576
2026/04/24 02:02:32.931, NVIDIA TITAN RTX, 36, 12523, 24576
2026/04/24 02:02:33.932, NVIDIA TITAN RTX, 36, 12523, 24576
2026/04/24 02:02:34.934, NVIDIA TITAN RTX, 37, 12523, 24576
2026/04/24 02:02:35.935, NVIDIA TITAN RTX, 37, 12523, 24576
2026/04/24 02:02:36.936, NVIDIA TITAN RTX, 37, 12523, 24576
2026/04/24 02:02:37.937, NVIDIA TITAN RTX, 37, 12523, 24576
2026/04/24 02:02:38.938, NVIDIA TITAN RTX, 36, 12523, 24576
2026/04/24 02:02:39.940, NVIDIA TITAN RTX, 37, 12523, 24576
2026/04/24 02:02:40.941, NVIDIA TITAN RTX, 37, 12523, 24576
2026/04/24 02:02:41.947, NVIDIA TITAN RTX, 37, 12523, 24576
2026/04/24 02:02:42.948, NVIDIA TITAN RTX, 37, 12523, 24576
2026/04/24 02:02:43.949, NVIDIA TITAN RTX, 37, 12523, 24576
2026/04/24 02:02:44.951, NVIDIA TITAN RTX, 37, 12523, 24576
2026/04/24 02:02:45.952, NVIDIA TITAN RTX, 37, 12523, 24576
2026/04/24 02:02:46.953, NVIDIA TITAN RTX, 37, 12523, 24576
2026/04/24 02:02:47.955, NVIDIA TITAN RTX, 37, 12523, 24576
2026/04/24 02:02:48.956, NVIDIA TITAN RTX, 37, 12523, 24576
2026/04/24 02:02:49.957, NVIDIA TITAN RTX, 37, 12523, 24576
2026/04/24 02:02:50.959, NVIDIA TITAN RTX, 37, 12523, 24576
2026/04/24 02:02:51.960, NVIDIA TITAN RTX, 37, 12523, 24576
2026/04/24 02:02:52.961, NVIDIA TITAN RTX, 37, 12523, 24576
2026/04/24 02:02:53.962, NVIDIA TITAN RTX, 37, 12523, 24576
2026/04/24 02:02:54.965, NVIDIA TITAN RTX, 37, 12523, 24576
2026/04/24 02:02:55.966, NVIDIA TITAN RTX, 37, 12523, 24576
2026/04/24 02:02:56.967, NVIDIA TITAN RTX, 37, 12523, 24576
2026/04/24 02:02:57.968, NVIDIA TITAN RTX, 37, 12523, 24576
2026/04/24 02:02:58.970, NVIDIA TITAN RTX, 37, 12523, 24576
2026/04/24 02:02:59.971, NVIDIA TITAN RTX, 37, 12523, 24576
2026/04/24 02:03:00.972, NVIDIA TITAN RTX, 60, 12523, 24576
2026/04/24 02:03:01.974, NVIDIA TITAN RTX, 95, 12523, 24576
2026/04/24 02:03:02.975, NVIDIA TITAN RTX, 28, 12523, 24576
2026/04/24 02:03:03.976, NVIDIA TITAN RTX, 30, 12523, 24576
2026/04/24 02:03:04.978, NVIDIA TITAN RTX, 35, 12523, 24576
2026/04/24 02:03:05.979, NVIDIA TITAN RTX, 36, 12523, 24576
2026/04/24 02:03:06.980, NVIDIA TITAN RTX, 36, 12523, 24576
2026/04/24 02:03:07.981, NVIDIA TITAN RTX, 36, 12523, 24576
2026/04/24 02:03:08.982, NVIDIA TITAN RTX, 36, 12523, 24576
2026/04/24 02:03:09.984, NVIDIA TITAN RTX, 36, 12523, 24576
2026/04/24 02:03:10.986, NVIDIA TITAN RTX, 36, 12523, 24576
2026/04/24 02:03:11.987, NVIDIA TITAN RTX, 36, 12523, 24576
2026/04/24 02:03:12.988, NVIDIA TITAN RTX, 36, 12523, 24576
2026/04/24 02:03:13.989, NVIDIA TITAN RTX, 36, 12523, 24576
2026/04/24 02:03:14.991, NVIDIA TITAN RTX, 36, 12523, 24576
2026/04/24 02:03:15.992, NVIDIA TITAN RTX, 36, 12523, 24576
2026/04/24 02:03:16.993, NVIDIA TITAN RTX, 36, 12523, 24576
2026/04/24 02:03:17.995, NVIDIA TITAN RTX, 36, 12523, 24576
2026/04/24 02:03:18.996, NVIDIA TITAN RTX, 37, 12523, 24576
2026/04/24 02:03:19.997, NVIDIA TITAN RTX, 37, 12523, 24576
2026/04/24 02:03:20.998, NVIDIA TITAN RTX, 37, 12523, 24576
2026/04/24 02:03:21.999, NVIDIA TITAN RTX, 37, 12523, 24576
2026/04/24 02:03:23.001, NVIDIA TITAN RTX, 37, 12523, 24576
2026/04/24 02:03:24.002, NVIDIA TITAN RTX, 37, 12523, 24576
2026/04/24 02:03:25.003, NVIDIA TITAN RTX, 37, 12523, 24576
2026/04/24 02:03:26.005, NVIDIA TITAN RTX, 37, 12523, 24576
2026/04/24 02:03:27.006, NVIDIA TITAN RTX, 37, 12523, 24576
2026/04/24 02:03:28.007, NVIDIA TITAN RTX, 37, 12523, 24576
2026/04/24 02:03:29.008, NVIDIA TITAN RTX, 37, 12523, 24576
2026/04/24 02:03:30.010, NVIDIA TITAN RTX, 37, 12523, 24576
2026/04/24 02:03:31.011, NVIDIA TITAN RTX, 37, 12523, 24576
2026/04/24 02:03:32.012, NVIDIA TITAN RTX, 37, 12523, 24576
2026/04/24 02:03:33.013, NVIDIA TITAN RTX, 37, 12523, 24576
2026/04/24 02:03:34.014, NVIDIA TITAN RTX, 37, 12523, 24576
2026/04/24 02:03:35.015, NVIDIA TITAN RTX, 37, 12523, 24576
2026/04/24 02:03:36.017, NVIDIA TITAN RTX, 37, 12523, 24576
2026/04/24 02:03:37.018, NVIDIA TITAN RTX, 37, 12523, 24576
2026/04/24 02:03:38.019, NVIDIA TITAN RTX, 37, 12523, 24576
2026/04/24 02:03:39.021, NVIDIA TITAN RTX, 37, 12523, 24576
2026/04/24 02:03:40.022, NVIDIA TITAN RTX, 37, 12523, 24576
2026/04/24 02:03:41.024, NVIDIA TITAN RTX, 37, 12523, 24576
2026/04/24 02:03:42.025, NVIDIA TITAN RTX, 37, 12523, 24576
2026/04/24 02:03:43.027, NVIDIA TITAN RTX, 37, 12523, 24576
2026/04/24 02:03:44.028, NVIDIA TITAN RTX, 37, 12523, 24576
2026/04/24 02:03:45.029, NVIDIA TITAN RTX, 37, 12523, 24576
2026/04/24 02:03:46.030, NVIDIA TITAN RTX, 37, 12523, 24576
2026/04/24 02:03:47.033, NVIDIA TITAN RTX, 36, 12523, 24576
2026/04/24 02:03:48.034, NVIDIA TITAN RTX, 37, 12523, 24576
2026/04/24 02:03:49.035, NVIDIA TITAN RTX, 37, 12523, 24576
2026/04/24 02:03:50.036, NVIDIA TITAN RTX, 37, 12523, 24576
2026/04/24 02:03:51.037, NVIDIA TITAN RTX, 37, 12523, 24576
2026/04/24 02:03:52.039, NVIDIA TITAN RTX, 37, 12523, 24576
2026/04/24 02:03:53.040, NVIDIA TITAN RTX, 36, 12523, 24576
2026/04/24 02:03:54.041, NVIDIA TITAN RTX, 37, 12523, 24576
2026/04/24 02:03:55.042, NVIDIA TITAN RTX, 37, 12523, 24576
2026/04/24 02:03:56.043, NVIDIA TITAN RTX, 36, 12523, 24576
2026/04/24 02:03:57.045, NVIDIA TITAN RTX, 37, 12523, 24576
2026/04/24 02:03:58.046, NVIDIA TITAN RTX, 37, 12523, 24576
2026/04/24 02:03:59.047, NVIDIA TITAN RTX, 37, 12523, 24576
2026/04/24 02:04:00.048, NVIDIA TITAN RTX, 37, 12523, 24576
2026/04/24 02:04:01.050, NVIDIA TITAN RTX, 37, 12523, 24576
2026/04/24 02:04:02.051, NVIDIA TITAN RTX, 37, 12523, 24576
2026/04/24 02:04:03.052, NVIDIA TITAN RTX, 37, 12523, 24576
2026/04/24 02:04:04.053, NVIDIA TITAN RTX, 37, 12523, 24576
2026/04/24 02:04:05.055, NVIDIA TITAN RTX, 37, 12523, 24576
2026/04/24 02:04:06.056, NVIDIA TITAN RTX, 37, 12523, 24576
2026/04/24 02:04:07.057, NVIDIA TITAN RTX, 37, 12523, 24576
2026/04/24 02:04:08.058, NVIDIA TITAN RTX, 37, 12523, 24576
2026/04/24 02:04:09.060, NVIDIA TITAN RTX, 37, 12523, 24576
2026/04/24 02:04:10.062, NVIDIA TITAN RTX, 56, 14493, 24576
2026/04/24 02:04:11.074, NVIDIA TITAN RTX, 100, 14493, 24576
2026/04/24 02:04:12.076, NVIDIA TITAN RTX, 88, 14493, 24576
2026/04/24 02:04:13.077, NVIDIA TITAN RTX, 30, 14493, 24576
2026/04/24 02:04:14.078, NVIDIA TITAN RTX, 31, 14493, 24576
2026/04/24 02:04:15.080, NVIDIA TITAN RTX, 36, 14493, 24576
2026/04/24 02:04:16.081, NVIDIA TITAN RTX, 36, 14493, 24576
2026/04/24 02:04:17.083, NVIDIA TITAN RTX, 37, 14493, 24576
2026/04/24 02:04:18.084, NVIDIA TITAN RTX, 38, 14493, 24576
2026/04/24 02:04:19.085, NVIDIA TITAN RTX, 38, 14493, 24576
2026/04/24 02:04:20.086, NVIDIA TITAN RTX, 38, 14493, 24576
2026/04/24 02:04:21.088, NVIDIA TITAN RTX, 38, 14493, 24576
2026/04/24 02:04:22.089, NVIDIA TITAN RTX, 38, 14493, 24576
2026/04/24 02:04:23.090, NVIDIA TITAN RTX, 38, 14493, 24576
2026/04/24 02:04:24.092, NVIDIA TITAN RTX, 38, 14493, 24576
2026/04/24 02:04:25.093, NVIDIA TITAN RTX, 38, 14493, 24576
2026/04/24 02:04:26.095, NVIDIA TITAN RTX, 38, 14493, 24576
2026/04/24 02:04:27.096, NVIDIA TITAN RTX, 38, 14493, 24576
2026/04/24 02:04:28.097, NVIDIA TITAN RTX, 38, 14493, 24576
2026/04/24 02:04:29.098, NVIDIA TITAN RTX, 38, 14493, 24576
2026/04/24 02:04:30.100, NVIDIA TITAN RTX, 38, 14493, 24576
2026/04/24 02:04:31.101, NVIDIA TITAN RTX, 38, 14493, 24576
2026/04/24 02:04:32.102, NVIDIA TITAN RTX, 38, 14493, 24576
2026/04/24 02:04:33.103, NVIDIA TITAN RTX, 39, 14493, 24576
2026/04/24 02:04:34.105, NVIDIA TITAN RTX, 38, 14493, 24576
2026/04/24 02:04:35.106, NVIDIA TITAN RTX, 38, 14493, 24576
2026/04/24 02:04:36.107, NVIDIA TITAN RTX, 38, 14493, 24576
2026/04/24 02:04:37.108, NVIDIA TITAN RTX, 38, 14493, 24576
2026/04/24 02:04:38.109, NVIDIA TITAN RTX, 38, 14493, 24576
2026/04/24 02:04:39.110, NVIDIA TITAN RTX, 38, 14493, 24576
2026/04/24 02:04:40.111, NVIDIA TITAN RTX, 38, 14493, 24576
2026/04/24 02:04:41.113, NVIDIA TITAN RTX, 38, 14493, 24576
2026/04/24 02:04:42.115, NVIDIA TITAN RTX, 38, 14493, 24576
2026/04/24 02:04:43.116, NVIDIA TITAN RTX, 38, 14493, 24576
2026/04/24 02:04:44.117, NVIDIA TITAN RTX, 39, 14493, 24576
2026/04/24 02:04:45.118, NVIDIA TITAN RTX, 38, 14493, 24576
2026/04/24 02:04:46.119, NVIDIA TITAN RTX, 38, 14493, 24576
2026/04/24 02:04:47.121, NVIDIA TITAN RTX, 38, 14493, 24576
2026/04/24 02:04:48.122, NVIDIA TITAN RTX, 39, 14493, 24576
2026/04/24 02:04:49.123, NVIDIA TITAN RTX, 38, 14493, 24576
2026/04/24 02:04:50.124, NVIDIA TITAN RTX, 39, 14493, 24576
2026/04/24 02:04:51.125, NVIDIA TITAN RTX, 38, 14493, 24576
2026/04/24 02:04:52.126, NVIDIA TITAN RTX, 38, 14493, 24576
2026/04/24 02:04:53.128, NVIDIA TITAN RTX, 38, 14493, 24576
2026/04/24 02:04:54.129, NVIDIA TITAN RTX, 39, 14493, 24576
2026/04/24 02:04:55.130, NVIDIA TITAN RTX, 38, 14493, 24576
2026/04/24 02:04:56.132, NVIDIA TITAN RTX, 38, 14493, 24576
2026/04/24 02:04:57.133, NVIDIA TITAN RTX, 38, 14493, 24576
2026/04/24 02:04:58.134, NVIDIA TITAN RTX, 39, 14493, 24576
2026/04/24 02:04:59.137, NVIDIA TITAN RTX, 39, 14493, 24576
2026/04/24 02:05:00.139, NVIDIA TITAN RTX, 39, 14493, 24576
2026/04/24 02:05:01.139, NVIDIA TITAN RTX, 39, 14493, 24576
2026/04/24 02:05:02.141, NVIDIA TITAN RTX, 39, 14493, 24576
2026/04/24 02:05:03.142, NVIDIA TITAN RTX, 39, 14493, 24576
2026/04/24 02:05:04.144, NVIDIA TITAN RTX, 39, 14493, 24576
2026/04/24 02:05:05.145, NVIDIA TITAN RTX, 39, 14493, 24576
2026/04/24 02:05:06.146, NVIDIA TITAN RTX, 39, 14493, 24576
2026/04/24 02:05:07.148, NVIDIA TITAN RTX, 39, 14493, 24576
2026/04/24 02:05:08.149, NVIDIA TITAN RTX, 39, 14493, 24576
2026/04/24 02:05:09.150, NVIDIA TITAN RTX, 39, 14493, 24576
2026/04/24 02:05:10.151, NVIDIA TITAN RTX, 39, 14493, 24576
2026/04/24 02:05:11.153, NVIDIA TITAN RTX, 39, 14493, 24576
2026/04/24 02:05:12.154, NVIDIA TITAN RTX, 54, 14493, 24576
2026/04/24 02:05:13.155, NVIDIA TITAN RTX, 26, 14493, 24576
2026/04/24 02:05:14.156, NVIDIA TITAN RTX, 26, 14493, 24576
2026/04/24 02:05:15.157, NVIDIA TITAN RTX, 34, 14493, 24576
2026/04/24 02:05:16.158, NVIDIA TITAN RTX, 34, 14493, 24576
2026/04/24 02:05:17.160, NVIDIA TITAN RTX, 34, 14493, 24576
2026/04/24 02:05:18.161, NVIDIA TITAN RTX, 34, 14493, 24576
2026/04/24 02:05:19.162, NVIDIA TITAN RTX, 34, 14493, 24576
2026/04/24 02:05:20.164, NVIDIA TITAN RTX, 34, 14493, 24576
2026/04/24 02:05:21.165, NVIDIA TITAN RTX, 34, 14493, 24576
2026/04/24 02:05:22.166, NVIDIA TITAN RTX, 34, 14493, 24576
2026/04/24 02:05:23.167, NVIDIA TITAN RTX, 34, 14493, 24576
2026/04/24 02:05:24.168, NVIDIA TITAN RTX, 34, 14493, 24576
2026/04/24 02:05:25.169, NVIDIA TITAN RTX, 34, 14493, 24576
2026/04/24 02:05:26.170, NVIDIA TITAN RTX, 34, 14493, 24576
2026/04/24 02:05:27.171, NVIDIA TITAN RTX, 34, 14493, 24576
2026/04/24 02:05:28.173, NVIDIA TITAN RTX, 34, 14493, 24576
2026/04/24 02:05:29.174, NVIDIA TITAN RTX, 34, 14493, 24576
2026/04/24 02:05:30.175, NVIDIA TITAN RTX, 34, 14493, 24576
2026/04/24 02:05:31.176, NVIDIA TITAN RTX, 34, 14493, 24576
2026/04/24 02:05:32.177, NVIDIA TITAN RTX, 34, 14493, 24576
2026/04/24 02:05:33.178, NVIDIA TITAN RTX, 34, 14493, 24576
2026/04/24 02:05:34.179, NVIDIA TITAN RTX, 34, 14493, 24576
2026/04/24 02:05:35.181, NVIDIA TITAN RTX, 34, 14493, 24576
2026/04/24 02:05:36.182, NVIDIA TITAN RTX, 34, 14493, 24576
2026/04/24 02:05:37.183, NVIDIA TITAN RTX, 34, 14493, 24576
2026/04/24 02:05:38.184, NVIDIA TITAN RTX, 34, 14493, 24576
2026/04/24 02:05:39.186, NVIDIA TITAN RTX, 34, 14493, 24576
2026/04/24 02:05:40.187, NVIDIA TITAN RTX, 35, 14493, 24576
2026/04/24 02:05:41.188, NVIDIA TITAN RTX, 34, 14493, 24576
2026/04/24 02:05:42.189, NVIDIA TITAN RTX, 34, 14493, 24576
2026/04/24 02:05:43.190, NVIDIA TITAN RTX, 34, 14493, 24576
2026/04/24 02:05:44.192, NVIDIA TITAN RTX, 34, 14493, 24576
2026/04/24 02:05:45.193, NVIDIA TITAN RTX, 34, 14493, 24576
2026/04/24 02:05:46.194, NVIDIA TITAN RTX, 34, 14493, 24576
2026/04/24 02:05:47.195, NVIDIA TITAN RTX, 34, 14493, 24576
2026/04/24 02:05:48.196, NVIDIA TITAN RTX, 34, 14493, 24576
2026/04/24 02:05:49.197, NVIDIA TITAN RTX, 34, 14493, 24576
2026/04/24 02:05:50.198, NVIDIA TITAN RTX, 34, 14493, 24576
2026/04/24 02:05:51.199, NVIDIA TITAN RTX, 34, 14493, 24576
2026/04/24 02:05:52.201, NVIDIA TITAN RTX, 34, 14493, 24576
2026/04/24 02:05:53.202, NVIDIA TITAN RTX, 34, 14493, 24576
2026/04/24 02:05:54.203, NVIDIA TITAN RTX, 39, 14493, 24576
2026/04/24 02:05:55.205, NVIDIA TITAN RTX, 81, 14493, 24576
2026/04/24 02:05:56.206, NVIDIA TITAN RTX, 27, 14493, 24576
2026/04/24 02:05:57.207, NVIDIA TITAN RTX, 30, 14493, 24576
2026/04/24 02:05:58.209, NVIDIA TITAN RTX, 35, 14493, 24576
2026/04/24 02:05:59.210, NVIDIA TITAN RTX, 35, 14493, 24576
2026/04/24 02:06:00.212, NVIDIA TITAN RTX, 35, 14493, 24576
2026/04/24 02:06:01.213, NVIDIA TITAN RTX, 35, 14493, 24576
2026/04/24 02:06:02.214, NVIDIA TITAN RTX, 35, 14493, 24576
2026/04/24 02:06:03.216, NVIDIA TITAN RTX, 35, 14493, 24576
2026/04/24 02:06:04.217, NVIDIA TITAN RTX, 35, 14493, 24576
2026/04/24 02:06:05.218, NVIDIA TITAN RTX, 35, 14493, 24576
2026/04/24 02:06:06.219, NVIDIA TITAN RTX, 35, 14493, 24576
2026/04/24 02:06:07.220, NVIDIA TITAN RTX, 35, 14493, 24576
2026/04/24 02:06:08.222, NVIDIA TITAN RTX, 35, 14493, 24576
2026/04/24 02:06:09.223, NVIDIA TITAN RTX, 35, 14493, 24576
2026/04/24 02:06:10.224, NVIDIA TITAN RTX, 36, 14493, 24576
2026/04/24 02:06:11.225, NVIDIA TITAN RTX, 35, 14493, 24576
2026/04/24 02:06:12.227, NVIDIA TITAN RTX, 35, 14493, 24576
2026/04/24 02:06:13.228, NVIDIA TITAN RTX, 35, 14493, 24576
2026/04/24 02:06:14.229, NVIDIA TITAN RTX, 35, 14493, 24576
2026/04/24 02:06:15.230, NVIDIA TITAN RTX, 36, 14493, 24576
2026/04/24 02:06:16.232, NVIDIA TITAN RTX, 35, 14493, 24576
2026/04/24 02:06:17.233, NVIDIA TITAN RTX, 35, 14493, 24576
2026/04/24 02:06:18.234, NVIDIA TITAN RTX, 36, 14493, 24576
2026/04/24 02:06:19.235, NVIDIA TITAN RTX, 36, 14493, 24576
2026/04/24 02:06:20.236, NVIDIA TITAN RTX, 35, 14493, 24576
2026/04/24 02:06:21.240, NVIDIA TITAN RTX, 35, 14493, 24576
2026/04/24 02:06:22.241, NVIDIA TITAN RTX, 35, 14493, 24576
2026/04/24 02:06:23.243, NVIDIA TITAN RTX, 35, 14493, 24576
2026/04/24 02:06:24.244, NVIDIA TITAN RTX, 36, 14493, 24576
2026/04/24 02:06:25.246, NVIDIA TITAN RTX, 35, 14493, 24576
2026/04/24 02:06:26.247, NVIDIA TITAN RTX, 35, 14493, 24576
2026/04/24 02:06:27.248, NVIDIA TITAN RTX, 35, 14493, 24576
2026/04/24 02:06:28.249, NVIDIA TITAN RTX, 35, 14493, 24576
2026/04/24 02:06:29.250, NVIDIA TITAN RTX, 35, 14493, 24576
2026/04/24 02:06:30.251, NVIDIA TITAN RTX, 35, 14493, 24576
2026/04/24 02:06:31.257, NVIDIA TITAN RTX, 35, 14493, 24576
2026/04/24 02:06:32.258, NVIDIA TITAN RTX, 35, 14493, 24576
2026/04/24 02:06:33.259, NVIDIA TITAN RTX, 35, 14493, 24576
2026/04/24 02:06:34.260, NVIDIA TITAN RTX, 35, 14493, 24576
2026/04/24 02:06:35.262, NVIDIA TITAN RTX, 36, 14493, 24576
2026/04/24 02:06:36.263, NVIDIA TITAN RTX, 35, 14493, 24576
2026/04/24 02:06:37.264, NVIDIA TITAN RTX, 35, 14493, 24576
2026/04/24 02:06:38.265, NVIDIA TITAN RTX, 35, 14493, 24576
2026/04/24 02:06:39.266, NVIDIA TITAN RTX, 35, 14493, 24576
2026/04/24 02:06:40.267, NVIDIA TITAN RTX, 35, 14493, 24576
2026/04/24 02:06:41.268, NVIDIA TITAN RTX, 35, 14493, 24576
2026/04/24 02:06:42.271, NVIDIA TITAN RTX, 35, 14493, 24576
2026/04/24 02:06:43.272, NVIDIA TITAN RTX, 35, 14493, 24576
2026/04/24 02:06:44.274, NVIDIA TITAN RTX, 35, 14493, 24576
2026/04/24 02:06:45.275, NVIDIA TITAN RTX, 35, 14493, 24576
2026/04/24 02:06:46.276, NVIDIA TITAN RTX, 35, 14493, 24576
2026/04/24 02:06:47.277, NVIDIA TITAN RTX, 35, 14493, 24576
2026/04/24 02:06:48.278, NVIDIA TITAN RTX, 35, 14493, 24576
2026/04/24 02:06:49.279, NVIDIA TITAN RTX, 35, 14493, 24576
2026/04/24 02:06:50.281, NVIDIA TITAN RTX, 35, 14493, 24576
2026/04/24 02:06:51.282, NVIDIA TITAN RTX, 35, 14493, 24576
2026/04/24 02:06:52.284, NVIDIA TITAN RTX, 35, 14493, 24576
2026/04/24 02:06:53.286, NVIDIA TITAN RTX, 35, 14493, 24576
2026/04/24 02:06:54.287, NVIDIA TITAN RTX, 36, 14493, 24576
2026/04/24 02:06:55.288, NVIDIA TITAN RTX, 100, 14493, 24576
2026/04/24 02:06:56.289, NVIDIA TITAN RTX, 47, 14493, 24576
2026/04/24 02:06:57.290, NVIDIA TITAN RTX, 28, 14493, 24576
2026/04/24 02:06:58.291, NVIDIA TITAN RTX, 34, 14493, 24576
2026/04/24 02:06:59.292, NVIDIA TITAN RTX, 36, 14493, 24576
2026/04/24 02:07:00.293, NVIDIA TITAN RTX, 37, 14493, 24576
2026/04/24 02:07:01.295, NVIDIA TITAN RTX, 37, 14493, 24576
2026/04/24 02:07:02.296, NVIDIA TITAN RTX, 37, 14493, 24576
2026/04/24 02:07:03.297, NVIDIA TITAN RTX, 36, 14493, 24576
2026/04/24 02:07:04.298, NVIDIA TITAN RTX, 36, 14493, 24576
2026/04/24 02:07:05.300, NVIDIA TITAN RTX, 36, 14493, 24576
2026/04/24 02:07:06.301, NVIDIA TITAN RTX, 37, 14493, 24576
2026/04/24 02:07:07.302, NVIDIA TITAN RTX, 37, 14493, 24576
2026/04/24 02:07:08.303, NVIDIA TITAN RTX, 36, 14493, 24576
2026/04/24 02:07:09.305, NVIDIA TITAN RTX, 37, 14493, 24576
2026/04/24 02:07:10.306, NVIDIA TITAN RTX, 37, 14493, 24576
2026/04/24 02:07:11.308, NVIDIA TITAN RTX, 36, 14493, 24576
2026/04/24 02:07:12.309, NVIDIA TITAN RTX, 37, 14493, 24576
2026/04/24 02:07:13.310, NVIDIA TITAN RTX, 37, 14493, 24576
2026/04/24 02:07:14.311, NVIDIA TITAN RTX, 37, 14493, 24576
2026/04/24 02:07:15.313, NVIDIA TITAN RTX, 37, 14493, 24576
2026/04/24 02:07:16.314, NVIDIA TITAN RTX, 37, 14493, 24576
2026/04/24 02:07:17.315, NVIDIA TITAN RTX, 37, 14493, 24576
2026/04/24 02:07:18.317, NVIDIA TITAN RTX, 37, 14493, 24576
2026/04/24 02:07:19.318, NVIDIA TITAN RTX, 37, 14493, 24576
2026/04/24 02:07:20.319, NVIDIA TITAN RTX, 37, 14493, 24576
2026/04/24 02:07:21.320, NVIDIA TITAN RTX, 37, 14493, 24576
2026/04/24 02:07:22.321, NVIDIA TITAN RTX, 37, 14493, 24576
2026/04/24 02:07:23.323, NVIDIA TITAN RTX, 37, 14493, 24576
2026/04/24 02:07:24.324, NVIDIA TITAN RTX, 37, 14493, 24576
2026/04/24 02:07:25.325, NVIDIA TITAN RTX, 37, 14493, 24576
2026/04/24 02:07:26.326, NVIDIA TITAN RTX, 37, 14493, 24576
2026/04/24 02:07:27.328, NVIDIA TITAN RTX, 37, 14493, 24576
2026/04/24 02:07:28.330, NVIDIA TITAN RTX, 37, 14493, 24576
2026/04/24 02:07:29.331, NVIDIA TITAN RTX, 37, 14493, 24576
2026/04/24 02:07:30.332, NVIDIA TITAN RTX, 37, 14493, 24576
2026/04/24 02:07:31.333, NVIDIA TITAN RTX, 37, 14493, 24576
2026/04/24 02:07:32.335, NVIDIA TITAN RTX, 37, 14493, 24576
2026/04/24 02:07:33.337, NVIDIA TITAN RTX, 37, 14493, 24576
2026/04/24 02:07:34.338, NVIDIA TITAN RTX, 37, 14493, 24576
2026/04/24 02:07:35.339, NVIDIA TITAN RTX, 37, 14493, 24576
2026/04/24 02:07:36.340, NVIDIA TITAN RTX, 37, 14493, 24576
2026/04/24 02:07:37.342, NVIDIA TITAN RTX, 37, 14493, 24576
2026/04/24 02:07:38.343, NVIDIA TITAN RTX, 37, 14493, 24576
2026/04/24 02:07:39.344, NVIDIA TITAN RTX, 53, 14493, 24576
2026/04/24 02:07:40.345, NVIDIA TITAN RTX, 100, 14493, 24576
2026/04/24 02:07:41.346, NVIDIA TITAN RTX, 28, 14493, 24576
2026/04/24 02:07:42.347, NVIDIA TITAN RTX, 29, 14493, 24576
2026/04/24 02:07:43.361, NVIDIA TITAN RTX, 35, 14493, 24576
2026/04/24 02:07:44.362, NVIDIA TITAN RTX, 36, 14493, 24576
2026/04/24 02:07:45.364, NVIDIA TITAN RTX, 37, 14493, 24576
2026/04/24 02:07:46.365, NVIDIA TITAN RTX, 37, 14493, 24576
2026/04/24 02:07:47.366, NVIDIA TITAN RTX, 36, 14493, 24576
2026/04/24 02:07:48.367, NVIDIA TITAN RTX, 37, 14493, 24576
2026/04/24 02:07:49.369, NVIDIA TITAN RTX, 37, 14493, 24576
2026/04/24 02:07:50.371, NVIDIA TITAN RTX, 37, 14493, 24576
2026/04/24 02:07:51.372, NVIDIA TITAN RTX, 37, 14493, 24576
2026/04/24 02:07:52.373, NVIDIA TITAN RTX, 37, 14493, 24576
2026/04/24 02:07:53.374, NVIDIA TITAN RTX, 37, 14493, 24576
2026/04/24 02:07:54.375, NVIDIA TITAN RTX, 37, 14493, 24576
2026/04/24 02:07:55.377, NVIDIA TITAN RTX, 37, 14493, 24576
2026/04/24 02:07:56.378, NVIDIA TITAN RTX, 37, 14493, 24576
2026/04/24 02:07:57.379, NVIDIA TITAN RTX, 36, 14493, 24576
2026/04/24 02:07:58.380, NVIDIA TITAN RTX, 37, 14493, 24576
2026/04/24 02:07:59.381, NVIDIA TITAN RTX, 37, 14493, 24576
2026/04/24 02:08:00.382, NVIDIA TITAN RTX, 37, 14493, 24576
2026/04/24 02:08:01.383, NVIDIA TITAN RTX, 37, 14493, 24576
2026/04/24 02:08:02.385, NVIDIA TITAN RTX, 36, 14493, 24576
2026/04/24 02:08:03.386, NVIDIA TITAN RTX, 36, 14493, 24576
2026/04/24 02:08:04.387, NVIDIA TITAN RTX, 37, 14493, 24576
2026/04/24 02:08:05.390, NVIDIA TITAN RTX, 37, 14493, 24576
2026/04/24 02:08:06.391, NVIDIA TITAN RTX, 37, 14493, 24576
2026/04/24 02:08:07.392, NVIDIA TITAN RTX, 37, 14493, 24576
2026/04/24 02:08:08.393, NVIDIA TITAN RTX, 37, 14493, 24576
2026/04/24 02:08:09.396, NVIDIA TITAN RTX, 37, 14493, 24576
2026/04/24 02:08:10.397, NVIDIA TITAN RTX, 37, 14493, 24576
2026/04/24 02:08:11.398, NVIDIA TITAN RTX, 37, 14493, 24576
2026/04/24 02:08:12.402, NVIDIA TITAN RTX, 37, 14493, 24576
2026/04/24 02:08:13.403, NVIDIA TITAN RTX, 37, 14493, 24576
2026/04/24 02:08:14.404, NVIDIA TITAN RTX, 37, 14493, 24576
2026/04/24 02:08:15.405, NVIDIA TITAN RTX, 37, 14493, 24576
2026/04/24 02:08:16.406, NVIDIA TITAN RTX, 37, 14493, 24576
2026/04/24 02:08:17.407, NVIDIA TITAN RTX, 37, 14493, 24576
2026/04/24 02:08:18.408, NVIDIA TITAN RTX, 37, 14493, 24576
2026/04/24 02:08:19.410, NVIDIA TITAN RTX, 37, 14493, 24576
2026/04/24 02:08:20.411, NVIDIA TITAN RTX, 37, 14493, 24576
2026/04/24 02:08:21.412, NVIDIA TITAN RTX, 37, 14493, 24576
2026/04/24 02:08:22.415, NVIDIA TITAN RTX, 37, 14493, 24576
2026/04/24 02:08:23.416, NVIDIA TITAN RTX, 37, 14493, 24576
2026/04/24 02:08:24.417, NVIDIA TITAN RTX, 37, 14493, 24576
2026/04/24 02:08:25.419, NVIDIA TITAN RTX, 37, 14493, 24576
2026/04/24 02:08:26.420, NVIDIA TITAN RTX, 37, 14493, 24576
2026/04/24 02:08:27.421, NVIDIA TITAN RTX, 37, 14493, 24576
2026/04/24 02:08:28.422, NVIDIA TITAN RTX, 37, 14493, 24576
2026/04/24 02:08:29.424, NVIDIA TITAN RTX, 37, 14493, 24576
2026/04/24 02:08:30.425, NVIDIA TITAN RTX, 37, 14493, 24576
2026/04/24 02:08:31.426, NVIDIA TITAN RTX, 95, 14493, 24576
2026/04/24 02:08:32.427, NVIDIA TITAN RTX, 52, 14493, 24576
2026/04/24 02:08:33.428, NVIDIA TITAN RTX, 29, 14493, 24576
2026/04/24 02:08:34.429, NVIDIA TITAN RTX, 34, 14493, 24576
2026/04/24 02:08:35.430, NVIDIA TITAN RTX, 36, 14493, 24576
2026/04/24 02:08:36.432, NVIDIA TITAN RTX, 37, 14493, 24576
2026/04/24 02:08:37.433, NVIDIA TITAN RTX, 37, 14493, 24576
2026/04/24 02:08:38.434, NVIDIA TITAN RTX, 36, 14493, 24576
2026/04/24 02:08:39.435, NVIDIA TITAN RTX, 37, 14493, 24576
2026/04/24 02:08:40.436, NVIDIA TITAN RTX, 37, 14493, 24576
2026/04/24 02:08:41.437, NVIDIA TITAN RTX, 36, 14493, 24576
2026/04/24 02:08:42.439, NVIDIA TITAN RTX, 37, 14493, 24576
2026/04/24 02:08:43.441, NVIDIA TITAN RTX, 37, 14493, 24576
2026/04/24 02:08:44.442, NVIDIA TITAN RTX, 37, 14493, 24576
2026/04/24 02:08:45.443, NVIDIA TITAN RTX, 37, 14493, 24576
2026/04/24 02:08:46.444, NVIDIA TITAN RTX, 37, 14493, 24576
2026/04/24 02:08:47.446, NVIDIA TITAN RTX, 37, 14493, 24576
2026/04/24 02:08:48.447, NVIDIA TITAN RTX, 37, 14493, 24576
2026/04/24 02:08:49.448, NVIDIA TITAN RTX, 37, 14493, 24576
2026/04/24 02:08:50.449, NVIDIA TITAN RTX, 37, 14493, 24576
2026/04/24 02:08:51.450, NVIDIA TITAN RTX, 37, 14493, 24576
2026/04/24 02:08:52.451, NVIDIA TITAN RTX, 37, 14493, 24576
2026/04/24 02:08:53.453, NVIDIA TITAN RTX, 36, 14493, 24576
2026/04/24 02:08:54.454, NVIDIA TITAN RTX, 37, 14493, 24576
2026/04/24 02:08:55.455, NVIDIA TITAN RTX, 37, 14493, 24576
2026/04/24 02:08:56.456, NVIDIA TITAN RTX, 37, 14493, 24576
2026/04/24 02:08:57.458, NVIDIA TITAN RTX, 37, 14493, 24576
2026/04/24 02:08:58.459, NVIDIA TITAN RTX, 37, 14493, 24576
2026/04/24 02:08:59.461, NVIDIA TITAN RTX, 36, 14493, 24576
2026/04/24 02:09:00.462, NVIDIA TITAN RTX, 37, 14493, 24576
2026/04/24 02:09:01.463, NVIDIA TITAN RTX, 37, 14493, 24576
2026/04/24 02:09:02.464, NVIDIA TITAN RTX, 37, 14493, 24576
2026/04/24 02:09:03.465, NVIDIA TITAN RTX, 37, 14493, 24576
2026/04/24 02:09:04.466, NVIDIA TITAN RTX, 37, 14493, 24576
2026/04/24 02:09:05.467, NVIDIA TITAN RTX, 37, 14493, 24576
2026/04/24 02:09:06.468, NVIDIA TITAN RTX, 37, 14493, 24576
2026/04/24 02:09:07.470, NVIDIA TITAN RTX, 37, 14493, 24576
2026/04/24 02:09:08.472, NVIDIA TITAN RTX, 37, 14493, 24576
2026/04/24 02:09:09.473, NVIDIA TITAN RTX, 37, 14493, 24576
2026/04/24 02:09:10.474, NVIDIA TITAN RTX, 37, 14493, 24576
2026/04/24 02:09:11.475, NVIDIA TITAN RTX, 37, 14493, 24576
2026/04/24 02:09:12.476, NVIDIA TITAN RTX, 37, 14493, 24576
2026/04/24 02:09:13.477, NVIDIA TITAN RTX, 37, 14493, 24576
2026/04/24 02:09:14.479, NVIDIA TITAN RTX, 37, 14493, 24576
2026/04/24 02:09:15.480, NVIDIA TITAN RTX, 37, 14493, 24576
2026/04/24 02:09:16.481, NVIDIA TITAN RTX, 37, 14493, 24576
2026/04/24 02:09:17.483, NVIDIA TITAN RTX, 37, 14493, 24576
2026/04/24 02:09:18.484, NVIDIA TITAN RTX, 37, 14493, 24576
2026/04/24 02:09:19.485, NVIDIA TITAN RTX, 37, 14493, 24576
2026/04/24 02:09:20.486, NVIDIA TITAN RTX, 37, 14493, 24576
2026/04/24 02:09:21.487, NVIDIA TITAN RTX, 37, 14493, 24576
2026/04/24 02:09:22.488, NVIDIA TITAN RTX, 37, 14493, 24576
2026/04/24 02:09:23.490, NVIDIA TITAN RTX, 37, 14493, 24576
2026/04/24 02:09:24.491, NVIDIA TITAN RTX, 37, 14493, 24576
2026/04/24 02:09:25.492, NVIDIA TITAN RTX, 37, 14493, 24576
2026/04/24 02:09:26.493, NVIDIA TITAN RTX, 37, 14493, 24576
2026/04/24 02:09:27.495, NVIDIA TITAN RTX, 78, 14493, 24576
2026/04/24 02:09:28.496, NVIDIA TITAN RTX, 71, 14493, 24576
2026/04/24 02:09:29.497, NVIDIA TITAN RTX, 28, 14493, 24576
2026/04/24 02:09:30.498, NVIDIA TITAN RTX, 31, 14493, 24576
2026/04/24 02:09:31.499, NVIDIA TITAN RTX, 36, 14493, 24576
2026/04/24 02:09:32.500, NVIDIA TITAN RTX, 36, 14493, 24576
2026/04/24 02:09:33.501, NVIDIA TITAN RTX, 36, 14493, 24576
2026/04/24 02:09:34.503, NVIDIA TITAN RTX, 37, 14493, 24576
2026/04/24 02:09:35.505, NVIDIA TITAN RTX, 37, 14493, 24576
2026/04/24 02:09:36.507, NVIDIA TITAN RTX, 36, 14493, 24576
2026/04/24 02:09:37.508, NVIDIA TITAN RTX, 37, 14493, 24576
2026/04/24 02:09:38.509, NVIDIA TITAN RTX, 37, 14493, 24576
2026/04/24 02:09:39.510, NVIDIA TITAN RTX, 36, 14493, 24576
2026/04/24 02:09:40.511, NVIDIA TITAN RTX, 37, 14493, 24576
2026/04/24 02:09:41.512, NVIDIA TITAN RTX, 37, 14493, 24576
2026/04/24 02:09:42.515, NVIDIA TITAN RTX, 36, 14493, 24576
2026/04/24 02:09:43.516, NVIDIA TITAN RTX, 37, 14493, 24576
2026/04/24 02:09:44.517, NVIDIA TITAN RTX, 37, 14493, 24576
2026/04/24 02:09:45.518, NVIDIA TITAN RTX, 36, 14493, 24576
2026/04/24 02:09:46.520, NVIDIA TITAN RTX, 37, 14493, 24576
2026/04/24 02:09:47.521, NVIDIA TITAN RTX, 37, 14493, 24576
2026/04/24 02:09:48.522, NVIDIA TITAN RTX, 37, 14493, 24576
2026/04/24 02:09:49.524, NVIDIA TITAN RTX, 37, 14493, 24576
2026/04/24 02:09:50.525, NVIDIA TITAN RTX, 37, 14493, 24576
2026/04/24 02:09:51.526, NVIDIA TITAN RTX, 36, 14493, 24576
2026/04/24 02:09:52.527, NVIDIA TITAN RTX, 37, 14493, 24576
2026/04/24 02:09:53.528, NVIDIA TITAN RTX, 37, 14493, 24576
2026/04/24 02:09:54.529, NVIDIA TITAN RTX, 37, 14493, 24576
2026/04/24 02:09:55.531, NVIDIA TITAN RTX, 37, 14493, 24576
2026/04/24 02:09:56.532, NVIDIA TITAN RTX, 37, 14493, 24576
2026/04/24 02:09:57.533, NVIDIA TITAN RTX, 36, 14493, 24576
2026/04/24 02:09:58.534, NVIDIA TITAN RTX, 37, 14493, 24576
2026/04/24 02:09:59.535, NVIDIA TITAN RTX, 37, 14493, 24576
2026/04/24 02:10:00.537, NVIDIA TITAN RTX, 37, 14493, 24576
2026/04/24 02:10:01.538, NVIDIA TITAN RTX, 37, 14493, 24576
2026/04/24 02:10:02.539, NVIDIA TITAN RTX, 36, 14493, 24576
2026/04/24 02:10:03.540, NVIDIA TITAN RTX, 37, 14493, 24576
2026/04/24 02:10:04.541, NVIDIA TITAN RTX, 37, 14493, 24576
2026/04/24 02:10:05.542, NVIDIA TITAN RTX, 37, 14493, 24576
2026/04/24 02:10:06.543, NVIDIA TITAN RTX, 37, 14493, 24576
2026/04/24 02:10:07.545, NVIDIA TITAN RTX, 37, 14493, 24576
2026/04/24 02:10:08.546, NVIDIA TITAN RTX, 37, 14493, 24576
2026/04/24 02:10:09.547, NVIDIA TITAN RTX, 37, 14493, 24576
2026/04/24 02:10:10.548, NVIDIA TITAN RTX, 37, 14493, 24576
2026/04/24 02:10:11.550, NVIDIA TITAN RTX, 37, 14493, 24576
2026/04/24 02:10:12.551, NVIDIA TITAN RTX, 37, 14493, 24576
2026/04/24 02:10:13.552, NVIDIA TITAN RTX, 37, 14493, 24576
2026/04/24 02:10:14.553, NVIDIA TITAN RTX, 37, 14493, 24576
2026/04/24 02:10:15.554, NVIDIA TITAN RTX, 37, 14493, 24576
2026/04/24 02:10:16.555, NVIDIA TITAN RTX, 37, 14493, 24576
2026/04/24 02:10:17.556, NVIDIA TITAN RTX, 37, 14493, 24576
2026/04/24 02:10:18.558, NVIDIA TITAN RTX, 37, 14493, 24576
2026/04/24 02:10:19.559, NVIDIA TITAN RTX, 37, 14493, 24576
2026/04/24 02:10:20.560, NVIDIA TITAN RTX, 37, 14493, 24576
2026/04/24 02:10:21.562, NVIDIA TITAN RTX, 37, 14493, 24576
2026/04/24 02:10:22.564, NVIDIA TITAN RTX, 37, 14493, 24576
2026/04/24 02:10:23.565, NVIDIA TITAN RTX, 37, 14493, 24576
2026/04/24 02:10:24.566, NVIDIA TITAN RTX, 37, 14493, 24576
2026/04/24 02:10:25.567, NVIDIA TITAN RTX, 37, 14493, 24576
2026/04/24 02:10:26.568, NVIDIA TITAN RTX, 37, 14493, 24576
2026/04/24 02:10:27.569, NVIDIA TITAN RTX, 37, 14493, 24576
2026/04/24 02:10:28.570, NVIDIA TITAN RTX, 37, 14493, 24576
2026/04/24 02:10:29.572, NVIDIA TITAN RTX, 37, 14493, 24576
2026/04/24 02:10:30.573, NVIDIA TITAN RTX, 37, 14493, 24576
2026/04/24 02:10:31.574, NVIDIA TITAN RTX, 42, 19287, 24576
2026/04/24 02:10:32.575, NVIDIA TITAN RTX, 100, 19287, 24576
2026/04/24 02:10:33.578, NVIDIA TITAN RTX, 100, 19287, 24576
2026/04/24 02:10:34.579, NVIDIA TITAN RTX, 54, 19287, 24576
2026/04/24 02:10:35.580, NVIDIA TITAN RTX, 30, 19287, 24576
2026/04/24 02:10:36.581, NVIDIA TITAN RTX, 34, 19287, 24576
2026/04/24 02:10:37.582, NVIDIA TITAN RTX, 36, 19287, 24576
2026/04/24 02:10:38.583, NVIDIA TITAN RTX, 37, 19287, 24576
2026/04/24 02:10:39.585, NVIDIA TITAN RTX, 38, 19287, 24576
2026/04/24 02:10:40.586, NVIDIA TITAN RTX, 37, 19287, 24576
2026/04/24 02:10:41.587, NVIDIA TITAN RTX, 38, 19287, 24576
2026/04/24 02:10:42.588, NVIDIA TITAN RTX, 37, 19287, 24576
2026/04/24 02:10:43.589, NVIDIA TITAN RTX, 38, 19287, 24576
2026/04/24 02:10:44.590, NVIDIA TITAN RTX, 37, 19287, 24576
2026/04/24 02:10:45.591, NVIDIA TITAN RTX, 37, 19287, 24576
2026/04/24 02:10:46.592, NVIDIA TITAN RTX, 38, 19287, 24576
2026/04/24 02:10:47.594, NVIDIA TITAN RTX, 38, 19287, 24576
2026/04/24 02:10:48.595, NVIDIA TITAN RTX, 38, 19287, 24576
2026/04/24 02:10:49.595, NVIDIA TITAN RTX, 37, 19287, 24576
2026/04/24 02:10:50.598, NVIDIA TITAN RTX, 38, 19287, 24576
2026/04/24 02:10:51.599, NVIDIA TITAN RTX, 38, 19287, 24576
2026/04/24 02:10:52.600, NVIDIA TITAN RTX, 38, 19287, 24576
2026/04/24 02:10:53.601, NVIDIA TITAN RTX, 38, 19287, 24576
2026/04/24 02:10:54.603, NVIDIA TITAN RTX, 38, 19287, 24576
2026/04/24 02:10:55.604, NVIDIA TITAN RTX, 38, 19287, 24576
2026/04/24 02:10:56.605, NVIDIA TITAN RTX, 38, 19287, 24576
2026/04/24 02:10:57.607, NVIDIA TITAN RTX, 38, 19287, 24576
2026/04/24 02:10:58.608, NVIDIA TITAN RTX, 38, 19287, 24576
2026/04/24 02:10:59.610, NVIDIA TITAN RTX, 38, 19287, 24576
2026/04/24 02:11:00.611, NVIDIA TITAN RTX, 38, 19287, 24576
2026/04/24 02:11:01.612, NVIDIA TITAN RTX, 38, 19287, 24576
2026/04/24 02:11:02.613, NVIDIA TITAN RTX, 38, 19287, 24576
2026/04/24 02:11:03.615, NVIDIA TITAN RTX, 38, 19287, 24576
2026/04/24 02:11:04.616, NVIDIA TITAN RTX, 38, 19287, 24576
2026/04/24 02:11:05.617, NVIDIA TITAN RTX, 38, 19287, 24576
2026/04/24 02:11:06.618, NVIDIA TITAN RTX, 38, 19287, 24576
2026/04/24 02:11:07.619, NVIDIA TITAN RTX, 39, 19287, 24576
2026/04/24 02:11:08.620, NVIDIA TITAN RTX, 39, 19287, 24576
2026/04/24 02:11:09.622, NVIDIA TITAN RTX, 38, 19287, 24576
2026/04/24 02:11:10.623, NVIDIA TITAN RTX, 38, 19287, 24576
2026/04/24 02:11:11.624, NVIDIA TITAN RTX, 39, 19287, 24576
2026/04/24 02:11:12.625, NVIDIA TITAN RTX, 38, 19287, 24576
2026/04/24 02:11:13.626, NVIDIA TITAN RTX, 38, 19287, 24576
2026/04/24 02:11:14.627, NVIDIA TITAN RTX, 38, 19287, 24576
2026/04/24 02:11:15.628, NVIDIA TITAN RTX, 38, 19287, 24576
2026/04/24 02:11:16.630, NVIDIA TITAN RTX, 38, 19287, 24576
2026/04/24 02:11:17.631, NVIDIA TITAN RTX, 38, 19287, 24576
2026/04/24 02:11:18.632, NVIDIA TITAN RTX, 38, 19287, 24576
2026/04/24 02:11:19.634, NVIDIA TITAN RTX, 38, 19287, 24576
2026/04/24 02:11:20.635, NVIDIA TITAN RTX, 39, 19287, 24576
2026/04/24 02:11:21.636, NVIDIA TITAN RTX, 38, 19287, 24576
2026/04/24 02:11:22.637, NVIDIA TITAN RTX, 38, 19287, 24576
2026/04/24 02:11:23.639, NVIDIA TITAN RTX, 39, 19287, 24576
2026/04/24 02:11:24.640, NVIDIA TITAN RTX, 39, 19287, 24576
2026/04/24 02:11:25.641, NVIDIA TITAN RTX, 39, 19287, 24576
2026/04/24 02:11:26.642, NVIDIA TITAN RTX, 38, 19287, 24576
2026/04/24 02:11:27.643, NVIDIA TITAN RTX, 39, 19287, 24576
2026/04/24 02:11:28.644, NVIDIA TITAN RTX, 39, 19287, 24576
2026/04/24 02:11:29.645, NVIDIA TITAN RTX, 38, 19287, 24576
2026/04/24 02:11:30.647, NVIDIA TITAN RTX, 39, 19287, 24576
2026/04/24 02:11:31.648, NVIDIA TITAN RTX, 38, 19287, 24576
2026/04/24 02:11:32.649, NVIDIA TITAN RTX, 39, 19287, 24576
2026/04/24 02:11:33.650, NVIDIA TITAN RTX, 39, 19287, 24576
2026/04/24 02:11:34.651, NVIDIA TITAN RTX, 38, 19287, 24576
2026/04/24 02:11:35.652, NVIDIA TITAN RTX, 39, 19287, 24576
2026/04/24 02:11:36.653, NVIDIA TITAN RTX, 39, 19287, 24576
2026/04/24 02:11:37.654, NVIDIA TITAN RTX, 39, 19287, 24576
2026/04/24 02:11:38.656, NVIDIA TITAN RTX, 39, 19287, 24576
2026/04/24 02:11:39.657, NVIDIA TITAN RTX, 39, 19287, 24576
2026/04/24 02:11:40.658, NVIDIA TITAN RTX, 39, 19287, 24576
2026/04/24 02:11:41.659, NVIDIA TITAN RTX, 38, 19287, 24576
2026/04/24 02:11:42.661, NVIDIA TITAN RTX, 40, 19287, 24576
2026/04/24 02:11:43.662, NVIDIA TITAN RTX, 66, 19287, 24576
2026/04/24 02:11:44.663, NVIDIA TITAN RTX, 27, 19287, 24576
2026/04/24 02:11:45.664, NVIDIA TITAN RTX, 31, 19287, 24576
2026/04/24 02:11:46.665, NVIDIA TITAN RTX, 35, 19287, 24576
2026/04/24 02:11:47.666, NVIDIA TITAN RTX, 35, 19287, 24576
2026/04/24 02:11:48.667, NVIDIA TITAN RTX, 35, 19287, 24576
2026/04/24 02:11:49.668, NVIDIA TITAN RTX, 35, 19287, 24576
2026/04/24 02:11:50.670, NVIDIA TITAN RTX, 35, 19287, 24576
2026/04/24 02:11:51.672, NVIDIA TITAN RTX, 35, 19287, 24576
2026/04/24 02:11:52.673, NVIDIA TITAN RTX, 35, 19287, 24576
2026/04/24 02:11:53.674, NVIDIA TITAN RTX, 35, 19287, 24576
2026/04/24 02:11:54.675, NVIDIA TITAN RTX, 35, 19287, 24576
2026/04/24 02:11:55.677, NVIDIA TITAN RTX, 35, 19287, 24576
2026/04/24 02:11:56.678, NVIDIA TITAN RTX, 35, 19287, 24576
2026/04/24 02:11:57.679, NVIDIA TITAN RTX, 35, 19287, 24576
2026/04/24 02:11:58.680, NVIDIA TITAN RTX, 35, 19287, 24576
2026/04/24 02:11:59.681, NVIDIA TITAN RTX, 35, 19287, 24576
2026/04/24 02:12:00.683, NVIDIA TITAN RTX, 35, 19287, 24576
2026/04/24 02:12:01.684, NVIDIA TITAN RTX, 35, 19287, 24576
2026/04/24 02:12:02.685, NVIDIA TITAN RTX, 35, 19287, 24576
2026/04/24 02:12:03.687, NVIDIA TITAN RTX, 35, 19287, 24576
2026/04/24 02:12:04.688, NVIDIA TITAN RTX, 35, 19287, 24576
2026/04/24 02:12:05.689, NVIDIA TITAN RTX, 35, 19287, 24576
2026/04/24 02:12:06.690, NVIDIA TITAN RTX, 35, 19287, 24576
2026/04/24 02:12:07.691, NVIDIA TITAN RTX, 35, 19287, 24576
2026/04/24 02:12:08.692, NVIDIA TITAN RTX, 35, 19287, 24576
2026/04/24 02:12:09.694, NVIDIA TITAN RTX, 35, 19287, 24576
2026/04/24 02:12:10.695, NVIDIA TITAN RTX, 35, 19287, 24576
2026/04/24 02:12:11.696, NVIDIA TITAN RTX, 35, 19287, 24576
2026/04/24 02:12:12.697, NVIDIA TITAN RTX, 35, 19287, 24576
2026/04/24 02:12:13.699, NVIDIA TITAN RTX, 35, 19287, 24576
2026/04/24 02:12:14.700, NVIDIA TITAN RTX, 35, 19287, 24576
2026/04/24 02:12:15.701, NVIDIA TITAN RTX, 35, 19287, 24576
2026/04/24 02:12:16.702, NVIDIA TITAN RTX, 35, 19287, 24576
2026/04/24 02:12:17.703, NVIDIA TITAN RTX, 35, 19287, 24576
2026/04/24 02:12:18.705, NVIDIA TITAN RTX, 35, 19287, 24576
2026/04/24 02:12:19.706, NVIDIA TITAN RTX, 35, 19287, 24576
2026/04/24 02:12:20.707, NVIDIA TITAN RTX, 35, 19287, 24576
2026/04/24 02:12:21.708, NVIDIA TITAN RTX, 35, 19287, 24576
2026/04/24 02:12:22.709, NVIDIA TITAN RTX, 35, 19287, 24576
2026/04/24 02:12:23.710, NVIDIA TITAN RTX, 35, 19287, 24576
2026/04/24 02:12:24.712, NVIDIA TITAN RTX, 35, 19287, 24576
2026/04/24 02:12:25.713, NVIDIA TITAN RTX, 35, 19287, 24576
2026/04/24 02:12:26.714, NVIDIA TITAN RTX, 35, 19287, 24576
2026/04/24 02:12:27.715, NVIDIA TITAN RTX, 35, 19287, 24576
2026/04/24 02:12:28.717, NVIDIA TITAN RTX, 35, 19287, 24576
2026/04/24 02:12:29.718, NVIDIA TITAN RTX, 35, 19287, 24576
2026/04/24 02:12:30.719, NVIDIA TITAN RTX, 35, 19287, 24576
2026/04/24 02:12:31.721, NVIDIA TITAN RTX, 68, 19287, 24576
2026/04/24 02:12:32.722, NVIDIA TITAN RTX, 26, 19287, 24576
2026/04/24 02:12:33.723, NVIDIA TITAN RTX, 30, 19287, 24576
2026/04/24 02:12:34.724, NVIDIA TITAN RTX, 35, 19287, 24576
2026/04/24 02:12:35.725, NVIDIA TITAN RTX, 34, 19287, 24576
2026/04/24 02:12:36.727, NVIDIA TITAN RTX, 34, 19287, 24576
2026/04/24 02:12:37.728, NVIDIA TITAN RTX, 34, 19287, 24576
2026/04/24 02:12:38.729, NVIDIA TITAN RTX, 34, 19287, 24576
2026/04/24 02:12:39.730, NVIDIA TITAN RTX, 35, 19287, 24576
2026/04/24 02:12:40.731, NVIDIA TITAN RTX, 35, 19287, 24576
2026/04/24 02:12:41.732, NVIDIA TITAN RTX, 35, 19287, 24576
2026/04/24 02:12:42.734, NVIDIA TITAN RTX, 34, 19287, 24576
2026/04/24 02:12:43.735, NVIDIA TITAN RTX, 35, 19287, 24576
2026/04/24 02:12:44.740, NVIDIA TITAN RTX, 34, 19287, 24576
2026/04/24 02:12:45.741, NVIDIA TITAN RTX, 34, 19287, 24576
2026/04/24 02:12:46.743, NVIDIA TITAN RTX, 35, 19287, 24576
2026/04/24 02:12:47.744, NVIDIA TITAN RTX, 34, 19287, 24576
2026/04/24 02:12:48.745, NVIDIA TITAN RTX, 34, 19287, 24576
2026/04/24 02:12:49.752, NVIDIA TITAN RTX, 35, 19287, 24576
2026/04/24 02:12:50.754, NVIDIA TITAN RTX, 35, 19287, 24576
2026/04/24 02:12:51.755, NVIDIA TITAN RTX, 35, 19287, 24576
2026/04/24 02:12:52.756, NVIDIA TITAN RTX, 35, 19287, 24576
2026/04/24 02:12:53.757, NVIDIA TITAN RTX, 35, 19287, 24576
2026/04/24 02:12:54.760, NVIDIA TITAN RTX, 34, 19287, 24576
2026/04/24 02:12:55.762, NVIDIA TITAN RTX, 35, 19287, 24576
2026/04/24 02:12:56.763, NVIDIA TITAN RTX, 34, 19287, 24576
2026/04/24 02:12:57.764, NVIDIA TITAN RTX, 35, 19287, 24576
2026/04/24 02:12:58.765, NVIDIA TITAN RTX, 35, 19287, 24576
2026/04/24 02:12:59.767, NVIDIA TITAN RTX, 35, 19287, 24576
2026/04/24 02:13:00.768, NVIDIA TITAN RTX, 35, 19287, 24576
2026/04/24 02:13:01.770, NVIDIA TITAN RTX, 35, 19287, 24576
2026/04/24 02:13:02.771, NVIDIA TITAN RTX, 35, 19287, 24576
2026/04/24 02:13:03.772, NVIDIA TITAN RTX, 35, 19287, 24576
2026/04/24 02:13:04.773, NVIDIA TITAN RTX, 35, 19287, 24576
2026/04/24 02:13:05.774, NVIDIA TITAN RTX, 35, 19287, 24576
2026/04/24 02:13:06.775, NVIDIA TITAN RTX, 35, 19287, 24576
2026/04/24 02:13:07.779, NVIDIA TITAN RTX, 35, 19287, 24576
2026/04/24 02:13:08.780, NVIDIA TITAN RTX, 35, 19287, 24576
2026/04/24 02:13:09.786, NVIDIA TITAN RTX, 35, 19287, 24576
2026/04/24 02:13:10.788, NVIDIA TITAN RTX, 35, 19287, 24576
2026/04/24 02:13:11.789, NVIDIA TITAN RTX, 35, 19287, 24576
2026/04/24 02:13:12.790, NVIDIA TITAN RTX, 35, 19287, 24576
2026/04/24 02:13:13.791, NVIDIA TITAN RTX, 35, 19287, 24576
2026/04/24 02:13:14.798, NVIDIA TITAN RTX, 36, 19287, 24576
2026/04/24 02:13:15.799, NVIDIA TITAN RTX, 35, 19287, 24576
2026/04/24 02:13:16.800, NVIDIA TITAN RTX, 35, 19287, 24576
2026/04/24 02:13:17.802, NVIDIA TITAN RTX, 35, 19287, 24576
2026/04/24 02:13:18.803, NVIDIA TITAN RTX, 35, 19287, 24576
2026/04/24 02:13:19.804, NVIDIA TITAN RTX, 35, 19287, 24576
2026/04/24 02:13:20.805, NVIDIA TITAN RTX, 36, 19287, 24576
2026/04/24 02:13:21.806, NVIDIA TITAN RTX, 35, 19287, 24576
2026/04/24 02:13:22.809, NVIDIA TITAN RTX, 82, 19287, 24576
2026/04/24 02:13:23.810, NVIDIA TITAN RTX, 45, 19287, 24576
2026/04/24 02:13:24.812, NVIDIA TITAN RTX, 28, 19287, 24576
2026/04/24 02:13:25.813, NVIDIA TITAN RTX, 34, 19287, 24576
2026/04/24 02:13:26.814, NVIDIA TITAN RTX, 36, 19287, 24576
2026/04/24 02:13:27.815, NVIDIA TITAN RTX, 36, 19287, 24576
2026/04/24 02:13:28.816, NVIDIA TITAN RTX, 36, 19287, 24576
2026/04/24 02:13:29.819, NVIDIA TITAN RTX, 36, 19287, 24576
2026/04/24 02:13:30.821, NVIDIA TITAN RTX, 36, 19287, 24576
2026/04/24 02:13:31.822, NVIDIA TITAN RTX, 36, 19287, 24576
2026/04/24 02:13:32.823, NVIDIA TITAN RTX, 36, 19287, 24576
2026/04/24 02:13:33.824, NVIDIA TITAN RTX, 36, 19287, 24576
2026/04/24 02:13:34.826, NVIDIA TITAN RTX, 36, 19287, 24576
2026/04/24 02:13:35.827, NVIDIA TITAN RTX, 36, 19287, 24576
2026/04/24 02:13:36.828, NVIDIA TITAN RTX, 36, 19287, 24576
2026/04/24 02:13:37.829, NVIDIA TITAN RTX, 36, 19287, 24576
2026/04/24 02:13:38.831, NVIDIA TITAN RTX, 36, 19287, 24576
2026/04/24 02:13:39.832, NVIDIA TITAN RTX, 36, 19287, 24576
2026/04/24 02:13:40.833, NVIDIA TITAN RTX, 36, 19287, 24576
2026/04/24 02:13:41.834, NVIDIA TITAN RTX, 36, 19287, 24576
2026/04/24 02:13:42.836, NVIDIA TITAN RTX, 36, 19287, 24576
2026/04/24 02:13:43.837, NVIDIA TITAN RTX, 36, 19287, 24576
2026/04/24 02:13:44.839, NVIDIA TITAN RTX, 36, 19287, 24576
2026/04/24 02:13:45.840, NVIDIA TITAN RTX, 36, 19287, 24576
2026/04/24 02:13:46.841, NVIDIA TITAN RTX, 36, 19287, 24576
2026/04/24 02:13:47.843, NVIDIA TITAN RTX, 36, 19287, 24576
2026/04/24 02:13:48.844, NVIDIA TITAN RTX, 36, 19287, 24576
2026/04/24 02:13:49.845, NVIDIA TITAN RTX, 36, 19287, 24576
2026/04/24 02:13:50.846, NVIDIA TITAN RTX, 36, 19287, 24576
2026/04/24 02:13:51.847, NVIDIA TITAN RTX, 36, 19287, 24576
2026/04/24 02:13:52.848, NVIDIA TITAN RTX, 36, 19287, 24576
2026/04/24 02:13:53.849, NVIDIA TITAN RTX, 36, 19287, 24576
2026/04/24 02:13:54.850, NVIDIA TITAN RTX, 36, 19287, 24576
2026/04/24 02:13:55.852, NVIDIA TITAN RTX, 36, 19287, 24576
2026/04/24 02:13:56.853, NVIDIA TITAN RTX, 36, 19287, 24576
2026/04/24 02:13:57.854, NVIDIA TITAN RTX, 36, 19287, 24576
2026/04/24 02:13:58.855, NVIDIA TITAN RTX, 36, 19287, 24576
2026/04/24 02:13:59.856, NVIDIA TITAN RTX, 36, 19287, 24576
2026/04/24 02:14:00.858, NVIDIA TITAN RTX, 36, 19287, 24576
2026/04/24 02:14:01.859, NVIDIA TITAN RTX, 37, 19287, 24576
2026/04/24 02:14:02.860, NVIDIA TITAN RTX, 36, 19287, 24576
2026/04/24 02:14:03.861, NVIDIA TITAN RTX, 35, 19287, 24576
2026/04/24 02:14:04.862, NVIDIA TITAN RTX, 36, 19287, 24576
2026/04/24 02:14:05.863, NVIDIA TITAN RTX, 36, 19287, 24576
2026/04/24 02:14:06.864, NVIDIA TITAN RTX, 36, 19287, 24576
2026/04/24 02:14:07.866, NVIDIA TITAN RTX, 36, 19287, 24576
2026/04/24 02:14:08.867, NVIDIA TITAN RTX, 36, 19287, 24576
2026/04/24 02:14:09.873, NVIDIA TITAN RTX, 36, 19287, 24576
2026/04/24 02:14:10.875, NVIDIA TITAN RTX, 36, 19287, 24576
2026/04/24 02:14:11.876, NVIDIA TITAN RTX, 36, 19287, 24576
2026/04/24 02:14:12.879, NVIDIA TITAN RTX, 36, 19287, 24576
2026/04/24 02:14:13.880, NVIDIA TITAN RTX, 36, 19287, 24576
2026/04/24 02:14:14.881, NVIDIA TITAN RTX, 36, 19287, 24576
2026/04/24 02:14:15.882, NVIDIA TITAN RTX, 36, 19287, 24576
2026/04/24 02:14:16.884, NVIDIA TITAN RTX, 36, 19287, 24576
2026/04/24 02:14:17.885, NVIDIA TITAN RTX, 36, 19287, 24576
2026/04/24 02:14:18.886, NVIDIA TITAN RTX, 36, 19287, 24576
2026/04/24 02:14:19.893, NVIDIA TITAN RTX, 36, 19287, 24576
2026/04/24 02:14:20.894, NVIDIA TITAN RTX, 36, 19287, 24576
2026/04/24 02:14:21.895, NVIDIA TITAN RTX, 36, 19287, 24576
2026/04/24 02:14:22.896, NVIDIA TITAN RTX, 36, 19287, 24576
2026/04/24 02:14:23.898, NVIDIA TITAN RTX, 63, 19287, 24576
2026/04/24 02:14:24.905, NVIDIA TITAN RTX, 100, 19287, 24576
2026/04/24 02:14:25.906, NVIDIA TITAN RTX, 100, 19287, 24576
2026/04/24 02:14:26.907, NVIDIA TITAN RTX, 33, 19287, 24576
2026/04/24 02:14:27.908, NVIDIA TITAN RTX, 31, 19287, 24576
2026/04/24 02:14:28.909, NVIDIA TITAN RTX, 36, 19287, 24576
2026/04/24 02:14:29.916, NVIDIA TITAN RTX, 36, 19287, 24576
2026/04/24 02:14:30.917, NVIDIA TITAN RTX, 37, 19287, 24576
2026/04/24 02:14:31.919, NVIDIA TITAN RTX, 38, 19287, 24576
2026/04/24 02:14:32.920, NVIDIA TITAN RTX, 38, 19287, 24576
2026/04/24 02:14:33.921, NVIDIA TITAN RTX, 39, 19287, 24576
2026/04/24 02:14:34.928, NVIDIA TITAN RTX, 38, 19287, 24576
2026/04/24 02:14:35.930, NVIDIA TITAN RTX, 39, 19287, 24576
2026/04/24 02:14:36.932, NVIDIA TITAN RTX, 39, 19287, 24576
2026/04/24 02:14:37.933, NVIDIA TITAN RTX, 38, 19287, 24576
2026/04/24 02:14:38.934, NVIDIA TITAN RTX, 38, 19287, 24576
2026/04/24 02:14:39.939, NVIDIA TITAN RTX, 38, 19287, 24576
2026/04/24 02:14:40.940, NVIDIA TITAN RTX, 39, 19287, 24576
2026/04/24 02:14:41.942, NVIDIA TITAN RTX, 38, 19287, 24576
2026/04/24 02:14:42.943, NVIDIA TITAN RTX, 39, 19287, 24576
2026/04/24 02:14:43.944, NVIDIA TITAN RTX, 39, 19287, 24576
2026/04/24 02:14:44.951, NVIDIA TITAN RTX, 39, 19287, 24576
2026/04/24 02:14:45.952, NVIDIA TITAN RTX, 39, 19287, 24576
2026/04/24 02:14:46.953, NVIDIA TITAN RTX, 39, 19287, 24576
2026/04/24 02:14:47.955, NVIDIA TITAN RTX, 39, 19287, 24576
2026/04/24 02:14:48.956, NVIDIA TITAN RTX, 39, 19287, 24576
2026/04/24 02:14:49.958, NVIDIA TITAN RTX, 39, 19287, 24576
2026/04/24 02:14:50.959, NVIDIA TITAN RTX, 39, 19287, 24576
2026/04/24 02:14:51.960, NVIDIA TITAN RTX, 39, 19287, 24576
2026/04/24 02:14:52.961, NVIDIA TITAN RTX, 39, 19287, 24576
2026/04/24 02:14:53.962, NVIDIA TITAN RTX, 39, 19287, 24576
2026/04/24 02:14:54.964, NVIDIA TITAN RTX, 39, 19287, 24576
2026/04/24 02:14:55.965, NVIDIA TITAN RTX, 39, 19287, 24576
2026/04/24 02:14:56.967, NVIDIA TITAN RTX, 39, 19287, 24576
2026/04/24 02:14:57.968, NVIDIA TITAN RTX, 39, 19287, 24576
2026/04/24 02:14:58.970, NVIDIA TITAN RTX, 39, 19287, 24576
2026/04/24 02:14:59.971, NVIDIA TITAN RTX, 39, 19287, 24576
2026/04/24 02:15:00.972, NVIDIA TITAN RTX, 39, 19287, 24576
2026/04/24 02:15:01.973, NVIDIA TITAN RTX, 39, 19287, 24576
2026/04/24 02:15:02.974, NVIDIA TITAN RTX, 39, 19287, 24576
2026/04/24 02:15:03.975, NVIDIA TITAN RTX, 39, 19287, 24576
2026/04/24 02:15:04.976, NVIDIA TITAN RTX, 39, 19287, 24576
2026/04/24 02:15:05.977, NVIDIA TITAN RTX, 39, 19287, 24576
2026/04/24 02:15:06.978, NVIDIA TITAN RTX, 39, 19287, 24576
2026/04/24 02:15:07.979, NVIDIA TITAN RTX, 39, 19287, 24576
2026/04/24 02:15:08.981, NVIDIA TITAN RTX, 39, 19287, 24576
2026/04/24 02:15:09.982, NVIDIA TITAN RTX, 39, 19287, 24576
2026/04/24 02:15:10.984, NVIDIA TITAN RTX, 39, 19287, 24576
2026/04/24 02:15:11.985, NVIDIA TITAN RTX, 39, 19287, 24576
2026/04/24 02:15:12.987, NVIDIA TITAN RTX, 39, 19287, 24576
2026/04/24 02:15:13.988, NVIDIA TITAN RTX, 39, 19287, 24576
2026/04/24 02:15:14.994, NVIDIA TITAN RTX, 39, 19287, 24576
2026/04/24 02:15:15.995, NVIDIA TITAN RTX, 39, 19287, 24576
2026/04/24 02:15:16.996, NVIDIA TITAN RTX, 39, 19287, 24576
2026/04/24 02:15:17.997, NVIDIA TITAN RTX, 39, 19287, 24576
2026/04/24 02:15:18.999, NVIDIA TITAN RTX, 39, 19287, 24576
2026/04/24 02:15:20.000, NVIDIA TITAN RTX, 39, 19287, 24576
2026/04/24 02:15:21.002, NVIDIA TITAN RTX, 39, 19287, 24576
2026/04/24 02:15:22.003, NVIDIA TITAN RTX, 38, 19287, 24576
2026/04/24 02:15:23.004, NVIDIA TITAN RTX, 39, 19287, 24576
2026/04/24 02:15:24.005, NVIDIA TITAN RTX, 39, 19287, 24576
2026/04/24 02:15:25.007, NVIDIA TITAN RTX, 39, 19287, 24576
2026/04/24 02:15:26.008, NVIDIA TITAN RTX, 39, 19287, 24576
2026/04/24 02:15:27.009, NVIDIA TITAN RTX, 39, 19287, 24576
2026/04/24 02:15:28.010, NVIDIA TITAN RTX, 39, 19287, 24576
2026/04/24 02:15:29.011, NVIDIA TITAN RTX, 39, 19287, 24576
2026/04/24 02:15:30.013, NVIDIA TITAN RTX, 38, 19287, 24576
2026/04/24 02:15:31.014, NVIDIA TITAN RTX, 39, 19287, 24576
2026/04/24 02:15:32.015, NVIDIA TITAN RTX, 39, 19287, 24576
2026/04/24 02:15:33.017, NVIDIA TITAN RTX, 39, 19287, 24576
2026/04/24 02:15:34.018, NVIDIA TITAN RTX, 41, 19287, 24576
2026/04/24 02:15:35.019, NVIDIA TITAN RTX, 65, 19287, 24576
2026/04/24 02:15:36.020, NVIDIA TITAN RTX, 27, 19287, 24576
2026/04/24 02:15:37.021, NVIDIA TITAN RTX, 32, 19287, 24576
2026/04/24 02:15:38.022, NVIDIA TITAN RTX, 35, 19287, 24576
2026/04/24 02:15:39.024, NVIDIA TITAN RTX, 35, 19287, 24576
2026/04/24 02:15:40.025, NVIDIA TITAN RTX, 35, 19287, 24576
2026/04/24 02:15:41.026, NVIDIA TITAN RTX, 35, 19287, 24576
2026/04/24 02:15:42.027, NVIDIA TITAN RTX, 35, 19287, 24576
2026/04/24 02:15:43.029, NVIDIA TITAN RTX, 35, 19287, 24576
2026/04/24 02:15:44.030, NVIDIA TITAN RTX, 35, 19287, 24576
2026/04/24 02:15:45.031, NVIDIA TITAN RTX, 35, 19287, 24576
2026/04/24 02:15:46.032, NVIDIA TITAN RTX, 35, 19287, 24576
2026/04/24 02:15:47.033, NVIDIA TITAN RTX, 35, 19287, 24576
2026/04/24 02:15:48.035, NVIDIA TITAN RTX, 35, 19287, 24576
2026/04/24 02:15:49.036, NVIDIA TITAN RTX, 35, 19287, 24576
2026/04/24 02:15:50.037, NVIDIA TITAN RTX, 35, 19287, 24576
2026/04/24 02:15:51.038, NVIDIA TITAN RTX, 35, 19287, 24576
2026/04/24 02:15:52.039, NVIDIA TITAN RTX, 35, 19287, 24576
2026/04/24 02:15:53.040, NVIDIA TITAN RTX, 35, 19287, 24576
2026/04/24 02:15:54.042, NVIDIA TITAN RTX, 35, 19287, 24576
2026/04/24 02:15:55.043, NVIDIA TITAN RTX, 35, 19287, 24576
2026/04/24 02:15:56.044, NVIDIA TITAN RTX, 35, 19287, 24576
2026/04/24 02:15:57.045, NVIDIA TITAN RTX, 35, 19287, 24576
2026/04/24 02:15:58.046, NVIDIA TITAN RTX, 35, 19287, 24576
2026/04/24 02:15:59.047, NVIDIA TITAN RTX, 35, 19287, 24576
2026/04/24 02:16:00.048, NVIDIA TITAN RTX, 35, 19287, 24576
2026/04/24 02:16:01.049, NVIDIA TITAN RTX, 35, 19287, 24576
2026/04/24 02:16:02.052, NVIDIA TITAN RTX, 35, 19287, 24576
2026/04/24 02:16:03.053, NVIDIA TITAN RTX, 35, 19287, 24576
2026/04/24 02:16:04.054, NVIDIA TITAN RTX, 35, 19287, 24576
2026/04/24 02:16:05.055, NVIDIA TITAN RTX, 35, 19287, 24576
2026/04/24 02:16:06.057, NVIDIA TITAN RTX, 35, 19287, 24576
2026/04/24 02:16:07.058, NVIDIA TITAN RTX, 35, 19287, 24576
2026/04/24 02:16:08.059, NVIDIA TITAN RTX, 35, 19287, 24576
2026/04/24 02:16:09.060, NVIDIA TITAN RTX, 35, 19287, 24576
2026/04/24 02:16:10.061, NVIDIA TITAN RTX, 35, 19287, 24576
2026/04/24 02:16:11.063, NVIDIA TITAN RTX, 35, 19287, 24576
2026/04/24 02:16:12.064, NVIDIA TITAN RTX, 35, 19287, 24576
2026/04/24 02:16:13.065, NVIDIA TITAN RTX, 35, 19287, 24576
2026/04/24 02:16:14.066, NVIDIA TITAN RTX, 35, 19287, 24576
2026/04/24 02:16:15.067, NVIDIA TITAN RTX, 35, 19287, 24576
2026/04/24 02:16:16.069, NVIDIA TITAN RTX, 35, 19287, 24576
2026/04/24 02:16:17.070, NVIDIA TITAN RTX, 35, 19287, 24576
2026/04/24 02:16:18.071, NVIDIA TITAN RTX, 35, 19287, 24576
2026/04/24 02:16:19.072, NVIDIA TITAN RTX, 35, 19287, 24576
2026/04/24 02:16:20.074, NVIDIA TITAN RTX, 35, 19287, 24576
2026/04/24 02:16:21.075, NVIDIA TITAN RTX, 48, 19287, 24576
2026/04/24 02:16:22.075, NVIDIA TITAN RTX, 26, 19287, 24576
2026/04/24 02:16:23.077, NVIDIA TITAN RTX, 31, 19287, 24576
2026/04/24 02:16:24.078, NVIDIA TITAN RTX, 34, 19287, 24576
2026/04/24 02:16:25.079, NVIDIA TITAN RTX, 34, 19287, 24576
2026/04/24 02:16:26.080, NVIDIA TITAN RTX, 34, 19287, 24576
2026/04/24 02:16:27.081, NVIDIA TITAN RTX, 34, 19287, 24576
2026/04/24 02:16:28.083, NVIDIA TITAN RTX, 34, 19287, 24576
2026/04/24 02:16:29.084, NVIDIA TITAN RTX, 34, 19287, 24576
2026/04/24 02:16:30.085, NVIDIA TITAN RTX, 34, 19287, 24576
2026/04/24 02:16:31.087, NVIDIA TITAN RTX, 34, 19287, 24576
2026/04/24 02:16:32.088, NVIDIA TITAN RTX, 34, 19287, 24576
2026/04/24 02:16:33.089, NVIDIA TITAN RTX, 34, 19287, 24576
2026/04/24 02:16:34.090, NVIDIA TITAN RTX, 34, 19287, 24576
2026/04/24 02:16:35.092, NVIDIA TITAN RTX, 34, 19287, 24576
2026/04/24 02:16:36.093, NVIDIA TITAN RTX, 34, 19287, 24576
2026/04/24 02:16:37.094, NVIDIA TITAN RTX, 34, 19287, 24576
2026/04/24 02:16:38.095, NVIDIA TITAN RTX, 34, 19287, 24576
2026/04/24 02:16:39.096, NVIDIA TITAN RTX, 34, 19287, 24576
2026/04/24 02:16:40.097, NVIDIA TITAN RTX, 34, 19287, 24576
2026/04/24 02:16:41.098, NVIDIA TITAN RTX, 34, 19287, 24576
2026/04/24 02:16:42.100, NVIDIA TITAN RTX, 34, 19287, 24576
2026/04/24 02:16:43.101, NVIDIA TITAN RTX, 34, 19287, 24576
2026/04/24 02:16:44.102, NVIDIA TITAN RTX, 34, 19287, 24576
2026/04/24 02:16:45.104, NVIDIA TITAN RTX, 34, 19287, 24576
2026/04/24 02:16:46.105, NVIDIA TITAN RTX, 34, 19287, 24576
2026/04/24 02:16:47.106, NVIDIA TITAN RTX, 34, 19287, 24576
2026/04/24 02:16:48.107, NVIDIA TITAN RTX, 34, 19287, 24576
2026/04/24 02:16:49.108, NVIDIA TITAN RTX, 35, 19287, 24576
2026/04/24 02:16:50.110, NVIDIA TITAN RTX, 35, 19287, 24576
2026/04/24 02:16:51.111, NVIDIA TITAN RTX, 35, 19287, 24576
2026/04/24 02:16:52.112, NVIDIA TITAN RTX, 34, 19287, 24576
2026/04/24 02:16:53.113, NVIDIA TITAN RTX, 34, 19287, 24576
2026/04/24 02:16:54.115, NVIDIA TITAN RTX, 35, 19287, 24576
2026/04/24 02:16:55.116, NVIDIA TITAN RTX, 34, 19287, 24576
2026/04/24 02:16:56.117, NVIDIA TITAN RTX, 34, 19287, 24576
2026/04/24 02:16:57.119, NVIDIA TITAN RTX, 35, 19287, 24576
2026/04/24 02:16:58.120, NVIDIA TITAN RTX, 35, 19287, 24576
2026/04/24 02:16:59.122, NVIDIA TITAN RTX, 35, 19287, 24576
2026/04/24 02:17:00.123, NVIDIA TITAN RTX, 61, 19287, 24576
2026/04/24 02:17:01.124, NVIDIA TITAN RTX, 86, 19287, 24576
2026/04/24 02:17:02.125, NVIDIA TITAN RTX, 29, 19287, 24576
2026/04/24 02:17:03.126, NVIDIA TITAN RTX, 30, 19287, 24576
2026/04/24 02:17:04.127, NVIDIA TITAN RTX, 35, 19287, 24576
2026/04/24 02:17:05.128, NVIDIA TITAN RTX, 36, 19287, 24576
2026/04/24 02:17:06.129, NVIDIA TITAN RTX, 37, 19287, 24576
2026/04/24 02:17:07.130, NVIDIA TITAN RTX, 37, 19287, 24576
2026/04/24 02:17:08.132, NVIDIA TITAN RTX, 37, 19287, 24576
2026/04/24 02:17:09.133, NVIDIA TITAN RTX, 37, 19287, 24576
2026/04/24 02:17:10.134, NVIDIA TITAN RTX, 37, 19287, 24576
2026/04/24 02:17:11.135, NVIDIA TITAN RTX, 37, 19287, 24576
2026/04/24 02:17:12.136, NVIDIA TITAN RTX, 37, 19287, 24576
2026/04/24 02:17:13.137, NVIDIA TITAN RTX, 37, 19287, 24576
2026/04/24 02:17:14.139, NVIDIA TITAN RTX, 37, 19287, 24576
2026/04/24 02:17:15.140, NVIDIA TITAN RTX, 37, 19287, 24576
2026/04/24 02:17:16.141, NVIDIA TITAN RTX, 37, 19287, 24576
2026/04/24 02:17:17.142, NVIDIA TITAN RTX, 37, 19287, 24576
2026/04/24 02:17:18.143, NVIDIA TITAN RTX, 37, 19287, 24576
2026/04/24 02:17:19.145, NVIDIA TITAN RTX, 37, 19287, 24576
2026/04/24 02:17:20.146, NVIDIA TITAN RTX, 37, 19287, 24576
2026/04/24 02:17:21.147, NVIDIA TITAN RTX, 37, 19287, 24576
2026/04/24 02:17:22.149, NVIDIA TITAN RTX, 37, 19287, 24576
2026/04/24 02:17:23.150, NVIDIA TITAN RTX, 37, 19287, 24576
2026/04/24 02:17:24.151, NVIDIA TITAN RTX, 37, 19287, 24576
2026/04/24 02:17:25.153, NVIDIA TITAN RTX, 37, 19287, 24576
2026/04/24 02:17:26.154, NVIDIA TITAN RTX, 37, 19287, 24576
2026/04/24 02:17:27.155, NVIDIA TITAN RTX, 37, 19287, 24576
2026/04/24 02:17:28.156, NVIDIA TITAN RTX, 37, 19287, 24576
2026/04/24 02:17:29.157, NVIDIA TITAN RTX, 37, 19287, 24576
2026/04/24 02:17:30.158, NVIDIA TITAN RTX, 37, 19287, 24576
2026/04/24 02:17:31.159, NVIDIA TITAN RTX, 37, 19287, 24576
2026/04/24 02:17:32.161, NVIDIA TITAN RTX, 37, 19287, 24576
2026/04/24 02:17:33.162, NVIDIA TITAN RTX, 37, 19287, 24576
2026/04/24 02:17:34.163, NVIDIA TITAN RTX, 37, 19287, 24576
2026/04/24 02:17:35.164, NVIDIA TITAN RTX, 37, 19287, 24576
2026/04/24 02:17:36.166, NVIDIA TITAN RTX, 37, 19287, 24576
2026/04/24 02:17:37.167, NVIDIA TITAN RTX, 37, 19287, 24576
2026/04/24 02:17:38.169, NVIDIA TITAN RTX, 37, 19287, 24576
2026/04/24 02:17:39.170, NVIDIA TITAN RTX, 38, 19287, 24576
2026/04/24 02:17:40.171, NVIDIA TITAN RTX, 37, 19287, 24576
2026/04/24 02:17:41.173, NVIDIA TITAN RTX, 37, 19287, 24576
2026/04/24 02:17:42.174, NVIDIA TITAN RTX, 37, 19287, 24576
2026/04/24 02:17:43.175, NVIDIA TITAN RTX, 38, 19287, 24576
2026/04/24 02:17:44.177, NVIDIA TITAN RTX, 38, 19287, 24576
2026/04/24 02:17:45.179, NVIDIA TITAN RTX, 38, 19287, 24576
2026/04/24 02:17:46.180, NVIDIA TITAN RTX, 38, 19287, 24576
2026/04/24 02:17:47.181, NVIDIA TITAN RTX, 37, 19287, 24576
2026/04/24 02:17:48.182, NVIDIA TITAN RTX, 37, 19287, 24576
2026/04/24 02:17:49.183, NVIDIA TITAN RTX, 37, 19287, 24576
2026/04/24 02:17:50.184, NVIDIA TITAN RTX, 37, 19287, 24576
2026/04/24 02:17:51.185, NVIDIA TITAN RTX, 37, 19287, 24576
2026/04/24 02:17:52.187, NVIDIA TITAN RTX, 37, 19287, 24576
2026/04/24 02:17:53.188, NVIDIA TITAN RTX, 37, 19287, 24576
2026/04/24 02:17:54.189, NVIDIA TITAN RTX, 37, 19287, 24576
2026/04/24 02:17:55.190, NVIDIA TITAN RTX, 37, 19287, 24576
2026/04/24 02:17:56.192, NVIDIA TITAN RTX, 53, 19287, 24576
2026/04/24 02:17:57.193, NVIDIA TITAN RTX, 26, 19287, 24576
2026/04/24 02:17:58.194, NVIDIA TITAN RTX, 30, 19287, 24576
2026/04/24 02:17:59.195, NVIDIA TITAN RTX, 34, 19287, 24576
2026/04/24 02:18:00.196, NVIDIA TITAN RTX, 34, 19287, 24576
2026/04/24 02:18:01.197, NVIDIA TITAN RTX, 34, 19287, 24576
2026/04/24 02:18:02.198, NVIDIA TITAN RTX, 34, 19287, 24576
2026/04/24 02:18:03.199, NVIDIA TITAN RTX, 34, 19287, 24576
2026/04/24 02:18:04.201, NVIDIA TITAN RTX, 34, 19287, 24576
2026/04/24 02:18:05.202, NVIDIA TITAN RTX, 34, 19287, 24576
2026/04/24 02:18:06.203, NVIDIA TITAN RTX, 34, 19287, 24576
2026/04/24 02:18:07.204, NVIDIA TITAN RTX, 33, 19287, 24576
2026/04/24 02:18:08.205, NVIDIA TITAN RTX, 34, 19287, 24576
2026/04/24 02:18:09.206, NVIDIA TITAN RTX, 34, 19287, 24576
2026/04/24 02:18:10.208, NVIDIA TITAN RTX, 34, 19287, 24576
2026/04/24 02:18:11.209, NVIDIA TITAN RTX, 34, 19287, 24576
2026/04/24 02:18:12.211, NVIDIA TITAN RTX, 34, 19287, 24576
2026/04/24 02:18:13.212, NVIDIA TITAN RTX, 34, 19287, 24576
2026/04/24 02:18:14.213, NVIDIA TITAN RTX, 34, 19287, 24576
2026/04/24 02:18:15.214, NVIDIA TITAN RTX, 34, 19287, 24576
2026/04/24 02:18:16.216, NVIDIA TITAN RTX, 34, 19287, 24576
2026/04/24 02:18:17.217, NVIDIA TITAN RTX, 34, 19287, 24576
2026/04/24 02:18:18.218, NVIDIA TITAN RTX, 34, 19287, 24576
2026/04/24 02:18:19.219, NVIDIA TITAN RTX, 34, 19287, 24576
2026/04/24 02:18:20.220, NVIDIA TITAN RTX, 34, 19287, 24576
2026/04/24 02:18:21.221, NVIDIA TITAN RTX, 34, 19287, 24576
2026/04/24 02:18:22.222, NVIDIA TITAN RTX, 34, 19287, 24576
2026/04/24 02:18:23.223, NVIDIA TITAN RTX, 34, 19287, 24576
2026/04/24 02:18:24.225, NVIDIA TITAN RTX, 34, 19287, 24576
2026/04/24 02:18:25.226, NVIDIA TITAN RTX, 34, 19287, 24576
2026/04/24 02:18:26.228, NVIDIA TITAN RTX, 34, 19287, 24576
2026/04/24 02:18:27.229, NVIDIA TITAN RTX, 34, 19287, 24576
2026/04/24 02:18:28.230, NVIDIA TITAN RTX, 34, 19287, 24576
2026/04/24 02:18:29.231, NVIDIA TITAN RTX, 34, 19287, 24576
2026/04/24 02:18:30.232, NVIDIA TITAN RTX, 34, 19287, 24576
2026/04/24 02:18:31.233, NVIDIA TITAN RTX, 34, 19287, 24576
2026/04/24 02:18:32.234, NVIDIA TITAN RTX, 35, 19287, 24576
2026/04/24 02:18:33.236, NVIDIA TITAN RTX, 35, 19287, 24576
2026/04/24 02:18:34.237, NVIDIA TITAN RTX, 35, 19287, 24576
2026/04/24 02:18:35.238, NVIDIA TITAN RTX, 35, 19287, 24576
2026/04/24 02:18:36.239, NVIDIA TITAN RTX, 35, 19287, 24576
2026/04/24 02:18:37.240, NVIDIA TITAN RTX, 35, 19287, 24576
2026/04/24 02:18:38.242, NVIDIA TITAN RTX, 34, 19287, 24576
2026/04/24 02:18:39.243, NVIDIA TITAN RTX, 35, 19287, 24576
2026/04/24 02:18:40.244, NVIDIA TITAN RTX, 35, 19287, 24576
2026/04/24 02:18:41.245, NVIDIA TITAN RTX, 35, 19287, 24576
2026/04/24 02:18:42.246, NVIDIA TITAN RTX, 35, 19287, 24576
2026/04/24 02:18:43.248, NVIDIA TITAN RTX, 35, 19287, 24576
2026/04/24 02:18:44.249, NVIDIA TITAN RTX, 35, 19287, 24576
2026/04/24 02:18:45.251, NVIDIA TITAN RTX, 35, 19287, 24576
2026/04/24 02:18:46.252, NVIDIA TITAN RTX, 35, 19287, 24576
2026/04/24 02:18:47.253, NVIDIA TITAN RTX, 35, 19287, 24576
2026/04/24 02:18:48.255, NVIDIA TITAN RTX, 34, 19287, 24576
2026/04/24 02:18:49.258, NVIDIA TITAN RTX, 35, 19287, 24576
2026/04/24 02:18:50.264, NVIDIA TITAN RTX, 35, 19287, 24576
2026/04/24 02:18:51.265, NVIDIA TITAN RTX, 34, 19287, 24576
2026/04/24 02:18:52.266, NVIDIA TITAN RTX, 35, 19287, 24576
2026/04/24 02:18:53.268, NVIDIA TITAN RTX, 35, 19287, 24576
2026/04/24 02:18:54.271, NVIDIA TITAN RTX, 79, 19287, 24576
2026/04/24 02:18:55.272, NVIDIA TITAN RTX, 69, 19287, 24576
2026/04/24 02:18:56.273, NVIDIA TITAN RTX, 28, 19287, 24576
2026/04/24 02:18:57.274, NVIDIA TITAN RTX, 32, 19287, 24576
2026/04/24 02:18:58.275, NVIDIA TITAN RTX, 35, 19287, 24576
2026/04/24 02:18:59.276, NVIDIA TITAN RTX, 37, 19287, 24576
2026/04/24 02:19:00.278, NVIDIA TITAN RTX, 37, 19287, 24576
2026/04/24 02:19:01.279, NVIDIA TITAN RTX, 37, 19287, 24576
2026/04/24 02:19:02.280, NVIDIA TITAN RTX, 36, 19287, 24576
2026/04/24 02:19:03.281, NVIDIA TITAN RTX, 36, 19287, 24576
2026/04/24 02:19:04.283, NVIDIA TITAN RTX, 36, 19287, 24576
2026/04/24 02:19:05.284, NVIDIA TITAN RTX, 36, 19287, 24576
2026/04/24 02:19:06.285, NVIDIA TITAN RTX, 36, 19287, 24576
2026/04/24 02:19:07.287, NVIDIA TITAN RTX, 36, 19287, 24576
2026/04/24 02:19:08.288, NVIDIA TITAN RTX, 36, 19287, 24576
2026/04/24 02:19:09.289, NVIDIA TITAN RTX, 36, 19287, 24576
2026/04/24 02:19:10.290, NVIDIA TITAN RTX, 36, 19287, 24576
2026/04/24 02:19:11.292, NVIDIA TITAN RTX, 37, 19287, 24576
2026/04/24 02:19:12.294, NVIDIA TITAN RTX, 37, 19287, 24576
2026/04/24 02:19:13.295, NVIDIA TITAN RTX, 37, 19287, 24576
2026/04/24 02:19:14.296, NVIDIA TITAN RTX, 37, 19287, 24576
2026/04/24 02:19:15.298, NVIDIA TITAN RTX, 37, 19287, 24576
2026/04/24 02:19:16.299, NVIDIA TITAN RTX, 37, 19287, 24576
2026/04/24 02:19:17.300, NVIDIA TITAN RTX, 37, 19287, 24576
2026/04/24 02:19:18.301, NVIDIA TITAN RTX, 37, 19287, 24576
2026/04/24 02:19:19.302, NVIDIA TITAN RTX, 37, 19287, 24576
2026/04/24 02:19:20.303, NVIDIA TITAN RTX, 37, 19287, 24576
2026/04/24 02:19:21.305, NVIDIA TITAN RTX, 36, 19287, 24576
2026/04/24 02:19:22.306, NVIDIA TITAN RTX, 37, 19287, 24576
2026/04/24 02:19:23.307, NVIDIA TITAN RTX, 37, 19287, 24576
2026/04/24 02:19:24.308, NVIDIA TITAN RTX, 36, 19287, 24576
2026/04/24 02:19:25.309, NVIDIA TITAN RTX, 37, 19287, 24576
2026/04/24 02:19:26.311, NVIDIA TITAN RTX, 37, 19287, 24576
2026/04/24 02:19:27.312, NVIDIA TITAN RTX, 37, 19287, 24576
2026/04/24 02:19:28.313, NVIDIA TITAN RTX, 37, 19287, 24576
2026/04/24 02:19:29.315, NVIDIA TITAN RTX, 37, 19287, 24576
2026/04/24 02:19:30.316, NVIDIA TITAN RTX, 37, 19287, 24576
2026/04/24 02:19:31.317, NVIDIA TITAN RTX, 37, 19287, 24576
2026/04/24 02:19:32.318, NVIDIA TITAN RTX, 37, 19287, 24576
2026/04/24 02:19:33.320, NVIDIA TITAN RTX, 36, 19287, 24576
2026/04/24 02:19:34.321, NVIDIA TITAN RTX, 37, 19287, 24576
2026/04/24 02:19:35.323, NVIDIA TITAN RTX, 36, 19287, 24576
2026/04/24 02:19:36.324, NVIDIA TITAN RTX, 37, 19287, 24576
2026/04/24 02:19:37.326, NVIDIA TITAN RTX, 37, 19287, 24576
2026/04/24 02:19:38.327, NVIDIA TITAN RTX, 37, 19287, 24576
2026/04/24 02:19:39.328, NVIDIA TITAN RTX, 37, 19287, 24576
2026/04/24 02:19:40.333, NVIDIA TITAN RTX, 37, 19289, 24576
2026/04/24 02:19:41.334, NVIDIA TITAN RTX, 66, 19289, 24576
2026/04/24 02:19:42.335, NVIDIA TITAN RTX, 26, 19289, 24576
2026/04/24 02:19:43.337, NVIDIA TITAN RTX, 30, 19289, 24576
2026/04/24 02:19:44.338, NVIDIA TITAN RTX, 34, 19289, 24576
2026/04/24 02:19:45.340, NVIDIA TITAN RTX, 35, 19289, 24576
2026/04/24 02:19:46.341, NVIDIA TITAN RTX, 35, 19289, 24576
2026/04/24 02:19:47.342, NVIDIA TITAN RTX, 34, 19289, 24576
2026/04/24 02:19:48.345, NVIDIA TITAN RTX, 35, 19289, 24576
2026/04/24 02:19:49.346, NVIDIA TITAN RTX, 34, 19289, 24576
2026/04/24 02:19:50.347, NVIDIA TITAN RTX, 35, 19289, 24576
2026/04/24 02:19:51.348, NVIDIA TITAN RTX, 35, 19289, 24576
2026/04/24 02:19:52.349, NVIDIA TITAN RTX, 35, 19289, 24576
2026/04/24 02:19:53.351, NVIDIA TITAN RTX, 34, 19289, 24576
2026/04/24 02:19:54.352, NVIDIA TITAN RTX, 35, 19289, 24576
2026/04/24 02:19:55.353, NVIDIA TITAN RTX, 35, 19289, 24576
2026/04/24 02:19:56.354, NVIDIA TITAN RTX, 35, 19289, 24576
2026/04/24 02:19:57.355, NVIDIA TITAN RTX, 34, 19289, 24576
2026/04/24 02:19:58.356, NVIDIA TITAN RTX, 34, 19289, 24576
2026/04/24 02:19:59.358, NVIDIA TITAN RTX, 35, 19289, 24576
2026/04/24 02:20:00.359, NVIDIA TITAN RTX, 35, 19289, 24576
2026/04/24 02:20:01.360, NVIDIA TITAN RTX, 34, 19289, 24576
2026/04/24 02:20:02.361, NVIDIA TITAN RTX, 35, 19289, 24576
2026/04/24 02:20:03.362, NVIDIA TITAN RTX, 35, 19289, 24576
2026/04/24 02:20:04.363, NVIDIA TITAN RTX, 35, 19289, 24576
2026/04/24 02:20:05.364, NVIDIA TITAN RTX, 35, 19289, 24576
2026/04/24 02:20:06.365, NVIDIA TITAN RTX, 35, 19289, 24576
2026/04/24 02:20:07.366, NVIDIA TITAN RTX, 35, 19289, 24576
2026/04/24 02:20:08.368, NVIDIA TITAN RTX, 35, 19289, 24576
2026/04/24 02:20:09.369, NVIDIA TITAN RTX, 35, 19289, 24576
2026/04/24 02:20:10.370, NVIDIA TITAN RTX, 35, 19289, 24576
2026/04/24 02:20:11.371, NVIDIA TITAN RTX, 35, 19289, 24576
2026/04/24 02:20:12.372, NVIDIA TITAN RTX, 35, 19289, 24576
2026/04/24 02:20:13.373, NVIDIA TITAN RTX, 35, 19289, 24576
2026/04/24 02:20:14.374, NVIDIA TITAN RTX, 35, 19289, 24576
2026/04/24 02:20:15.375, NVIDIA TITAN RTX, 35, 19289, 24576
2026/04/24 02:20:16.377, NVIDIA TITAN RTX, 35, 19289, 24576
2026/04/24 02:20:17.378, NVIDIA TITAN RTX, 35, 19289, 24576
2026/04/24 02:20:18.379, NVIDIA TITAN RTX, 35, 19289, 24576
2026/04/24 02:20:19.380, NVIDIA TITAN RTX, 35, 19289, 24576
2026/04/24 02:20:20.381, NVIDIA TITAN RTX, 35, 19289, 24576
2026/04/24 02:20:21.382, NVIDIA TITAN RTX, 35, 19289, 24576
2026/04/24 02:20:22.384, NVIDIA TITAN RTX, 38, 19289, 24576
2026/04/24 02:20:23.386, NVIDIA TITAN RTX, 89, 19289, 24576
2026/04/24 02:20:24.387, NVIDIA TITAN RTX, 27, 19289, 24576
2026/04/24 02:20:25.388, NVIDIA TITAN RTX, 29, 19289, 24576
2026/04/24 02:20:26.389, NVIDIA TITAN RTX, 35, 19289, 24576
2026/04/24 02:20:27.390, NVIDIA TITAN RTX, 35, 19289, 24576
2026/04/24 02:20:28.391, NVIDIA TITAN RTX, 35, 19289, 24576
2026/04/24 02:20:29.392, NVIDIA TITAN RTX, 35, 19289, 24576
2026/04/24 02:20:30.393, NVIDIA TITAN RTX, 35, 19289, 24576
2026/04/24 02:20:31.394, NVIDIA TITAN RTX, 35, 19289, 24576
2026/04/24 02:20:32.395, NVIDIA TITAN RTX, 35, 19289, 24576
2026/04/24 02:20:33.397, NVIDIA TITAN RTX, 35, 19289, 24576
2026/04/24 02:20:34.398, NVIDIA TITAN RTX, 35, 19289, 24576
2026/04/24 02:20:35.399, NVIDIA TITAN RTX, 36, 19289, 24576
2026/04/24 02:20:36.400, NVIDIA TITAN RTX, 36, 19289, 24576
2026/04/24 02:20:37.402, NVIDIA TITAN RTX, 36, 19289, 24576
2026/04/24 02:20:38.403, NVIDIA TITAN RTX, 36, 19289, 24576
2026/04/24 02:20:39.404, NVIDIA TITAN RTX, 36, 19289, 24576
2026/04/24 02:20:40.405, NVIDIA TITAN RTX, 36, 19289, 24576
2026/04/24 02:20:41.406, NVIDIA TITAN RTX, 36, 19289, 24576
2026/04/24 02:20:42.407, NVIDIA TITAN RTX, 36, 19289, 24576
2026/04/24 02:20:43.408, NVIDIA TITAN RTX, 36, 19289, 24576
2026/04/24 02:20:44.409, NVIDIA TITAN RTX, 36, 19289, 24576
2026/04/24 02:20:45.411, NVIDIA TITAN RTX, 36, 19289, 24576
2026/04/24 02:20:46.412, NVIDIA TITAN RTX, 36, 19289, 24576
2026/04/24 02:20:47.413, NVIDIA TITAN RTX, 36, 19289, 24576
2026/04/24 02:20:48.414, NVIDIA TITAN RTX, 36, 19289, 24576
2026/04/24 02:20:49.416, NVIDIA TITAN RTX, 36, 19289, 24576
2026/04/24 02:20:50.417, NVIDIA TITAN RTX, 36, 19289, 24576
2026/04/24 02:20:51.419, NVIDIA TITAN RTX, 36, 19289, 24576
2026/04/24 02:20:52.420, NVIDIA TITAN RTX, 35, 19289, 24576
2026/04/24 02:20:53.421, NVIDIA TITAN RTX, 36, 19289, 24576
2026/04/24 02:20:54.422, NVIDIA TITAN RTX, 36, 19289, 24576
2026/04/24 02:20:55.423, NVIDIA TITAN RTX, 36, 19289, 24576
2026/04/24 02:20:56.424, NVIDIA TITAN RTX, 36, 19289, 24576
2026/04/24 02:20:57.425, NVIDIA TITAN RTX, 36, 19289, 24576
2026/04/24 02:20:58.428, NVIDIA TITAN RTX, 35, 19289, 24576
2026/04/24 02:20:59.429, NVIDIA TITAN RTX, 36, 19289, 24576
2026/04/24 02:21:00.430, NVIDIA TITAN RTX, 36, 19289, 24576
2026/04/24 02:21:01.431, NVIDIA TITAN RTX, 35, 19289, 24576
2026/04/24 02:21:02.433, NVIDIA TITAN RTX, 36, 19289, 24576
2026/04/24 02:21:03.434, NVIDIA TITAN RTX, 36, 19289, 24576
2026/04/24 02:21:04.436, NVIDIA TITAN RTX, 36, 19289, 24576
2026/04/24 02:21:05.437, NVIDIA TITAN RTX, 36, 19289, 24576
2026/04/24 02:21:06.440, NVIDIA TITAN RTX, 36, 19289, 24576
2026/04/24 02:21:07.441, NVIDIA TITAN RTX, 36, 19289, 24576
2026/04/24 02:21:08.443, NVIDIA TITAN RTX, 36, 19289, 24576
2026/04/24 02:21:09.444, NVIDIA TITAN RTX, 36, 19289, 24576
2026/04/24 02:21:10.446, NVIDIA TITAN RTX, 36, 19289, 24576
2026/04/24 02:21:11.447, NVIDIA TITAN RTX, 36, 19289, 24576
2026/04/24 02:21:12.449, NVIDIA TITAN RTX, 36, 19289, 24576
2026/04/24 02:21:13.451, NVIDIA TITAN RTX, 36, 19289, 24576
2026/04/24 02:21:14.452, NVIDIA TITAN RTX, 36, 19289, 24576
2026/04/24 02:21:15.453, NVIDIA TITAN RTX, 36, 19289, 24576
2026/04/24 02:21:16.455, NVIDIA TITAN RTX, 36, 19289, 24576
2026/04/24 02:21:17.456, NVIDIA TITAN RTX, 49, 19289, 24576
2026/04/24 02:21:18.457, NVIDIA TITAN RTX, 25, 19289, 24576
2026/04/24 02:21:19.458, NVIDIA TITAN RTX, 29, 19289, 24576
2026/04/24 02:21:20.459, NVIDIA TITAN RTX, 34, 19289, 24576
2026/04/24 02:21:21.460, NVIDIA TITAN RTX, 33, 19289, 24576
2026/04/24 02:21:22.461, NVIDIA TITAN RTX, 34, 19289, 24576
2026/04/24 02:21:23.462, NVIDIA TITAN RTX, 34, 19289, 24576
2026/04/24 02:21:24.464, NVIDIA TITAN RTX, 33, 19289, 24576
2026/04/24 02:21:25.465, NVIDIA TITAN RTX, 33, 19289, 24576
2026/04/24 02:21:26.466, NVIDIA TITAN RTX, 34, 19289, 24576
2026/04/24 02:21:27.468, NVIDIA TITAN RTX, 33, 19289, 24576
2026/04/24 02:21:28.469, NVIDIA TITAN RTX, 34, 19289, 24576
2026/04/24 02:21:29.470, NVIDIA TITAN RTX, 34, 19289, 24576
2026/04/24 02:21:30.471, NVIDIA TITAN RTX, 33, 19289, 24576
2026/04/24 02:21:31.473, NVIDIA TITAN RTX, 34, 19289, 24576
2026/04/24 02:21:32.474, NVIDIA TITAN RTX, 34, 19289, 24576
2026/04/24 02:21:33.475, NVIDIA TITAN RTX, 34, 19289, 24576
2026/04/24 02:21:34.476, NVIDIA TITAN RTX, 34, 19289, 24576
2026/04/24 02:21:35.477, NVIDIA TITAN RTX, 34, 19289, 24576
2026/04/24 02:21:36.478, NVIDIA TITAN RTX, 34, 19289, 24576
2026/04/24 02:21:37.480, NVIDIA TITAN RTX, 34, 19289, 24576
2026/04/24 02:21:38.482, NVIDIA TITAN RTX, 34, 19289, 24576
2026/04/24 02:21:39.483, NVIDIA TITAN RTX, 34, 19289, 24576
2026/04/24 02:21:40.484, NVIDIA TITAN RTX, 34, 19289, 24576
2026/04/24 02:21:41.485, NVIDIA TITAN RTX, 34, 19289, 24576
2026/04/24 02:21:42.486, NVIDIA TITAN RTX, 34, 19289, 24576
2026/04/24 02:21:43.488, NVIDIA TITAN RTX, 34, 19289, 24576
2026/04/24 02:21:44.489, NVIDIA TITAN RTX, 34, 19289, 24576
2026/04/24 02:21:45.490, NVIDIA TITAN RTX, 34, 19289, 24576
2026/04/24 02:21:46.491, NVIDIA TITAN RTX, 34, 19289, 24576
2026/04/24 02:21:47.492, NVIDIA TITAN RTX, 34, 19289, 24576
2026/04/24 02:21:48.494, NVIDIA TITAN RTX, 34, 19289, 24576
2026/04/24 02:21:49.496, NVIDIA TITAN RTX, 34, 19289, 24576
2026/04/24 02:21:50.497, NVIDIA TITAN RTX, 34, 19289, 24576
2026/04/24 02:21:51.498, NVIDIA TITAN RTX, 34, 19289, 24576
2026/04/24 02:21:52.499, NVIDIA TITAN RTX, 34, 19289, 24576
2026/04/24 02:21:53.500, NVIDIA TITAN RTX, 34, 19289, 24576
2026/04/24 02:21:54.501, NVIDIA TITAN RTX, 34, 19289, 24576
2026/04/24 02:21:55.502, NVIDIA TITAN RTX, 34, 19289, 24576
2026/04/24 02:21:56.504, NVIDIA TITAN RTX, 34, 19289, 24576
2026/04/24 02:21:57.505, NVIDIA TITAN RTX, 34, 19289, 24576
2026/04/24 02:21:58.506, NVIDIA TITAN RTX, 34, 19289, 24576
2026/04/24 02:21:59.507, NVIDIA TITAN RTX, 34, 19289, 24576
2026/04/24 02:22:00.509, NVIDIA TITAN RTX, 34, 19289, 24576
2026/04/24 02:22:01.510, NVIDIA TITAN RTX, 34, 19289, 24576
2026/04/24 02:22:02.511, NVIDIA TITAN RTX, 52, 19289, 24576
2026/04/24 02:22:03.512, NVIDIA TITAN RTX, 26, 19289, 24576
2026/04/24 02:22:04.514, NVIDIA TITAN RTX, 28, 19289, 24576
2026/04/24 02:22:05.516, NVIDIA TITAN RTX, 34, 19289, 24576
2026/04/24 02:22:06.517, NVIDIA TITAN RTX, 34, 19289, 24576
2026/04/24 02:22:07.518, NVIDIA TITAN RTX, 34, 19289, 24576
2026/04/24 02:22:08.521, NVIDIA TITAN RTX, 34, 19289, 24576
2026/04/24 02:22:09.522, NVIDIA TITAN RTX, 34, 19289, 24576
2026/04/24 02:22:10.523, NVIDIA TITAN RTX, 34, 19289, 24576
2026/04/24 02:22:11.524, NVIDIA TITAN RTX, 34, 19289, 24576
2026/04/24 02:22:12.525, NVIDIA TITAN RTX, 34, 19289, 24576
2026/04/24 02:22:13.527, NVIDIA TITAN RTX, 34, 19289, 24576
2026/04/24 02:22:14.528, NVIDIA TITAN RTX, 34, 19289, 24576
2026/04/24 02:22:15.529, NVIDIA TITAN RTX, 34, 19289, 24576
2026/04/24 02:22:16.530, NVIDIA TITAN RTX, 34, 19289, 24576
2026/04/24 02:22:17.531, NVIDIA TITAN RTX, 34, 19289, 24576
2026/04/24 02:22:18.532, NVIDIA TITAN RTX, 34, 19289, 24576
2026/04/24 02:22:19.534, NVIDIA TITAN RTX, 34, 19289, 24576
2026/04/24 02:22:20.535, NVIDIA TITAN RTX, 34, 19289, 24576
2026/04/24 02:22:21.536, NVIDIA TITAN RTX, 35, 19289, 24576
2026/04/24 02:22:22.537, NVIDIA TITAN RTX, 34, 19289, 24576
2026/04/24 02:22:23.538, NVIDIA TITAN RTX, 35, 19289, 24576
2026/04/24 02:22:24.539, NVIDIA TITAN RTX, 35, 19289, 24576
2026/04/24 02:22:25.541, NVIDIA TITAN RTX, 34, 19289, 24576
2026/04/24 02:22:26.542, NVIDIA TITAN RTX, 35, 19289, 24576
2026/04/24 02:22:27.543, NVIDIA TITAN RTX, 35, 19289, 24576
2026/04/24 02:22:28.544, NVIDIA TITAN RTX, 34, 19289, 24576
2026/04/24 02:22:29.545, NVIDIA TITAN RTX, 34, 19289, 24576
2026/04/24 02:22:30.546, NVIDIA TITAN RTX, 35, 19289, 24576
2026/04/24 02:22:31.547, NVIDIA TITAN RTX, 35, 19289, 24576
2026/04/24 02:22:32.549, NVIDIA TITAN RTX, 35, 19289, 24576
2026/04/24 02:22:33.550, NVIDIA TITAN RTX, 34, 19289, 24576
2026/04/24 02:22:34.551, NVIDIA TITAN RTX, 34, 19289, 24576
2026/04/24 02:22:35.552, NVIDIA TITAN RTX, 35, 19289, 24576
2026/04/24 02:22:36.553, NVIDIA TITAN RTX, 35, 19289, 24576
2026/04/24 02:22:37.554, NVIDIA TITAN RTX, 35, 19289, 24576
2026/04/24 02:22:38.556, NVIDIA TITAN RTX, 35, 19289, 24576
2026/04/24 02:22:39.558, NVIDIA TITAN RTX, 35, 19289, 24576
2026/04/24 02:22:40.559, NVIDIA TITAN RTX, 35, 19289, 24576
2026/04/24 02:22:41.560, NVIDIA TITAN RTX, 35, 19289, 24576
2026/04/24 02:22:42.561, NVIDIA TITAN RTX, 35, 19289, 24576
2026/04/24 02:22:43.563, NVIDIA TITAN RTX, 35, 19289, 24576
2026/04/24 02:22:44.564, NVIDIA TITAN RTX, 44, 19289, 24576
2026/04/24 02:22:45.565, NVIDIA TITAN RTX, 38, 19289, 24576
2026/04/24 02:22:46.566, NVIDIA TITAN RTX, 26, 19289, 24576
2026/04/24 02:22:47.567, NVIDIA TITAN RTX, 34, 19289, 24576
2026/04/24 02:22:48.568, NVIDIA TITAN RTX, 34, 19289, 24576
2026/04/24 02:22:49.569, NVIDIA TITAN RTX, 34, 19289, 24576
2026/04/24 02:22:50.571, NVIDIA TITAN RTX, 34, 19289, 24576
2026/04/24 02:22:51.572, NVIDIA TITAN RTX, 34, 19289, 24576
2026/04/24 02:22:52.573, NVIDIA TITAN RTX, 34, 19289, 24576
2026/04/24 02:22:53.574, NVIDIA TITAN RTX, 34, 19289, 24576
2026/04/24 02:22:54.575, NVIDIA TITAN RTX, 34, 19289, 24576
2026/04/24 02:22:55.576, NVIDIA TITAN RTX, 34, 19289, 24576
2026/04/24 02:22:56.578, NVIDIA TITAN RTX, 34, 19289, 24576
2026/04/24 02:22:57.579, NVIDIA TITAN RTX, 34, 19289, 24576
2026/04/24 02:22:58.581, NVIDIA TITAN RTX, 34, 19289, 24576
2026/04/24 02:22:59.583, NVIDIA TITAN RTX, 34, 19289, 24576
2026/04/24 02:23:00.584, NVIDIA TITAN RTX, 34, 19289, 24576
2026/04/24 02:23:01.585, NVIDIA TITAN RTX, 34, 19289, 24576
2026/04/24 02:23:02.586, NVIDIA TITAN RTX, 34, 19289, 24576
2026/04/24 02:23:03.588, NVIDIA TITAN RTX, 34, 19289, 24576
2026/04/24 02:23:04.589, NVIDIA TITAN RTX, 34, 19289, 24576
2026/04/24 02:23:05.590, NVIDIA TITAN RTX, 35, 19289, 24576
2026/04/24 02:23:06.591, NVIDIA TITAN RTX, 35, 19289, 24576
2026/04/24 02:23:07.593, NVIDIA TITAN RTX, 34, 19289, 24576
2026/04/24 02:23:08.594, NVIDIA TITAN RTX, 34, 19289, 24576
2026/04/24 02:23:09.595, NVIDIA TITAN RTX, 35, 19289, 24576
2026/04/24 02:23:10.596, NVIDIA TITAN RTX, 34, 19289, 24576
2026/04/24 02:23:11.597, NVIDIA TITAN RTX, 34, 19289, 24576
2026/04/24 02:23:12.598, NVIDIA TITAN RTX, 35, 19289, 24576
2026/04/24 02:23:13.600, NVIDIA TITAN RTX, 35, 19289, 24576
2026/04/24 02:23:14.601, NVIDIA TITAN RTX, 35, 19289, 24576
2026/04/24 02:23:15.602, NVIDIA TITAN RTX, 34, 19289, 24576
2026/04/24 02:23:16.603, NVIDIA TITAN RTX, 35, 19289, 24576
2026/04/24 02:23:17.605, NVIDIA TITAN RTX, 35, 19289, 24576
2026/04/24 02:23:18.606, NVIDIA TITAN RTX, 35, 19289, 24576
2026/04/24 02:23:19.607, NVIDIA TITAN RTX, 34, 19289, 24576
2026/04/24 02:23:20.608, NVIDIA TITAN RTX, 35, 19289, 24576
2026/04/24 02:23:21.609, NVIDIA TITAN RTX, 35, 19289, 24576
2026/04/24 02:23:22.610, NVIDIA TITAN RTX, 35, 19289, 24576
2026/04/24 02:23:23.612, NVIDIA TITAN RTX, 35, 19289, 24576
2026/04/24 02:23:24.613, NVIDIA TITAN RTX, 35, 19289, 24576
2026/04/24 02:23:25.614, NVIDIA TITAN RTX, 35, 19289, 24576
2026/04/24 02:23:26.615, NVIDIA TITAN RTX, 35, 19289, 24576
2026/04/24 02:23:27.616, NVIDIA TITAN RTX, 35, 19289, 24576
2026/04/24 02:23:28.617, NVIDIA TITAN RTX, 35, 19289, 24576
2026/04/24 02:23:29.619, NVIDIA TITAN RTX, 35, 19289, 24576
2026/04/24 02:23:30.621, NVIDIA TITAN RTX, 34, 19289, 24576
2026/04/24 02:23:31.623, NVIDIA TITAN RTX, 90, 19289, 24576
2026/04/24 02:23:32.624, NVIDIA TITAN RTX, 100, 19289, 24576
2026/04/24 02:23:33.626, NVIDIA TITAN RTX, 71, 19289, 24576
2026/04/24 02:23:34.627, NVIDIA TITAN RTX, 30, 19289, 24576
2026/04/24 02:23:35.628, NVIDIA TITAN RTX, 32, 19289, 24576
2026/04/24 02:23:36.629, NVIDIA TITAN RTX, 36, 19289, 24576
2026/04/24 02:23:37.631, NVIDIA TITAN RTX, 37, 19289, 24576
2026/04/24 02:23:38.632, NVIDIA TITAN RTX, 38, 19289, 24576
2026/04/24 02:23:39.633, NVIDIA TITAN RTX, 38, 19289, 24576
2026/04/24 02:23:40.634, NVIDIA TITAN RTX, 38, 19289, 24576
2026/04/24 02:23:41.635, NVIDIA TITAN RTX, 38, 19289, 24576
2026/04/24 02:23:42.637, NVIDIA TITAN RTX, 38, 19289, 24576
2026/04/24 02:23:43.638, NVIDIA TITAN RTX, 38, 19289, 24576
2026/04/24 02:23:44.639, NVIDIA TITAN RTX, 38, 19289, 24576
2026/04/24 02:23:45.641, NVIDIA TITAN RTX, 38, 19289, 24576
2026/04/24 02:23:46.642, NVIDIA TITAN RTX, 38, 19289, 24576
2026/04/24 02:23:47.644, NVIDIA TITAN RTX, 38, 19289, 24576
2026/04/24 02:23:48.645, NVIDIA TITAN RTX, 38, 19289, 24576
2026/04/24 02:23:49.647, NVIDIA TITAN RTX, 38, 19289, 24576
2026/04/24 02:23:50.648, NVIDIA TITAN RTX, 38, 19289, 24576
2026/04/24 02:23:51.649, NVIDIA TITAN RTX, 38, 19289, 24576
2026/04/24 02:23:52.650, NVIDIA TITAN RTX, 38, 19289, 24576
2026/04/24 02:23:53.651, NVIDIA TITAN RTX, 38, 19289, 24576
2026/04/24 02:23:54.652, NVIDIA TITAN RTX, 38, 19289, 24576
2026/04/24 02:23:55.654, NVIDIA TITAN RTX, 38, 19289, 24576
2026/04/24 02:23:56.655, NVIDIA TITAN RTX, 38, 19289, 24576
2026/04/24 02:23:57.656, NVIDIA TITAN RTX, 38, 19289, 24576
2026/04/24 02:23:58.657, NVIDIA TITAN RTX, 38, 19289, 24576
2026/04/24 02:23:59.658, NVIDIA TITAN RTX, 38, 19289, 24576
2026/04/24 02:24:00.659, NVIDIA TITAN RTX, 38, 19289, 24576
2026/04/24 02:24:01.660, NVIDIA TITAN RTX, 38, 19289, 24576
2026/04/24 02:24:02.662, NVIDIA TITAN RTX, 38, 19289, 24576
2026/04/24 02:24:03.663, NVIDIA TITAN RTX, 38, 19289, 24576
2026/04/24 02:24:04.665, NVIDIA TITAN RTX, 38, 19289, 24576
2026/04/24 02:24:05.666, NVIDIA TITAN RTX, 38, 19289, 24576
2026/04/24 02:24:06.667, NVIDIA TITAN RTX, 38, 19289, 24576
2026/04/24 02:24:07.669, NVIDIA TITAN RTX, 38, 19289, 24576
2026/04/24 02:24:08.671, NVIDIA TITAN RTX, 38, 19289, 24576
2026/04/24 02:24:09.672, NVIDIA TITAN RTX, 38, 19289, 24576
2026/04/24 02:24:10.674, NVIDIA TITAN RTX, 38, 19289, 24576
2026/04/24 02:24:11.675, NVIDIA TITAN RTX, 38, 19289, 24576
2026/04/24 02:24:12.676, NVIDIA TITAN RTX, 39, 19289, 24576
2026/04/24 02:24:13.677, NVIDIA TITAN RTX, 38, 19289, 24576
2026/04/24 02:24:14.679, NVIDIA TITAN RTX, 38, 19289, 24576
2026/04/24 02:24:15.680, NVIDIA TITAN RTX, 38, 19289, 24576
2026/04/24 02:24:16.681, NVIDIA TITAN RTX, 38, 19289, 24576
2026/04/24 02:24:17.682, NVIDIA TITAN RTX, 39, 19289, 24576
2026/04/24 02:24:18.684, NVIDIA TITAN RTX, 38, 19289, 24576
2026/04/24 02:24:19.686, NVIDIA TITAN RTX, 38, 19289, 24576
2026/04/24 02:24:20.687, NVIDIA TITAN RTX, 39, 19289, 24576
2026/04/24 02:24:21.689, NVIDIA TITAN RTX, 39, 19289, 24576
2026/04/24 02:24:22.690, NVIDIA TITAN RTX, 38, 19289, 24576
2026/04/24 02:24:23.691, NVIDIA TITAN RTX, 39, 19289, 24576
2026/04/24 02:24:24.692, NVIDIA TITAN RTX, 39, 19289, 24576
2026/04/24 02:24:25.694, NVIDIA TITAN RTX, 38, 19289, 24576
2026/04/24 02:24:26.695, NVIDIA TITAN RTX, 39, 19289, 24576
2026/04/24 02:24:27.697, NVIDIA TITAN RTX, 39, 19289, 24576
2026/04/24 02:24:28.698, NVIDIA TITAN RTX, 38, 19289, 24576
2026/04/24 02:24:29.699, NVIDIA TITAN RTX, 39, 19289, 24576
2026/04/24 02:24:30.700, NVIDIA TITAN RTX, 39, 19289, 24576
2026/04/24 02:24:31.702, NVIDIA TITAN RTX, 38, 19289, 24576
2026/04/24 02:24:32.703, NVIDIA TITAN RTX, 39, 19289, 24576
2026/04/24 02:24:33.704, NVIDIA TITAN RTX, 39, 19289, 24576
2026/04/24 02:24:34.705, NVIDIA TITAN RTX, 39, 19289, 24576
2026/04/24 02:24:35.707, NVIDIA TITAN RTX, 38, 19289, 24576
2026/04/24 02:24:36.708, NVIDIA TITAN RTX, 39, 19289, 24576
2026/04/24 02:24:37.709, NVIDIA TITAN RTX, 38, 19289, 24576
2026/04/24 02:24:38.711, NVIDIA TITAN RTX, 39, 19289, 24576
2026/04/24 02:24:39.712, NVIDIA TITAN RTX, 38, 19289, 24576
2026/04/24 02:24:40.713, NVIDIA TITAN RTX, 39, 19289, 24576
2026/04/24 02:24:41.714, NVIDIA TITAN RTX, 39, 19289, 24576
2026/04/24 02:24:42.715, NVIDIA TITAN RTX, 39, 19289, 24576
2026/04/24 02:24:43.716, NVIDIA TITAN RTX, 38, 19289, 24576
2026/04/24 02:24:44.717, NVIDIA TITAN RTX, 39, 19289, 24576
2026/04/24 02:24:45.719, NVIDIA TITAN RTX, 55, 19289, 24576
2026/04/24 02:24:46.720, NVIDIA TITAN RTX, 26, 19289, 24576
2026/04/24 02:24:47.721, NVIDIA TITAN RTX, 29, 19289, 24576
2026/04/24 02:24:48.722, NVIDIA TITAN RTX, 34, 19289, 24576
2026/04/24 02:24:49.723, NVIDIA TITAN RTX, 34, 19289, 24576
2026/04/24 02:24:50.724, NVIDIA TITAN RTX, 34, 19289, 24576
2026/04/24 02:24:51.725, NVIDIA TITAN RTX, 34, 19289, 24576
2026/04/24 02:24:52.726, NVIDIA TITAN RTX, 34, 19289, 24576
2026/04/24 02:24:53.727, NVIDIA TITAN RTX, 34, 19289, 24576
2026/04/24 02:24:54.729, NVIDIA TITAN RTX, 34, 19289, 24576
2026/04/24 02:24:55.730, NVIDIA TITAN RTX, 34, 19289, 24576
2026/04/24 02:24:56.731, NVIDIA TITAN RTX, 34, 19289, 24576
2026/04/24 02:24:57.732, NVIDIA TITAN RTX, 34, 19289, 24576
2026/04/24 02:24:58.733, NVIDIA TITAN RTX, 34, 19289, 24576
2026/04/24 02:24:59.734, NVIDIA TITAN RTX, 34, 19289, 24576
2026/04/24 02:25:00.735, NVIDIA TITAN RTX, 34, 19289, 24576
2026/04/24 02:25:01.736, NVIDIA TITAN RTX, 34, 19289, 24576
2026/04/24 02:25:02.737, NVIDIA TITAN RTX, 34, 19289, 24576
2026/04/24 02:25:03.739, NVIDIA TITAN RTX, 35, 19289, 24576
2026/04/24 02:25:04.740, NVIDIA TITAN RTX, 34, 19289, 24576
2026/04/24 02:25:05.741, NVIDIA TITAN RTX, 35, 19289, 24576
2026/04/24 02:25:06.742, NVIDIA TITAN RTX, 35, 19289, 24576
2026/04/24 02:25:07.744, NVIDIA TITAN RTX, 35, 19289, 24576
2026/04/24 02:25:08.746, NVIDIA TITAN RTX, 34, 19289, 24576
2026/04/24 02:25:09.747, NVIDIA TITAN RTX, 34, 19289, 24576
2026/04/24 02:25:10.748, NVIDIA TITAN RTX, 34, 19289, 24576
2026/04/24 02:25:11.750, NVIDIA TITAN RTX, 34, 19289, 24576
2026/04/24 02:25:12.751, NVIDIA TITAN RTX, 34, 19289, 24576
2026/04/24 02:25:13.752, NVIDIA TITAN RTX, 34, 19289, 24576
2026/04/24 02:25:14.753, NVIDIA TITAN RTX, 34, 19289, 24576
2026/04/24 02:25:15.755, NVIDIA TITAN RTX, 34, 19289, 24576
2026/04/24 02:25:16.756, NVIDIA TITAN RTX, 34, 19289, 24576
2026/04/24 02:25:17.757, NVIDIA TITAN RTX, 35, 19289, 24576
2026/04/24 02:25:18.758, NVIDIA TITAN RTX, 34, 19289, 24576
2026/04/24 02:25:19.759, NVIDIA TITAN RTX, 35, 19289, 24576
2026/04/24 02:25:20.761, NVIDIA TITAN RTX, 34, 19289, 24576
2026/04/24 02:25:21.762, NVIDIA TITAN RTX, 34, 19289, 24576
2026/04/24 02:25:22.763, NVIDIA TITAN RTX, 35, 19289, 24576
2026/04/24 02:25:23.764, NVIDIA TITAN RTX, 34, 19289, 24576
2026/04/24 02:25:24.765, NVIDIA TITAN RTX, 35, 19289, 24576
2026/04/24 02:25:25.767, NVIDIA TITAN RTX, 35, 19289, 24576
2026/04/24 02:25:26.768, NVIDIA TITAN RTX, 34, 19289, 24576
2026/04/24 02:25:27.769, NVIDIA TITAN RTX, 34, 19289, 24576
2026/04/24 02:25:28.770, NVIDIA TITAN RTX, 35, 19289, 24576
2026/04/24 02:25:29.771, NVIDIA TITAN RTX, 35, 19289, 24576
2026/04/24 02:25:30.772, NVIDIA TITAN RTX, 34, 19289, 24576
2026/04/24 02:25:31.773, NVIDIA TITAN RTX, 35, 19289, 24576
2026/04/24 02:25:32.774, NVIDIA TITAN RTX, 35, 19289, 24576
2026/04/24 02:25:33.775, NVIDIA TITAN RTX, 34, 19289, 24576
2026/04/24 02:25:34.777, NVIDIA TITAN RTX, 34, 19289, 24576
2026/04/24 02:25:35.780, NVIDIA TITAN RTX, 40, 19289, 24576
2026/04/24 02:25:36.800, NVIDIA TITAN RTX, 100, 19289, 24576
2026/04/24 02:25:37.801, NVIDIA TITAN RTX, 41, 19289, 24576
2026/04/24 02:25:38.802, NVIDIA TITAN RTX, 28, 19289, 24576
2026/04/24 02:25:39.805, NVIDIA TITAN RTX, 34, 19289, 24576
2026/04/24 02:25:40.806, NVIDIA TITAN RTX, 36, 19289, 24576
2026/04/24 02:25:41.807, NVIDIA TITAN RTX, 36, 19289, 24576
2026/04/24 02:25:42.808, NVIDIA TITAN RTX, 36, 19289, 24576
2026/04/24 02:25:43.809, NVIDIA TITAN RTX, 36, 19289, 24576
2026/04/24 02:25:44.810, NVIDIA TITAN RTX, 36, 19289, 24576
2026/04/24 02:25:45.811, NVIDIA TITAN RTX, 36, 19289, 24576
2026/04/24 02:25:46.813, NVIDIA TITAN RTX, 36, 19289, 24576
2026/04/24 02:25:47.814, NVIDIA TITAN RTX, 36, 19289, 24576
2026/04/24 02:25:48.815, NVIDIA TITAN RTX, 36, 19289, 24576
2026/04/24 02:25:49.816, NVIDIA TITAN RTX, 36, 19289, 24576
2026/04/24 02:25:50.817, NVIDIA TITAN RTX, 36, 19289, 24576
2026/04/24 02:25:51.818, NVIDIA TITAN RTX, 36, 19289, 24576
2026/04/24 02:25:52.820, NVIDIA TITAN RTX, 36, 19289, 24576
2026/04/24 02:25:53.821, NVIDIA TITAN RTX, 36, 19289, 24576
2026/04/24 02:25:54.822, NVIDIA TITAN RTX, 36, 19289, 24576
2026/04/24 02:25:55.823, NVIDIA TITAN RTX, 36, 19289, 24576
2026/04/24 02:25:56.825, NVIDIA TITAN RTX, 36, 19289, 24576
2026/04/24 02:25:57.825, NVIDIA TITAN RTX, 36, 19289, 24576
2026/04/24 02:25:58.827, NVIDIA TITAN RTX, 36, 19289, 24576
2026/04/24 02:25:59.830, NVIDIA TITAN RTX, 36, 19289, 24576
2026/04/24 02:26:00.831, NVIDIA TITAN RTX, 36, 19289, 24576
2026/04/24 02:26:01.832, NVIDIA TITAN RTX, 36, 19289, 24576
2026/04/24 02:26:02.833, NVIDIA TITAN RTX, 36, 19289, 24576
2026/04/24 02:26:03.835, NVIDIA TITAN RTX, 36, 19289, 24576
2026/04/24 02:26:04.840, NVIDIA TITAN RTX, 36, 19289, 24576
2026/04/24 02:26:05.841, NVIDIA TITAN RTX, 37, 19289, 24576
2026/04/24 02:26:06.842, NVIDIA TITAN RTX, 37, 19289, 24576
2026/04/24 02:26:07.843, NVIDIA TITAN RTX, 36, 19289, 24576
2026/04/24 02:26:08.845, NVIDIA TITAN RTX, 36, 19289, 24576
2026/04/24 02:26:09.846, NVIDIA TITAN RTX, 36, 19289, 24576
2026/04/24 02:26:10.847, NVIDIA TITAN RTX, 36, 19289, 24576
2026/04/24 02:26:11.848, NVIDIA TITAN RTX, 36, 19289, 24576
2026/04/24 02:26:12.850, NVIDIA TITAN RTX, 36, 19289, 24576
2026/04/24 02:26:13.851, NVIDIA TITAN RTX, 36, 19289, 24576
2026/04/24 02:26:14.852, NVIDIA TITAN RTX, 36, 19289, 24576
2026/04/24 02:26:15.854, NVIDIA TITAN RTX, 36, 19289, 24576
2026/04/24 02:26:16.855, NVIDIA TITAN RTX, 36, 19289, 24576
2026/04/24 02:26:17.856, NVIDIA TITAN RTX, 37, 19289, 24576
2026/04/24 02:26:18.857, NVIDIA TITAN RTX, 36, 19289, 24576
2026/04/24 02:26:19.859, NVIDIA TITAN RTX, 37, 19289, 24576
2026/04/24 02:26:20.860, NVIDIA TITAN RTX, 37, 19289, 24576
2026/04/24 02:26:21.861, NVIDIA TITAN RTX, 37, 19289, 24576
2026/04/24 02:26:22.862, NVIDIA TITAN RTX, 36, 19289, 24576
2026/04/24 02:26:23.863, NVIDIA TITAN RTX, 37, 19289, 24576
2026/04/24 02:26:24.864, NVIDIA TITAN RTX, 37, 19289, 24576
2026/04/24 02:26:25.865, NVIDIA TITAN RTX, 37, 19289, 24576
2026/04/24 02:26:26.866, NVIDIA TITAN RTX, 37, 19289, 24576
2026/04/24 02:26:27.869, NVIDIA TITAN RTX, 37, 19289, 24576
2026/04/24 02:26:28.870, NVIDIA TITAN RTX, 36, 19289, 24576
2026/04/24 02:26:29.871, NVIDIA TITAN RTX, 37, 19289, 24576
2026/04/24 02:26:30.873, NVIDIA TITAN RTX, 59, 19289, 24576
2026/04/24 02:26:31.874, NVIDIA TITAN RTX, 78, 19289, 24576
2026/04/24 02:26:32.875, NVIDIA TITAN RTX, 27, 19289, 24576
2026/04/24 02:26:33.876, NVIDIA TITAN RTX, 30, 19289, 24576
2026/04/24 02:26:34.878, NVIDIA TITAN RTX, 35, 19289, 24576
2026/04/24 02:26:35.879, NVIDIA TITAN RTX, 35, 19289, 24576
2026/04/24 02:26:36.880, NVIDIA TITAN RTX, 35, 19289, 24576
2026/04/24 02:26:37.881, NVIDIA TITAN RTX, 35, 19289, 24576
2026/04/24 02:26:38.882, NVIDIA TITAN RTX, 35, 19289, 24576
2026/04/24 02:26:39.883, NVIDIA TITAN RTX, 35, 19289, 24576
2026/04/24 02:26:40.884, NVIDIA TITAN RTX, 35, 19289, 24576
2026/04/24 02:26:41.886, NVIDIA TITAN RTX, 35, 19289, 24576
2026/04/24 02:26:42.887, NVIDIA TITAN RTX, 35, 19289, 24576
2026/04/24 02:26:43.888, NVIDIA TITAN RTX, 35, 19289, 24576
2026/04/24 02:26:44.889, NVIDIA TITAN RTX, 35, 19289, 24576
2026/04/24 02:26:45.890, NVIDIA TITAN RTX, 35, 19289, 24576
2026/04/24 02:26:46.891, NVIDIA TITAN RTX, 35, 19289, 24576
2026/04/24 02:26:47.893, NVIDIA TITAN RTX, 35, 19289, 24576
2026/04/24 02:26:48.895, NVIDIA TITAN RTX, 35, 19289, 24576
2026/04/24 02:26:49.896, NVIDIA TITAN RTX, 36, 19289, 24576
2026/04/24 02:26:50.897, NVIDIA TITAN RTX, 35, 19289, 24576
2026/04/24 02:26:51.898, NVIDIA TITAN RTX, 35, 19289, 24576
2026/04/24 02:26:52.899, NVIDIA TITAN RTX, 35, 19289, 24576
2026/04/24 02:26:53.900, NVIDIA TITAN RTX, 35, 19289, 24576
2026/04/24 02:26:54.901, NVIDIA TITAN RTX, 35, 19289, 24576
2026/04/24 02:26:55.903, NVIDIA TITAN RTX, 35, 19289, 24576
2026/04/24 02:26:56.904, NVIDIA TITAN RTX, 35, 19289, 24576
2026/04/24 02:26:57.905, NVIDIA TITAN RTX, 35, 19289, 24576
2026/04/24 02:26:58.906, NVIDIA TITAN RTX, 36, 19289, 24576
2026/04/24 02:26:59.907, NVIDIA TITAN RTX, 36, 19289, 24576
2026/04/24 02:27:00.909, NVIDIA TITAN RTX, 36, 19289, 24576
2026/04/24 02:27:01.911, NVIDIA TITAN RTX, 36, 19289, 24576
2026/04/24 02:27:02.912, NVIDIA TITAN RTX, 36, 19289, 24576
2026/04/24 02:27:03.913, NVIDIA TITAN RTX, 36, 19289, 24576
2026/04/24 02:27:04.914, NVIDIA TITAN RTX, 36, 19289, 24576
2026/04/24 02:27:05.915, NVIDIA TITAN RTX, 36, 19289, 24576
2026/04/24 02:27:06.916, NVIDIA TITAN RTX, 36, 19289, 24576
2026/04/24 02:27:07.917, NVIDIA TITAN RTX, 36, 19289, 24576
2026/04/24 02:27:08.918, NVIDIA TITAN RTX, 36, 19289, 24576
2026/04/24 02:27:09.920, NVIDIA TITAN RTX, 36, 19289, 24576
2026/04/24 02:27:10.921, NVIDIA TITAN RTX, 36, 19289, 24576
2026/04/24 02:27:11.922, NVIDIA TITAN RTX, 36, 19289, 24576
2026/04/24 02:27:12.923, NVIDIA TITAN RTX, 36, 19289, 24576
2026/04/24 02:27:13.924, NVIDIA TITAN RTX, 36, 19289, 24576
2026/04/24 02:27:14.925, NVIDIA TITAN RTX, 36, 19289, 24576
2026/04/24 02:27:15.927, NVIDIA TITAN RTX, 36, 19289, 24576
2026/04/24 02:27:16.929, NVIDIA TITAN RTX, 36, 19289, 24576
2026/04/24 02:27:17.930, NVIDIA TITAN RTX, 52, 19289, 24576
2026/04/24 02:27:18.931, NVIDIA TITAN RTX, 25, 19289, 24576
2026/04/24 02:27:19.932, NVIDIA TITAN RTX, 30, 19289, 24576
2026/04/24 02:27:20.933, NVIDIA TITAN RTX, 34, 19289, 24576
2026/04/24 02:27:21.935, NVIDIA TITAN RTX, 34, 19289, 24576
2026/04/24 02:27:22.937, NVIDIA TITAN RTX, 34, 19289, 24576
2026/04/24 02:27:23.938, NVIDIA TITAN RTX, 34, 19289, 24576
2026/04/24 02:27:24.939, NVIDIA TITAN RTX, 34, 19289, 24576
2026/04/24 02:27:25.940, NVIDIA TITAN RTX, 34, 19289, 24576
2026/04/24 02:27:26.942, NVIDIA TITAN RTX, 34, 19289, 24576
2026/04/24 02:27:27.943, NVIDIA TITAN RTX, 34, 19289, 24576
2026/04/24 02:27:28.944, NVIDIA TITAN RTX, 34, 19289, 24576
2026/04/24 02:27:29.945, NVIDIA TITAN RTX, 35, 19289, 24576
2026/04/24 02:27:30.946, NVIDIA TITAN RTX, 35, 19289, 24576
2026/04/24 02:27:31.949, NVIDIA TITAN RTX, 34, 19289, 24576
2026/04/24 02:27:32.951, NVIDIA TITAN RTX, 34, 19289, 24576
2026/04/24 02:27:33.952, NVIDIA TITAN RTX, 35, 19289, 24576
2026/04/24 02:27:34.953, NVIDIA TITAN RTX, 34, 19289, 24576
2026/04/24 02:27:35.954, NVIDIA TITAN RTX, 34, 19289, 24576
2026/04/24 02:27:36.955, NVIDIA TITAN RTX, 35, 19289, 24576
2026/04/24 02:27:37.956, NVIDIA TITAN RTX, 34, 19289, 24576
2026/04/24 02:27:38.958, NVIDIA TITAN RTX, 34, 19289, 24576
2026/04/24 02:27:39.959, NVIDIA TITAN RTX, 34, 19289, 24576
2026/04/24 02:27:40.961, NVIDIA TITAN RTX, 34, 19289, 24576
2026/04/24 02:27:41.962, NVIDIA TITAN RTX, 34, 19289, 24576
2026/04/24 02:27:42.963, NVIDIA TITAN RTX, 34, 19289, 24576
2026/04/24 02:27:43.964, NVIDIA TITAN RTX, 35, 19289, 24576
2026/04/24 02:27:44.966, NVIDIA TITAN RTX, 35, 19289, 24576
2026/04/24 02:27:45.967, NVIDIA TITAN RTX, 35, 19289, 24576
2026/04/24 02:27:46.968, NVIDIA TITAN RTX, 35, 19289, 24576
2026/04/24 02:27:47.969, NVIDIA TITAN RTX, 35, 19289, 24576
2026/04/24 02:27:48.971, NVIDIA TITAN RTX, 35, 19289, 24576
2026/04/24 02:27:49.972, NVIDIA TITAN RTX, 35, 19289, 24576
2026/04/24 02:27:50.973, NVIDIA TITAN RTX, 35, 19289, 24576
2026/04/24 02:27:51.974, NVIDIA TITAN RTX, 35, 19289, 24576
2026/04/24 02:27:52.976, NVIDIA TITAN RTX, 34, 19289, 24576
2026/04/24 02:27:53.977, NVIDIA TITAN RTX, 35, 19289, 24576
2026/04/24 02:27:54.978, NVIDIA TITAN RTX, 34, 19289, 24576
2026/04/24 02:27:55.979, NVIDIA TITAN RTX, 34, 19289, 24576
2026/04/24 02:27:56.981, NVIDIA TITAN RTX, 35, 19289, 24576
2026/04/24 02:27:57.982, NVIDIA TITAN RTX, 34, 19289, 24576
2026/04/24 02:27:58.983, NVIDIA TITAN RTX, 34, 19289, 24576
2026/04/24 02:27:59.984, NVIDIA TITAN RTX, 35, 19289, 24576
2026/04/24 02:28:00.986, NVIDIA TITAN RTX, 35, 19289, 24576
2026/04/24 02:28:01.987, NVIDIA TITAN RTX, 35, 19289, 24576
2026/04/24 02:28:02.988, NVIDIA TITAN RTX, 35, 19289, 24576
2026/04/24 02:28:03.989, NVIDIA TITAN RTX, 35, 19289, 24576
2026/04/24 02:28:04.992, NVIDIA TITAN RTX, 35, 19289, 24576
2026/04/24 02:28:05.993, NVIDIA TITAN RTX, 35, 19289, 24576
2026/04/24 02:28:06.994, NVIDIA TITAN RTX, 37, 19289, 24576
2026/04/24 02:28:07.995, NVIDIA TITAN RTX, 77, 19289, 24576
2026/04/24 02:28:08.996, NVIDIA TITAN RTX, 27, 19289, 24576
2026/04/24 02:28:09.997, NVIDIA TITAN RTX, 30, 19289, 24576
2026/04/24 02:28:10.999, NVIDIA TITAN RTX, 35, 19289, 24576
2026/04/24 02:28:12.000, NVIDIA TITAN RTX, 35, 19289, 24576
2026/04/24 02:28:13.001, NVIDIA TITAN RTX, 36, 19289, 24576
2026/04/24 02:28:14.002, NVIDIA TITAN RTX, 36, 19289, 24576
2026/04/24 02:28:15.003, NVIDIA TITAN RTX, 35, 19289, 24576
2026/04/24 02:28:16.004, NVIDIA TITAN RTX, 35, 19289, 24576
2026/04/24 02:28:17.006, NVIDIA TITAN RTX, 36, 19289, 24576
2026/04/24 02:28:18.007, NVIDIA TITAN RTX, 36, 19289, 24576
2026/04/24 02:28:19.008, NVIDIA TITAN RTX, 36, 19289, 24576
2026/04/24 02:28:20.009, NVIDIA TITAN RTX, 35, 19289, 24576
2026/04/24 02:28:21.011, NVIDIA TITAN RTX, 35, 19289, 24576
2026/04/24 02:28:22.012, NVIDIA TITAN RTX, 35, 19289, 24576
2026/04/24 02:28:23.013, NVIDIA TITAN RTX, 35, 19289, 24576
2026/04/24 02:28:24.015, NVIDIA TITAN RTX, 35, 19289, 24576
2026/04/24 02:28:25.016, NVIDIA TITAN RTX, 35, 19289, 24576
2026/04/24 02:28:26.017, NVIDIA TITAN RTX, 35, 19289, 24576
2026/04/24 02:28:27.018, NVIDIA TITAN RTX, 35, 19289, 24576
2026/04/24 02:28:28.019, NVIDIA TITAN RTX, 35, 19289, 24576
2026/04/24 02:28:29.021, NVIDIA TITAN RTX, 35, 19289, 24576
2026/04/24 02:28:30.022, NVIDIA TITAN RTX, 35, 19289, 24576
2026/04/24 02:28:31.023, NVIDIA TITAN RTX, 36, 19289, 24576
2026/04/24 02:28:32.024, NVIDIA TITAN RTX, 35, 19289, 24576
2026/04/24 02:28:33.025, NVIDIA TITAN RTX, 36, 19289, 24576
2026/04/24 02:28:34.027, NVIDIA TITAN RTX, 35, 19289, 24576
2026/04/24 02:28:35.028, NVIDIA TITAN RTX, 36, 19289, 24576
2026/04/24 02:28:36.029, NVIDIA TITAN RTX, 36, 19289, 24576
2026/04/24 02:28:37.030, NVIDIA TITAN RTX, 36, 19289, 24576
2026/04/24 02:28:38.031, NVIDIA TITAN RTX, 35, 19289, 24576
2026/04/24 02:28:39.032, NVIDIA TITAN RTX, 36, 19289, 24576
2026/04/24 02:28:40.033, NVIDIA TITAN RTX, 36, 19289, 24576
2026/04/24 02:28:41.035, NVIDIA TITAN RTX, 36, 19289, 24576
2026/04/24 02:28:42.036, NVIDIA TITAN RTX, 36, 19289, 24576
2026/04/24 02:28:43.037, NVIDIA TITAN RTX, 36, 19289, 24576
2026/04/24 02:28:44.038, NVIDIA TITAN RTX, 36, 19289, 24576
2026/04/24 02:28:45.039, NVIDIA TITAN RTX, 36, 19289, 24576
2026/04/24 02:28:46.040, NVIDIA TITAN RTX, 35, 19289, 24576
2026/04/24 02:28:47.041, NVIDIA TITAN RTX, 35, 19289, 24576
2026/04/24 02:28:48.042, NVIDIA TITAN RTX, 36, 19289, 24576
2026/04/24 02:28:49.044, NVIDIA TITAN RTX, 36, 19289, 24576
2026/04/24 02:28:50.045, NVIDIA TITAN RTX, 36, 19289, 24576
2026/04/24 02:28:51.046, NVIDIA TITAN RTX, 36, 19289, 24576
2026/04/24 02:28:52.047, NVIDIA TITAN RTX, 36, 19289, 24576
2026/04/24 02:28:53.049, NVIDIA TITAN RTX, 35, 19289, 24576
2026/04/24 02:28:54.050, NVIDIA TITAN RTX, 36, 19289, 24576
2026/04/24 02:28:55.051, NVIDIA TITAN RTX, 36, 19289, 24576
2026/04/24 02:28:56.052, NVIDIA TITAN RTX, 36, 19289, 24576
2026/04/24 02:28:57.053, NVIDIA TITAN RTX, 36, 19289, 24576
2026/04/24 02:28:58.054, NVIDIA TITAN RTX, 36, 19289, 24576
2026/04/24 02:28:59.057, NVIDIA TITAN RTX, 36, 19289, 24576
2026/04/24 02:29:00.058, NVIDIA TITAN RTX, 36, 19289, 24576
2026/04/24 02:29:01.059, NVIDIA TITAN RTX, 36, 19289, 24576
2026/04/24 02:29:02.061, NVIDIA TITAN RTX, 36, 19289, 24576
2026/04/24 02:29:03.062, NVIDIA TITAN RTX, 36, 19289, 24576
2026/04/24 02:29:04.063, NVIDIA TITAN RTX, 36, 19289, 24576
2026/04/24 02:29:05.065, NVIDIA TITAN RTX, 36, 19289, 24576
2026/04/24 02:29:06.066, NVIDIA TITAN RTX, 36, 19289, 24576
2026/04/24 02:29:07.067, NVIDIA TITAN RTX, 36, 19289, 24576
2026/04/24 02:29:08.069, NVIDIA TITAN RTX, 36, 19289, 24576
2026/04/24 02:29:09.070, NVIDIA TITAN RTX, 36, 19289, 24576
2026/04/24 02:29:10.071, NVIDIA TITAN RTX, 36, 19289, 24576
2026/04/24 02:29:11.072, NVIDIA TITAN RTX, 36, 19289, 24576
2026/04/24 02:29:12.073, NVIDIA TITAN RTX, 36, 19289, 24576
2026/04/24 02:29:13.075, NVIDIA TITAN RTX, 36, 19289, 24576
2026/04/24 02:29:14.076, NVIDIA TITAN RTX, 36, 19289, 24576
2026/04/24 02:29:15.077, NVIDIA TITAN RTX, 36, 19289, 24576
2026/04/24 02:29:16.078, NVIDIA TITAN RTX, 36, 19289, 24576
2026/04/24 02:29:17.080, NVIDIA TITAN RTX, 36, 19289, 24576
2026/04/24 02:29:18.081, NVIDIA TITAN RTX, 36, 19289, 24576
2026/04/24 02:29:19.082, NVIDIA TITAN RTX, 54, 19289, 24576
2026/04/24 02:29:20.083, NVIDIA TITAN RTX, 46, 19289, 24576
2026/04/24 02:29:21.084, NVIDIA TITAN RTX, 26, 19289, 24576
2026/04/24 02:29:22.085, NVIDIA TITAN RTX, 33, 19289, 24576
2026/04/24 02:29:23.086, NVIDIA TITAN RTX, 34, 19289, 24576
2026/04/24 02:29:24.088, NVIDIA TITAN RTX, 34, 19289, 24576
2026/04/24 02:29:25.089, NVIDIA TITAN RTX, 34, 19289, 24576
2026/04/24 02:29:26.090, NVIDIA TITAN RTX, 35, 19289, 24576
2026/04/24 02:29:27.091, NVIDIA TITAN RTX, 35, 19289, 24576
2026/04/24 02:29:28.092, NVIDIA TITAN RTX, 34, 19289, 24576
2026/04/24 02:29:29.094, NVIDIA TITAN RTX, 34, 19289, 24576
2026/04/24 02:29:30.095, NVIDIA TITAN RTX, 35, 19289, 24576
2026/04/24 02:29:31.096, NVIDIA TITAN RTX, 34, 19289, 24576
2026/04/24 02:29:32.097, NVIDIA TITAN RTX, 35, 19289, 24576
2026/04/24 02:29:33.098, NVIDIA TITAN RTX, 35, 19289, 24576
2026/04/24 02:29:34.100, NVIDIA TITAN RTX, 34, 19289, 24576
2026/04/24 02:29:35.101, NVIDIA TITAN RTX, 35, 19289, 24576
2026/04/24 02:29:36.102, NVIDIA TITAN RTX, 35, 19289, 24576
2026/04/24 02:29:37.103, NVIDIA TITAN RTX, 34, 19289, 24576
2026/04/24 02:29:38.104, NVIDIA TITAN RTX, 34, 19289, 24576
2026/04/24 02:29:39.105, NVIDIA TITAN RTX, 35, 19289, 24576
2026/04/24 02:29:40.107, NVIDIA TITAN RTX, 35, 19289, 24576
2026/04/24 02:29:41.108, NVIDIA TITAN RTX, 35, 19289, 24576
2026/04/24 02:29:42.109, NVIDIA TITAN RTX, 35, 19289, 24576
2026/04/24 02:29:43.110, NVIDIA TITAN RTX, 35, 19289, 24576
2026/04/24 02:29:44.112, NVIDIA TITAN RTX, 35, 19289, 24576
2026/04/24 02:29:45.113, NVIDIA TITAN RTX, 35, 19289, 24576
2026/04/24 02:29:46.114, NVIDIA TITAN RTX, 35, 19289, 24576
2026/04/24 02:29:47.115, NVIDIA TITAN RTX, 35, 19289, 24576
2026/04/24 02:29:48.116, NVIDIA TITAN RTX, 35, 19289, 24576
2026/04/24 02:29:49.117, NVIDIA TITAN RTX, 35, 19289, 24576
2026/04/24 02:29:50.119, NVIDIA TITAN RTX, 34, 19289, 24576
2026/04/24 02:29:51.120, NVIDIA TITAN RTX, 35, 19289, 24576
2026/04/24 02:29:52.121, NVIDIA TITAN RTX, 35, 19289, 24576
2026/04/24 02:29:53.122, NVIDIA TITAN RTX, 35, 19289, 24576
2026/04/24 02:29:54.125, NVIDIA TITAN RTX, 35, 19289, 24576
2026/04/24 02:29:55.126, NVIDIA TITAN RTX, 35, 19289, 24576
2026/04/24 02:29:56.127, NVIDIA TITAN RTX, 35, 19289, 24576
2026/04/24 02:29:57.128, NVIDIA TITAN RTX, 35, 19289, 24576
2026/04/24 02:29:58.131, NVIDIA TITAN RTX, 35, 19289, 24576
2026/04/24 02:29:59.132, NVIDIA TITAN RTX, 35, 19289, 24576
2026/04/24 02:30:00.133, NVIDIA TITAN RTX, 35, 19289, 24576
2026/04/24 02:30:01.134, NVIDIA TITAN RTX, 35, 19289, 24576
2026/04/24 02:30:02.136, NVIDIA TITAN RTX, 35, 19289, 24576
2026/04/24 02:30:03.137, NVIDIA TITAN RTX, 35, 19289, 24576
2026/04/24 02:30:04.138, NVIDIA TITAN RTX, 35, 19289, 24576
2026/04/24 02:30:05.139, NVIDIA TITAN RTX, 35, 19289, 24576
2026/04/24 02:30:06.140, NVIDIA TITAN RTX, 35, 19289, 24576
2026/04/24 02:30:07.142, NVIDIA TITAN RTX, 35, 19289, 24576
2026/04/24 02:30:08.143, NVIDIA TITAN RTX, 35, 19289, 24576
2026/04/24 02:30:09.144, NVIDIA TITAN RTX, 70, 19289, 24576
2026/04/24 02:30:10.145, NVIDIA TITAN RTX, 78, 19289, 24576
2026/04/24 02:30:11.146, NVIDIA TITAN RTX, 28, 19289, 24576
2026/04/24 02:30:12.147, NVIDIA TITAN RTX, 30, 19289, 24576
2026/04/24 02:30:13.149, NVIDIA TITAN RTX, 35, 19289, 24576
2026/04/24 02:30:14.150, NVIDIA TITAN RTX, 36, 19289, 24576
2026/04/24 02:30:15.151, NVIDIA TITAN RTX, 36, 19289, 24576
2026/04/24 02:30:16.152, NVIDIA TITAN RTX, 36, 19289, 24576
2026/04/24 02:30:17.153, NVIDIA TITAN RTX, 36, 19289, 24576
2026/04/24 02:30:18.154, NVIDIA TITAN RTX, 36, 19289, 24576
2026/04/24 02:30:19.156, NVIDIA TITAN RTX, 36, 19289, 24576
2026/04/24 02:30:20.157, NVIDIA TITAN RTX, 36, 19289, 24576
2026/04/24 02:30:21.158, NVIDIA TITAN RTX, 36, 19289, 24576
2026/04/24 02:30:22.159, NVIDIA TITAN RTX, 36, 19289, 24576
2026/04/24 02:30:23.160, NVIDIA TITAN RTX, 36, 19289, 24576
2026/04/24 02:30:24.161, NVIDIA TITAN RTX, 36, 19289, 24576
2026/04/24 02:30:25.162, NVIDIA TITAN RTX, 36, 19289, 24576
2026/04/24 02:30:26.163, NVIDIA TITAN RTX, 36, 19289, 24576
2026/04/24 02:30:27.165, NVIDIA TITAN RTX, 36, 19289, 24576
2026/04/24 02:30:28.166, NVIDIA TITAN RTX, 36, 19289, 24576
2026/04/24 02:30:29.167, NVIDIA TITAN RTX, 36, 19289, 24576
2026/04/24 02:30:30.169, NVIDIA TITAN RTX, 36, 19289, 24576
2026/04/24 02:30:31.170, NVIDIA TITAN RTX, 36, 19289, 24576
2026/04/24 02:30:32.171, NVIDIA TITAN RTX, 36, 19289, 24576
2026/04/24 02:30:33.172, NVIDIA TITAN RTX, 36, 19289, 24576
2026/04/24 02:30:34.174, NVIDIA TITAN RTX, 36, 19289, 24576
2026/04/24 02:30:35.175, NVIDIA TITAN RTX, 36, 19289, 24576
2026/04/24 02:30:36.176, NVIDIA TITAN RTX, 36, 19289, 24576
2026/04/24 02:30:37.178, NVIDIA TITAN RTX, 36, 19289, 24576
2026/04/24 02:30:38.179, NVIDIA TITAN RTX, 36, 19289, 24576
2026/04/24 02:30:39.180, NVIDIA TITAN RTX, 36, 19289, 24576
2026/04/24 02:30:40.181, NVIDIA TITAN RTX, 36, 19289, 24576
2026/04/24 02:30:41.182, NVIDIA TITAN RTX, 36, 19289, 24576
2026/04/24 02:30:42.183, NVIDIA TITAN RTX, 36, 19289, 24576
2026/04/24 02:30:43.184, NVIDIA TITAN RTX, 36, 19289, 24576
2026/04/24 02:30:44.185, NVIDIA TITAN RTX, 36, 19289, 24576
2026/04/24 02:30:45.186, NVIDIA TITAN RTX, 36, 19289, 24576
2026/04/24 02:30:46.190, NVIDIA TITAN RTX, 36, 19289, 24576
2026/04/24 02:30:47.191, NVIDIA TITAN RTX, 36, 19289, 24576
2026/04/24 02:30:48.192, NVIDIA TITAN RTX, 36, 19289, 24576
2026/04/24 02:30:49.193, NVIDIA TITAN RTX, 36, 19289, 24576
2026/04/24 02:30:50.195, NVIDIA TITAN RTX, 36, 19289, 24576
2026/04/24 02:30:51.196, NVIDIA TITAN RTX, 36, 19289, 24576
2026/04/24 02:30:52.197, NVIDIA TITAN RTX, 36, 19289, 24576
2026/04/24 02:30:53.198, NVIDIA TITAN RTX, 36, 19289, 24576
2026/04/24 02:30:54.199, NVIDIA TITAN RTX, 36, 19289, 24576
2026/04/24 02:30:55.200, NVIDIA TITAN RTX, 36, 19289, 24576
2026/04/24 02:30:56.202, NVIDIA TITAN RTX, 36, 19289, 24576
2026/04/24 02:30:57.203, NVIDIA TITAN RTX, 36, 19289, 24576
2026/04/24 02:30:58.204, NVIDIA TITAN RTX, 36, 19289, 24576
2026/04/24 02:30:59.205, NVIDIA TITAN RTX, 36, 19289, 24576
2026/04/24 02:31:00.206, NVIDIA TITAN RTX, 37, 19289, 24576
2026/04/24 02:31:01.208, NVIDIA TITAN RTX, 36, 19289, 24576
2026/04/24 02:31:02.209, NVIDIA TITAN RTX, 36, 19289, 24576
2026/04/24 02:31:03.210, NVIDIA TITAN RTX, 37, 19289, 24576
2026/04/24 02:31:04.211, NVIDIA TITAN RTX, 36, 19289, 24576
2026/04/24 02:31:05.213, NVIDIA TITAN RTX, 37, 19289, 24576
2026/04/24 02:31:06.214, NVIDIA TITAN RTX, 37, 19289, 24576
2026/04/24 02:31:07.215, NVIDIA TITAN RTX, 36, 19289, 24576
2026/04/24 02:31:08.216, NVIDIA TITAN RTX, 37, 19289, 24576
2026/04/24 02:31:09.217, NVIDIA TITAN RTX, 37, 19289, 24576
2026/04/24 02:31:10.218, NVIDIA TITAN RTX, 36, 19289, 24576
2026/04/24 02:31:11.219, NVIDIA TITAN RTX, 37, 19289, 24576
2026/04/24 02:31:12.222, NVIDIA TITAN RTX, 37, 19289, 24576
2026/04/24 02:31:13.224, NVIDIA TITAN RTX, 37, 19289, 24576
2026/04/24 02:31:14.225, NVIDIA TITAN RTX, 37, 19289, 24576
2026/04/24 02:31:15.226, NVIDIA TITAN RTX, 36, 19289, 24576
2026/04/24 02:31:16.228, NVIDIA TITAN RTX, 36, 19289, 24576
2026/04/24 02:31:17.229, NVIDIA TITAN RTX, 37, 19289, 24576
2026/04/24 02:31:18.230, NVIDIA TITAN RTX, 37, 19289, 24576
2026/04/24 02:31:19.231, NVIDIA TITAN RTX, 37, 19289, 24576
2026/04/24 02:31:20.232, NVIDIA TITAN RTX, 37, 19289, 24576
2026/04/24 02:31:21.233, NVIDIA TITAN RTX, 37, 19289, 24576
2026/04/24 02:31:22.236, NVIDIA TITAN RTX, 37, 19289, 24576
2026/04/24 02:31:23.237, NVIDIA TITAN RTX, 37, 19289, 24576
2026/04/24 02:31:24.238, NVIDIA TITAN RTX, 37, 19289, 24576
2026/04/24 02:31:25.240, NVIDIA TITAN RTX, 47, 19289, 24576
2026/04/24 02:31:26.241, NVIDIA TITAN RTX, 100, 19289, 24576
2026/04/24 02:31:27.242, NVIDIA TITAN RTX, 41, 19289, 24576
2026/04/24 02:31:28.243, NVIDIA TITAN RTX, 29, 19289, 24576
2026/04/24 02:31:29.244, NVIDIA TITAN RTX, 35, 19289, 24576
2026/04/24 02:31:30.246, NVIDIA TITAN RTX, 36, 19289, 24576
2026/04/24 02:31:31.247, NVIDIA TITAN RTX, 37, 19289, 24576
2026/04/24 02:31:32.248, NVIDIA TITAN RTX, 36, 19289, 24576
2026/04/24 02:31:33.249, NVIDIA TITAN RTX, 37, 19289, 24576
2026/04/24 02:31:34.250, NVIDIA TITAN RTX, 37, 19289, 24576
2026/04/24 02:31:35.251, NVIDIA TITAN RTX, 37, 19289, 24576
2026/04/24 02:31:36.253, NVIDIA TITAN RTX, 37, 19289, 24576
2026/04/24 02:31:37.254, NVIDIA TITAN RTX, 37, 19289, 24576
2026/04/24 02:31:38.255, NVIDIA TITAN RTX, 37, 19289, 24576
2026/04/24 02:31:39.256, NVIDIA TITAN RTX, 37, 19289, 24576
2026/04/24 02:31:40.258, NVIDIA TITAN RTX, 36, 19289, 24576
2026/04/24 02:31:41.259, NVIDIA TITAN RTX, 37, 19289, 24576
2026/04/24 02:31:42.260, NVIDIA TITAN RTX, 37, 19289, 24576
2026/04/24 02:31:43.261, NVIDIA TITAN RTX, 37, 19289, 24576
2026/04/24 02:31:44.262, NVIDIA TITAN RTX, 37, 19289, 24576
2026/04/24 02:31:45.263, NVIDIA TITAN RTX, 37, 19289, 24576
2026/04/24 02:31:46.265, NVIDIA TITAN RTX, 37, 19289, 24576
2026/04/24 02:31:47.266, NVIDIA TITAN RTX, 37, 19289, 24576
2026/04/24 02:31:48.267, NVIDIA TITAN RTX, 38, 19289, 24576
2026/04/24 02:31:49.269, NVIDIA TITAN RTX, 37, 19289, 24576
2026/04/24 02:31:50.270, NVIDIA TITAN RTX, 37, 19289, 24576
2026/04/24 02:31:51.271, NVIDIA TITAN RTX, 38, 19289, 24576
2026/04/24 02:31:52.273, NVIDIA TITAN RTX, 38, 19289, 24576
2026/04/24 02:31:53.274, NVIDIA TITAN RTX, 38, 19289, 24576
2026/04/24 02:31:54.275, NVIDIA TITAN RTX, 38, 19289, 24576
2026/04/24 02:31:55.276, NVIDIA TITAN RTX, 37, 19289, 24576
2026/04/24 02:31:56.280, NVIDIA TITAN RTX, 37, 19289, 24576
2026/04/24 02:31:57.281, NVIDIA TITAN RTX, 37, 19289, 24576
2026/04/24 02:31:58.282, NVIDIA TITAN RTX, 38, 19289, 24576
2026/04/24 02:31:59.283, NVIDIA TITAN RTX, 37, 19289, 24576
2026/04/24 02:32:00.284, NVIDIA TITAN RTX, 38, 19289, 24576
2026/04/24 02:32:01.285, NVIDIA TITAN RTX, 38, 19289, 24576
2026/04/24 02:32:02.287, NVIDIA TITAN RTX, 37, 19289, 24576
2026/04/24 02:32:03.289, NVIDIA TITAN RTX, 37, 19289, 24576
2026/04/24 02:32:04.290, NVIDIA TITAN RTX, 38, 19289, 24576
2026/04/24 02:32:05.291, NVIDIA TITAN RTX, 38, 19289, 24576
2026/04/24 02:32:06.293, NVIDIA TITAN RTX, 38, 19289, 24576
2026/04/24 02:32:07.295, NVIDIA TITAN RTX, 37, 19289, 24576
2026/04/24 02:32:08.296, NVIDIA TITAN RTX, 37, 19289, 24576
2026/04/24 02:32:09.297, NVIDIA TITAN RTX, 38, 19289, 24576
2026/04/24 02:32:10.298, NVIDIA TITAN RTX, 37, 19289, 24576
2026/04/24 02:32:11.300, NVIDIA TITAN RTX, 38, 19289, 24576
2026/04/24 02:32:12.301, NVIDIA TITAN RTX, 37, 19289, 24576
2026/04/24 02:32:13.302, NVIDIA TITAN RTX, 38, 19289, 24576
2026/04/24 02:32:14.303, NVIDIA TITAN RTX, 38, 19289, 24576
2026/04/24 02:32:15.304, NVIDIA TITAN RTX, 38, 19289, 24576
2026/04/24 02:32:16.305, NVIDIA TITAN RTX, 38, 19289, 24576
2026/04/24 02:32:17.306, NVIDIA TITAN RTX, 38, 19289, 24576
2026/04/24 02:32:18.308, NVIDIA TITAN RTX, 37, 19289, 24576
2026/04/24 02:32:19.309, NVIDIA TITAN RTX, 38, 19289, 24576
2026/04/24 02:32:20.310, NVIDIA TITAN RTX, 38, 19289, 24576
2026/04/24 02:32:21.311, NVIDIA TITAN RTX, 38, 19289, 24576
2026/04/24 02:32:22.312, NVIDIA TITAN RTX, 38, 19289, 24576
2026/04/24 02:32:23.314, NVIDIA TITAN RTX, 38, 19289, 24576
2026/04/24 02:32:24.315, NVIDIA TITAN RTX, 38, 19289, 24576
2026/04/24 02:32:25.316, NVIDIA TITAN RTX, 38, 19289, 24576
2026/04/24 02:32:26.317, NVIDIA TITAN RTX, 38, 19289, 24576
2026/04/24 02:32:27.318, NVIDIA TITAN RTX, 48, 19289, 24576
2026/04/24 02:32:28.319, NVIDIA TITAN RTX, 26, 19289, 24576
2026/04/24 02:32:29.320, NVIDIA TITAN RTX, 32, 19289, 24576
2026/04/24 02:32:30.321, NVIDIA TITAN RTX, 34, 19289, 24576
2026/04/24 02:32:31.323, NVIDIA TITAN RTX, 34, 19289, 24576
2026/04/24 02:32:32.324, NVIDIA TITAN RTX, 34, 19289, 24576
2026/04/24 02:32:33.325, NVIDIA TITAN RTX, 34, 19289, 24576
2026/04/24 02:32:34.326, NVIDIA TITAN RTX, 34, 19289, 24576
2026/04/24 02:32:35.327, NVIDIA TITAN RTX, 34, 19289, 24576
2026/04/24 02:32:36.328, NVIDIA TITAN RTX, 34, 19289, 24576
2026/04/24 02:32:37.329, NVIDIA TITAN RTX, 34, 19289, 24576
2026/04/24 02:32:38.331, NVIDIA TITAN RTX, 34, 19289, 24576
2026/04/24 02:32:39.332, NVIDIA TITAN RTX, 34, 19289, 24576
2026/04/24 02:32:40.333, NVIDIA TITAN RTX, 34, 19289, 24576
2026/04/24 02:32:41.335, NVIDIA TITAN RTX, 34, 19289, 24576
2026/04/24 02:32:42.336, NVIDIA TITAN RTX, 34, 19289, 24576
2026/04/24 02:32:43.337, NVIDIA TITAN RTX, 34, 19289, 24576
2026/04/24 02:32:44.338, NVIDIA TITAN RTX, 34, 19289, 24576
2026/04/24 02:32:45.340, NVIDIA TITAN RTX, 34, 19289, 24576
2026/04/24 02:32:46.341, NVIDIA TITAN RTX, 34, 19289, 24576
2026/04/24 02:32:47.342, NVIDIA TITAN RTX, 34, 19289, 24576
2026/04/24 02:32:48.344, NVIDIA TITAN RTX, 34, 19289, 24576
2026/04/24 02:32:49.345, NVIDIA TITAN RTX, 34, 19289, 24576
2026/04/24 02:32:50.347, NVIDIA TITAN RTX, 34, 19289, 24576
2026/04/24 02:32:51.348, NVIDIA TITAN RTX, 34, 19289, 24576
2026/04/24 02:32:52.349, NVIDIA TITAN RTX, 35, 19289, 24576
2026/04/24 02:32:53.350, NVIDIA TITAN RTX, 34, 19289, 24576
2026/04/24 02:32:54.351, NVIDIA TITAN RTX, 34, 19289, 24576
2026/04/24 02:32:55.353, NVIDIA TITAN RTX, 34, 19289, 24576
2026/04/24 02:32:56.354, NVIDIA TITAN RTX, 34, 19289, 24576
2026/04/24 02:32:57.355, NVIDIA TITAN RTX, 35, 19289, 24576
2026/04/24 02:32:58.356, NVIDIA TITAN RTX, 34, 19289, 24576
2026/04/24 02:32:59.357, NVIDIA TITAN RTX, 35, 19289, 24576
2026/04/24 02:33:00.358, NVIDIA TITAN RTX, 35, 19289, 24576
2026/04/24 02:33:01.360, NVIDIA TITAN RTX, 35, 19289, 24576
2026/04/24 02:33:02.361, NVIDIA TITAN RTX, 34, 19289, 24576
2026/04/24 02:33:03.362, NVIDIA TITAN RTX, 34, 19289, 24576
2026/04/24 02:33:04.363, NVIDIA TITAN RTX, 35, 19289, 24576
2026/04/24 02:33:05.364, NVIDIA TITAN RTX, 34, 19289, 24576
2026/04/24 02:33:06.366, NVIDIA TITAN RTX, 35, 19289, 24576
2026/04/24 02:33:07.367, NVIDIA TITAN RTX, 35, 19289, 24576
2026/04/24 02:33:08.369, NVIDIA TITAN RTX, 35, 19289, 24576
2026/04/24 02:33:09.370, NVIDIA TITAN RTX, 34, 19289, 24576
2026/04/24 02:33:10.371, NVIDIA TITAN RTX, 35, 19289, 24576
2026/04/24 02:33:11.372, NVIDIA TITAN RTX, 34, 19289, 24576
2026/04/24 02:33:12.373, NVIDIA TITAN RTX, 34, 19289, 24576
2026/04/24 02:33:13.375, NVIDIA TITAN RTX, 35, 19289, 24576
2026/04/24 02:33:14.376, NVIDIA TITAN RTX, 56, 19289, 24576
2026/04/24 02:33:15.377, NVIDIA TITAN RTX, 26, 19289, 24576
2026/04/24 02:33:16.378, NVIDIA TITAN RTX, 28, 19289, 24576
2026/04/24 02:33:17.379, NVIDIA TITAN RTX, 34, 19289, 24576
2026/04/24 02:33:18.381, NVIDIA TITAN RTX, 34, 19289, 24576
2026/04/24 02:33:19.382, NVIDIA TITAN RTX, 34, 19289, 24576
2026/04/24 02:33:20.384, NVIDIA TITAN RTX, 34, 19289, 24576
2026/04/24 02:33:21.385, NVIDIA TITAN RTX, 34, 19289, 24576
2026/04/24 02:33:22.387, NVIDIA TITAN RTX, 35, 19289, 24576
2026/04/24 02:33:23.388, NVIDIA TITAN RTX, 34, 19289, 24576
2026/04/24 02:33:24.389, NVIDIA TITAN RTX, 34, 19289, 24576
2026/04/24 02:33:25.390, NVIDIA TITAN RTX, 34, 19289, 24576
2026/04/24 02:33:26.391, NVIDIA TITAN RTX, 34, 19289, 24576
2026/04/24 02:33:27.392, NVIDIA TITAN RTX, 34, 19289, 24576
2026/04/24 02:33:28.394, NVIDIA TITAN RTX, 34, 19289, 24576
2026/04/24 02:33:29.395, NVIDIA TITAN RTX, 35, 19289, 24576
2026/04/24 02:33:30.396, NVIDIA TITAN RTX, 35, 19289, 24576
2026/04/24 02:33:31.397, NVIDIA TITAN RTX, 34, 19289, 24576
2026/04/24 02:33:32.398, NVIDIA TITAN RTX, 35, 19289, 24576
2026/04/24 02:33:33.399, NVIDIA TITAN RTX, 35, 19289, 24576
2026/04/24 02:33:34.400, NVIDIA TITAN RTX, 34, 19289, 24576
2026/04/24 02:33:35.401, NVIDIA TITAN RTX, 34, 19289, 24576
2026/04/24 02:33:36.402, NVIDIA TITAN RTX, 34, 19289, 24576
2026/04/24 02:33:37.403, NVIDIA TITAN RTX, 34, 19289, 24576
2026/04/24 02:33:38.405, NVIDIA TITAN RTX, 34, 19289, 24576
2026/04/24 02:33:39.406, NVIDIA TITAN RTX, 35, 19289, 24576
2026/04/24 02:33:40.407, NVIDIA TITAN RTX, 34, 19289, 24576
2026/04/24 02:33:41.408, NVIDIA TITAN RTX, 34, 19289, 24576
2026/04/24 02:33:42.409, NVIDIA TITAN RTX, 35, 19289, 24576
2026/04/24 02:33:43.412, NVIDIA TITAN RTX, 35, 19289, 24576
2026/04/24 02:33:44.413, NVIDIA TITAN RTX, 35, 19289, 24576
2026/04/24 02:33:45.414, NVIDIA TITAN RTX, 35, 19289, 24576
2026/04/24 02:33:46.415, NVIDIA TITAN RTX, 35, 19289, 24576
2026/04/24 02:33:47.417, NVIDIA TITAN RTX, 35, 19289, 24576
2026/04/24 02:33:48.418, NVIDIA TITAN RTX, 35, 19289, 24576
2026/04/24 02:33:49.420, NVIDIA TITAN RTX, 35, 19289, 24576
2026/04/24 02:33:50.421, NVIDIA TITAN RTX, 35, 19289, 24576
2026/04/24 02:33:51.423, NVIDIA TITAN RTX, 35, 19289, 24576
2026/04/24 02:33:52.424, NVIDIA TITAN RTX, 35, 19289, 24576
2026/04/24 02:33:53.425, NVIDIA TITAN RTX, 35, 19289, 24576
2026/04/24 02:33:54.427, NVIDIA TITAN RTX, 62, 19289, 24576
2026/04/24 02:33:55.428, NVIDIA TITAN RTX, 56, 19289, 24576
2026/04/24 02:33:56.429, NVIDIA TITAN RTX, 27, 19289, 24576
2026/04/24 02:33:57.430, NVIDIA TITAN RTX, 33, 19289, 24576
2026/04/24 02:33:58.431, NVIDIA TITAN RTX, 35, 19289, 24576
2026/04/24 02:33:59.432, NVIDIA TITAN RTX, 35, 19289, 24576
2026/04/24 02:34:00.433, NVIDIA TITAN RTX, 35, 19289, 24576
2026/04/24 02:34:01.434, NVIDIA TITAN RTX, 35, 19289, 24576
2026/04/24 02:34:02.435, NVIDIA TITAN RTX, 35, 19289, 24576
2026/04/24 02:34:03.437, NVIDIA TITAN RTX, 35, 19289, 24576
2026/04/24 02:34:04.438, NVIDIA TITAN RTX, 35, 19289, 24576
2026/04/24 02:34:05.439, NVIDIA TITAN RTX, 35, 19289, 24576
2026/04/24 02:34:06.441, NVIDIA TITAN RTX, 35, 19289, 24576
2026/04/24 02:34:07.442, NVIDIA TITAN RTX, 35, 19289, 24576
2026/04/24 02:34:08.443, NVIDIA TITAN RTX, 35, 19289, 24576
2026/04/24 02:34:09.444, NVIDIA TITAN RTX, 35, 19289, 24576
2026/04/24 02:34:10.445, NVIDIA TITAN RTX, 35, 19289, 24576
2026/04/24 02:34:11.447, NVIDIA TITAN RTX, 35, 19289, 24576
2026/04/24 02:34:12.448, NVIDIA TITAN RTX, 35, 19289, 24576
2026/04/24 02:34:13.449, NVIDIA TITAN RTX, 35, 19289, 24576
2026/04/24 02:34:14.450, NVIDIA TITAN RTX, 35, 19289, 24576
2026/04/24 02:34:15.451, NVIDIA TITAN RTX, 35, 19289, 24576
2026/04/24 02:34:16.452, NVIDIA TITAN RTX, 35, 19289, 24576
2026/04/24 02:34:17.454, NVIDIA TITAN RTX, 35, 19289, 24576
2026/04/24 02:34:18.455, NVIDIA TITAN RTX, 35, 19289, 24576
2026/04/24 02:34:19.456, NVIDIA TITAN RTX, 36, 19289, 24576
2026/04/24 02:34:20.459, NVIDIA TITAN RTX, 35, 19289, 24576
2026/04/24 02:34:21.461, NVIDIA TITAN RTX, 35, 19289, 24576
2026/04/24 02:34:22.463, NVIDIA TITAN RTX, 35, 19289, 24576
2026/04/24 02:34:23.464, NVIDIA TITAN RTX, 35, 19289, 24576
2026/04/24 02:34:24.465, NVIDIA TITAN RTX, 35, 19289, 24576
2026/04/24 02:34:25.466, NVIDIA TITAN RTX, 36, 19289, 24576
2026/04/24 02:34:26.467, NVIDIA TITAN RTX, 35, 19289, 24576
2026/04/24 02:34:27.468, NVIDIA TITAN RTX, 36, 19289, 24576
2026/04/24 02:34:28.470, NVIDIA TITAN RTX, 35, 19289, 24576
2026/04/24 02:34:29.471, NVIDIA TITAN RTX, 36, 19289, 24576
2026/04/24 02:34:30.472, NVIDIA TITAN RTX, 35, 19289, 24576
2026/04/24 02:34:31.473, NVIDIA TITAN RTX, 35, 19289, 24576
2026/04/24 02:34:32.474, NVIDIA TITAN RTX, 35, 19289, 24576
2026/04/24 02:34:33.476, NVIDIA TITAN RTX, 36, 19289, 24576
2026/04/24 02:34:34.477, NVIDIA TITAN RTX, 35, 19289, 24576
2026/04/24 02:34:35.478, NVIDIA TITAN RTX, 35, 19289, 24576
2026/04/24 02:34:36.479, NVIDIA TITAN RTX, 35, 19289, 24576
2026/04/24 02:34:37.481, NVIDIA TITAN RTX, 35, 19289, 24576
2026/04/24 02:34:38.482, NVIDIA TITAN RTX, 35, 19289, 24576
2026/04/24 02:34:39.483, NVIDIA TITAN RTX, 42, 19289, 24576
2026/04/24 02:34:40.484, NVIDIA TITAN RTX, 61, 19289, 24576
2026/04/24 02:34:41.485, NVIDIA TITAN RTX, 26, 19289, 24576
2026/04/24 02:34:42.486, NVIDIA TITAN RTX, 31, 19289, 24576
2026/04/24 02:34:43.488, NVIDIA TITAN RTX, 34, 19289, 24576
2026/04/24 02:34:44.489, NVIDIA TITAN RTX, 34, 19289, 24576
2026/04/24 02:34:45.490, NVIDIA TITAN RTX, 34, 19289, 24576
2026/04/24 02:34:46.491, NVIDIA TITAN RTX, 34, 19289, 24576
2026/04/24 02:34:47.492, NVIDIA TITAN RTX, 34, 19289, 24576
2026/04/24 02:34:48.493, NVIDIA TITAN RTX, 34, 19289, 24576
2026/04/24 02:34:49.494, NVIDIA TITAN RTX, 34, 19289, 24576
2026/04/24 02:34:50.496, NVIDIA TITAN RTX, 34, 19289, 24576
2026/04/24 02:34:51.497, NVIDIA TITAN RTX, 34, 19289, 24576
2026/04/24 02:34:52.499, NVIDIA TITAN RTX, 34, 19289, 24576
2026/04/24 02:34:53.500, NVIDIA TITAN RTX, 35, 19289, 24576
2026/04/24 02:34:54.501, NVIDIA TITAN RTX, 34, 19289, 24576
2026/04/24 02:34:55.502, NVIDIA TITAN RTX, 35, 19289, 24576
2026/04/24 02:34:56.503, NVIDIA TITAN RTX, 34, 19289, 24576
2026/04/24 02:34:57.505, NVIDIA TITAN RTX, 34, 19289, 24576
2026/04/24 02:34:58.506, NVIDIA TITAN RTX, 35, 19289, 24576
2026/04/24 02:34:59.507, NVIDIA TITAN RTX, 34, 19289, 24576
2026/04/24 02:35:00.509, NVIDIA TITAN RTX, 35, 19289, 24576
2026/04/24 02:35:01.510, NVIDIA TITAN RTX, 34, 19289, 24576
2026/04/24 02:35:02.511, NVIDIA TITAN RTX, 34, 19289, 24576
2026/04/24 02:35:03.512, NVIDIA TITAN RTX, 35, 19289, 24576
2026/04/24 02:35:04.513, NVIDIA TITAN RTX, 35, 19289, 24576
2026/04/24 02:35:05.515, NVIDIA TITAN RTX, 34, 19289, 24576
2026/04/24 02:35:06.516, NVIDIA TITAN RTX, 34, 19289, 24576
2026/04/24 02:35:07.517, NVIDIA TITAN RTX, 34, 19289, 24576
2026/04/24 02:35:08.518, NVIDIA TITAN RTX, 34, 19289, 24576
2026/04/24 02:35:09.519, NVIDIA TITAN RTX, 35, 19289, 24576
2026/04/24 02:35:10.520, NVIDIA TITAN RTX, 35, 19289, 24576
2026/04/24 02:35:11.522, NVIDIA TITAN RTX, 35, 19289, 24576
2026/04/24 02:35:12.523, NVIDIA TITAN RTX, 35, 19289, 24576
2026/04/24 02:35:13.524, NVIDIA TITAN RTX, 35, 19289, 24576
2026/04/24 02:35:14.525, NVIDIA TITAN RTX, 35, 19289, 24576
2026/04/24 02:35:15.526, NVIDIA TITAN RTX, 35, 19289, 24576
2026/04/24 02:35:16.527, NVIDIA TITAN RTX, 35, 19289, 24576
2026/04/24 02:35:17.528, NVIDIA TITAN RTX, 35, 19289, 24576
2026/04/24 02:35:18.529, NVIDIA TITAN RTX, 35, 19289, 24576
2026/04/24 02:35:19.531, NVIDIA TITAN RTX, 35, 19289, 24576
2026/04/24 02:35:20.533, NVIDIA TITAN RTX, 35, 19289, 24576
2026/04/24 02:35:21.534, NVIDIA TITAN RTX, 35, 19289, 24576
2026/04/24 02:35:22.535, NVIDIA TITAN RTX, 41, 19289, 24576
2026/04/24 02:35:23.536, NVIDIA TITAN RTX, 100, 19289, 24576
2026/04/24 02:35:24.537, NVIDIA TITAN RTX, 34, 19289, 24576
2026/04/24 02:35:25.538, NVIDIA TITAN RTX, 28, 19289, 24576
2026/04/24 02:35:26.539, NVIDIA TITAN RTX, 35, 19289, 24576
2026/04/24 02:35:27.541, NVIDIA TITAN RTX, 36, 19289, 24576
2026/04/24 02:35:28.542, NVIDIA TITAN RTX, 37, 19289, 24576
2026/04/24 02:35:29.543, NVIDIA TITAN RTX, 37, 19289, 24576
2026/04/24 02:35:30.544, NVIDIA TITAN RTX, 37, 19289, 24576
2026/04/24 02:35:31.545, NVIDIA TITAN RTX, 37, 19289, 24576
2026/04/24 02:35:32.547, NVIDIA TITAN RTX, 37, 19289, 24576
2026/04/24 02:35:33.548, NVIDIA TITAN RTX, 37, 19289, 24576
2026/04/24 02:35:34.550, NVIDIA TITAN RTX, 37, 19289, 24576
2026/04/24 02:35:35.552, NVIDIA TITAN RTX, 37, 19289, 24576
2026/04/24 02:35:36.553, NVIDIA TITAN RTX, 37, 19289, 24576
2026/04/24 02:35:37.554, NVIDIA TITAN RTX, 36, 19289, 24576
2026/04/24 02:35:38.556, NVIDIA TITAN RTX, 37, 19289, 24576
2026/04/24 02:35:39.557, NVIDIA TITAN RTX, 37, 19289, 24576
2026/04/24 02:35:40.558, NVIDIA TITAN RTX, 36, 19289, 24576
2026/04/24 02:35:41.561, NVIDIA TITAN RTX, 37, 19289, 24576
2026/04/24 02:35:42.562, NVIDIA TITAN RTX, 37, 19289, 24576
2026/04/24 02:35:43.563, NVIDIA TITAN RTX, 37, 19289, 24576
2026/04/24 02:35:44.564, NVIDIA TITAN RTX, 37, 19289, 24576
2026/04/24 02:35:45.566, NVIDIA TITAN RTX, 37, 19289, 24576
2026/04/24 02:35:46.568, NVIDIA TITAN RTX, 37, 19289, 24576
2026/04/24 02:35:47.569, NVIDIA TITAN RTX, 37, 19289, 24576
2026/04/24 02:35:48.570, NVIDIA TITAN RTX, 37, 19289, 24576
2026/04/24 02:35:49.572, NVIDIA TITAN RTX, 37, 19289, 24576
2026/04/24 02:35:50.573, NVIDIA TITAN RTX, 37, 19289, 24576
2026/04/24 02:35:51.574, NVIDIA TITAN RTX, 37, 19289, 24576
2026/04/24 02:35:52.575, NVIDIA TITAN RTX, 37, 19289, 24576
2026/04/24 02:35:53.577, NVIDIA TITAN RTX, 36, 19289, 24576
2026/04/24 02:35:54.578, NVIDIA TITAN RTX, 36, 19289, 24576
2026/04/24 02:35:55.579, NVIDIA TITAN RTX, 37, 19289, 24576
2026/04/24 02:35:56.581, NVIDIA TITAN RTX, 37, 19289, 24576
2026/04/24 02:35:57.582, NVIDIA TITAN RTX, 37, 19289, 24576
2026/04/24 02:35:58.583, NVIDIA TITAN RTX, 37, 19289, 24576
2026/04/24 02:35:59.584, NVIDIA TITAN RTX, 37, 19289, 24576
2026/04/24 02:36:00.585, NVIDIA TITAN RTX, 37, 19289, 24576
2026/04/24 02:36:01.587, NVIDIA TITAN RTX, 37, 19289, 24576
2026/04/24 02:36:02.588, NVIDIA TITAN RTX, 37, 19289, 24576
2026/04/24 02:36:03.590, NVIDIA TITAN RTX, 36, 19289, 24576
2026/04/24 02:36:04.591, NVIDIA TITAN RTX, 37, 19289, 24576
2026/04/24 02:36:05.592, NVIDIA TITAN RTX, 36, 19289, 24576
2026/04/24 02:36:06.593, NVIDIA TITAN RTX, 37, 19289, 24576
2026/04/24 02:36:07.594, NVIDIA TITAN RTX, 36, 19289, 24576
2026/04/24 02:36:08.595, NVIDIA TITAN RTX, 37, 19289, 24576
2026/04/24 02:36:09.597, NVIDIA TITAN RTX, 37, 19289, 24576
2026/04/24 02:36:10.598, NVIDIA TITAN RTX, 37, 19289, 24576
2026/04/24 02:36:11.600, NVIDIA TITAN RTX, 37, 19289, 24576
2026/04/24 02:36:12.601, NVIDIA TITAN RTX, 37, 19289, 24576
2026/04/24 02:36:13.602, NVIDIA TITAN RTX, 37, 19289, 24576
2026/04/24 02:36:14.603, NVIDIA TITAN RTX, 37, 19289, 24576
2026/04/24 02:36:15.604, NVIDIA TITAN RTX, 37, 19289, 24576
2026/04/24 02:36:16.605, NVIDIA TITAN RTX, 37, 19289, 24576
2026/04/24 02:36:17.606, NVIDIA TITAN RTX, 37, 19289, 24576
2026/04/24 02:36:18.608, NVIDIA TITAN RTX, 56, 19289, 24576
2026/04/24 02:36:19.609, NVIDIA TITAN RTX, 26, 19289, 24576
2026/04/24 02:36:20.610, NVIDIA TITAN RTX, 28, 19289, 24576
2026/04/24 02:36:21.611, NVIDIA TITAN RTX, 34, 19289, 24576
2026/04/24 02:36:22.612, NVIDIA TITAN RTX, 34, 19289, 24576
2026/04/24 02:36:23.613, NVIDIA TITAN RTX, 34, 19289, 24576
2026/04/24 02:36:24.614, NVIDIA TITAN RTX, 34, 19289, 24576
2026/04/24 02:36:25.617, NVIDIA TITAN RTX, 34, 19289, 24576
2026/04/24 02:36:26.618, NVIDIA TITAN RTX, 34, 19289, 24576
2026/04/24 02:36:27.619, NVIDIA TITAN RTX, 34, 19289, 24576
2026/04/24 02:36:28.620, NVIDIA TITAN RTX, 34, 19289, 24576
2026/04/24 02:36:29.621, NVIDIA TITAN RTX, 34, 19289, 24576
2026/04/24 02:36:30.623, NVIDIA TITAN RTX, 34, 19289, 24576
2026/04/24 02:36:31.624, NVIDIA TITAN RTX, 34, 19289, 24576
2026/04/24 02:36:32.625, NVIDIA TITAN RTX, 34, 19289, 24576
2026/04/24 02:36:33.626, NVIDIA TITAN RTX, 34, 19289, 24576
2026/04/24 02:36:34.627, NVIDIA TITAN RTX, 34, 19289, 24576
2026/04/24 02:36:35.629, NVIDIA TITAN RTX, 34, 19289, 24576
2026/04/24 02:36:36.630, NVIDIA TITAN RTX, 34, 19289, 24576
2026/04/24 02:36:37.631, NVIDIA TITAN RTX, 34, 19289, 24576
2026/04/24 02:36:38.632, NVIDIA TITAN RTX, 34, 19289, 24576
2026/04/24 02:36:39.633, NVIDIA TITAN RTX, 34, 19289, 24576
2026/04/24 02:36:40.636, NVIDIA TITAN RTX, 34, 19289, 24576
2026/04/24 02:36:41.637, NVIDIA TITAN RTX, 34, 19289, 24576
2026/04/24 02:36:42.638, NVIDIA TITAN RTX, 34, 19289, 24576
2026/04/24 02:36:43.639, NVIDIA TITAN RTX, 34, 19289, 24576
2026/04/24 02:36:44.642, NVIDIA TITAN RTX, 34, 19289, 24576
2026/04/24 02:36:45.643, NVIDIA TITAN RTX, 35, 19289, 24576
2026/04/24 02:36:46.644, NVIDIA TITAN RTX, 34, 19289, 24576
2026/04/24 02:36:47.645, NVIDIA TITAN RTX, 34, 19289, 24576
2026/04/24 02:36:48.648, NVIDIA TITAN RTX, 34, 19289, 24576
2026/04/24 02:36:49.649, NVIDIA TITAN RTX, 34, 19289, 24576
2026/04/24 02:36:50.651, NVIDIA TITAN RTX, 34, 19289, 24576
2026/04/24 02:36:51.652, NVIDIA TITAN RTX, 34, 19289, 24576
2026/04/24 02:36:52.654, NVIDIA TITAN RTX, 34, 19289, 24576
2026/04/24 02:36:53.655, NVIDIA TITAN RTX, 34, 19289, 24576
2026/04/24 02:36:54.656, NVIDIA TITAN RTX, 34, 19289, 24576
2026/04/24 02:36:55.657, NVIDIA TITAN RTX, 34, 19289, 24576
2026/04/24 02:36:56.658, NVIDIA TITAN RTX, 34, 19289, 24576
2026/04/24 02:36:57.659, NVIDIA TITAN RTX, 34, 19289, 24576
2026/04/24 02:36:58.660, NVIDIA TITAN RTX, 34, 19289, 24576
2026/04/24 02:36:59.662, NVIDIA TITAN RTX, 34, 19289, 24576
2026/04/24 02:37:00.663, NVIDIA TITAN RTX, 34, 19289, 24576
2026/04/24 02:37:01.664, NVIDIA TITAN RTX, 34, 19289, 24576
2026/04/24 02:37:02.665, NVIDIA TITAN RTX, 35, 19289, 24576
2026/04/24 02:37:03.666, NVIDIA TITAN RTX, 34, 19289, 24576
2026/04/24 02:37:04.667, NVIDIA TITAN RTX, 35, 19289, 24576
2026/04/24 02:37:05.668, NVIDIA TITAN RTX, 35, 19289, 24576
2026/04/24 02:37:06.670, NVIDIA TITAN RTX, 35, 19289, 24576
2026/04/24 02:37:07.671, NVIDIA TITAN RTX, 35, 19289, 24576
2026/04/24 02:37:08.672, NVIDIA TITAN RTX, 35, 19289, 24576
2026/04/24 02:37:09.673, NVIDIA TITAN RTX, 68, 19289, 24576
2026/04/24 02:37:10.674, NVIDIA TITAN RTX, 26, 19289, 24576
2026/04/24 02:37:11.675, NVIDIA TITAN RTX, 28, 19289, 24576
2026/04/24 02:37:12.676, NVIDIA TITAN RTX, 34, 19289, 24576
2026/04/24 02:37:13.677, NVIDIA TITAN RTX, 35, 19289, 24576
2026/04/24 02:37:14.679, NVIDIA TITAN RTX, 34, 19289, 24576
2026/04/24 02:37:15.680, NVIDIA TITAN RTX, 35, 19289, 24576
2026/04/24 02:37:16.681, NVIDIA TITAN RTX, 35, 19289, 24576
2026/04/24 02:37:17.683, NVIDIA TITAN RTX, 34, 19289, 24576
2026/04/24 02:37:18.684, NVIDIA TITAN RTX, 34, 19289, 24576
2026/04/24 02:37:19.685, NVIDIA TITAN RTX, 35, 19289, 24576
2026/04/24 02:37:20.686, NVIDIA TITAN RTX, 35, 19289, 24576
2026/04/24 02:37:21.687, NVIDIA TITAN RTX, 35, 19289, 24576
2026/04/24 02:37:22.688, NVIDIA TITAN RTX, 35, 19289, 24576
2026/04/24 02:37:23.689, NVIDIA TITAN RTX, 35, 19289, 24576
2026/04/24 02:37:24.691, NVIDIA TITAN RTX, 35, 19289, 24576
2026/04/24 02:37:25.692, NVIDIA TITAN RTX, 35, 19289, 24576
2026/04/24 02:37:26.693, NVIDIA TITAN RTX, 35, 19289, 24576
2026/04/24 02:37:27.694, NVIDIA TITAN RTX, 34, 19289, 24576
2026/04/24 02:37:28.696, NVIDIA TITAN RTX, 34, 19289, 24576
2026/04/24 02:37:29.697, NVIDIA TITAN RTX, 34, 19289, 24576
2026/04/24 02:37:30.698, NVIDIA TITAN RTX, 34, 19289, 24576
2026/04/24 02:37:31.700, NVIDIA TITAN RTX, 34, 19289, 24576
2026/04/24 02:37:32.701, NVIDIA TITAN RTX, 34, 19289, 24576
2026/04/24 02:37:33.702, NVIDIA TITAN RTX, 35, 19289, 24576
2026/04/24 02:37:34.703, NVIDIA TITAN RTX, 35, 19289, 24576
2026/04/24 02:37:35.705, NVIDIA TITAN RTX, 35, 19289, 24576
2026/04/24 02:37:36.707, NVIDIA TITAN RTX, 35, 19289, 24576
2026/04/24 02:37:37.708, NVIDIA TITAN RTX, 35, 19289, 24576
2026/04/24 02:37:38.709, NVIDIA TITAN RTX, 35, 19289, 24576
2026/04/24 02:37:39.710, NVIDIA TITAN RTX, 35, 19289, 24576
2026/04/24 02:37:40.711, NVIDIA TITAN RTX, 35, 19289, 24576
2026/04/24 02:37:41.712, NVIDIA TITAN RTX, 35, 19289, 24576
2026/04/24 02:37:42.714, NVIDIA TITAN RTX, 35, 19289, 24576
2026/04/24 02:37:43.715, NVIDIA TITAN RTX, 35, 19289, 24576
2026/04/24 02:37:44.716, NVIDIA TITAN RTX, 35, 19289, 24576
2026/04/24 02:37:45.717, NVIDIA TITAN RTX, 62, 19289, 24576
2026/04/24 02:37:46.718, NVIDIA TITAN RTX, 39, 19289, 24576
2026/04/24 02:37:47.719, NVIDIA TITAN RTX, 27, 19289, 24576
2026/04/24 02:37:48.720, NVIDIA TITAN RTX, 35, 19289, 24576
2026/04/24 02:37:49.721, NVIDIA TITAN RTX, 35, 19289, 24576
2026/04/24 02:37:50.723, NVIDIA TITAN RTX, 35, 19289, 24576
2026/04/24 02:37:51.724, NVIDIA TITAN RTX, 35, 19289, 24576
2026/04/24 02:37:52.725, NVIDIA TITAN RTX, 34, 19289, 24576
2026/04/24 02:37:53.726, NVIDIA TITAN RTX, 34, 19289, 24576
2026/04/24 02:37:54.727, NVIDIA TITAN RTX, 35, 19289, 24576
2026/04/24 02:37:55.728, NVIDIA TITAN RTX, 34, 19289, 24576
2026/04/24 02:37:56.730, NVIDIA TITAN RTX, 34, 19289, 24576
2026/04/24 02:37:57.731, NVIDIA TITAN RTX, 34, 19289, 24576
2026/04/24 02:37:58.732, NVIDIA TITAN RTX, 35, 19289, 24576
2026/04/24 02:37:59.733, NVIDIA TITAN RTX, 35, 19289, 24576
2026/04/24 02:38:00.734, NVIDIA TITAN RTX, 35, 19289, 24576
2026/04/24 02:38:01.735, NVIDIA TITAN RTX, 35, 19289, 24576
2026/04/24 02:38:02.737, NVIDIA TITAN RTX, 34, 19289, 24576
2026/04/24 02:38:03.738, NVIDIA TITAN RTX, 35, 19289, 24576
2026/04/24 02:38:04.739, NVIDIA TITAN RTX, 35, 19289, 24576
2026/04/24 02:38:05.740, NVIDIA TITAN RTX, 35, 19289, 24576
2026/04/24 02:38:06.741, NVIDIA TITAN RTX, 35, 19289, 24576
2026/04/24 02:38:07.743, NVIDIA TITAN RTX, 35, 19289, 24576
2026/04/24 02:38:08.744, NVIDIA TITAN RTX, 35, 19289, 24576
2026/04/24 02:38:09.745, NVIDIA TITAN RTX, 35, 19289, 24576
2026/04/24 02:38:10.746, NVIDIA TITAN RTX, 35, 19289, 24576
2026/04/24 02:38:11.748, NVIDIA TITAN RTX, 35, 19289, 24576
2026/04/24 02:38:12.749, NVIDIA TITAN RTX, 35, 19289, 24576
2026/04/24 02:38:13.750, NVIDIA TITAN RTX, 35, 19289, 24576
2026/04/24 02:38:14.751, NVIDIA TITAN RTX, 35, 19289, 24576
2026/04/24 02:38:15.753, NVIDIA TITAN RTX, 35, 19289, 24576
2026/04/24 02:38:16.754, NVIDIA TITAN RTX, 35, 19289, 24576
2026/04/24 02:38:17.755, NVIDIA TITAN RTX, 35, 19289, 24576
2026/04/24 02:38:18.757, NVIDIA TITAN RTX, 35, 19289, 24576
2026/04/24 02:38:19.759, NVIDIA TITAN RTX, 35, 19289, 24576
2026/04/24 02:38:20.760, NVIDIA TITAN RTX, 35, 19289, 24576
2026/04/24 02:38:21.761, NVIDIA TITAN RTX, 35, 19289, 24576
2026/04/24 02:38:22.762, NVIDIA TITAN RTX, 35, 19289, 24576
2026/04/24 02:38:23.764, NVIDIA TITAN RTX, 35, 19289, 24576
2026/04/24 02:38:24.765, NVIDIA TITAN RTX, 35, 19289, 24576
2026/04/24 02:38:25.766, NVIDIA TITAN RTX, 35, 19289, 24576
2026/04/24 02:38:26.767, NVIDIA TITAN RTX, 36, 19289, 24576
2026/04/24 02:38:27.768, NVIDIA TITAN RTX, 36, 19289, 24576
2026/04/24 02:38:28.770, NVIDIA TITAN RTX, 35, 19289, 24576
2026/04/24 02:38:29.771, NVIDIA TITAN RTX, 35, 19289, 24576
2026/04/24 02:38:30.772, NVIDIA TITAN RTX, 36, 19289, 24576
2026/04/24 02:38:31.773, NVIDIA TITAN RTX, 36, 19289, 24576
2026/04/24 02:38:32.775, NVIDIA TITAN RTX, 35, 19289, 24576
2026/04/24 02:38:33.776, NVIDIA TITAN RTX, 35, 19289, 24576
2026/04/24 02:38:34.777, NVIDIA TITAN RTX, 36, 19289, 24576
2026/04/24 02:38:35.778, NVIDIA TITAN RTX, 36, 19289, 24576
2026/04/24 02:38:36.779, NVIDIA TITAN RTX, 36, 19289, 24576
2026/04/24 02:38:37.780, NVIDIA TITAN RTX, 35, 19289, 24576
2026/04/24 02:38:38.781, NVIDIA TITAN RTX, 35, 19289, 24576
2026/04/24 02:38:39.783, NVIDIA TITAN RTX, 35, 19289, 24576
2026/04/24 02:38:40.784, NVIDIA TITAN RTX, 56, 19289, 24576
2026/04/24 02:38:41.785, NVIDIA TITAN RTX, 100, 19289, 24576
2026/04/24 02:38:42.787, NVIDIA TITAN RTX, 45, 19289, 24576
2026/04/24 02:38:43.788, NVIDIA TITAN RTX, 29, 19289, 24576
2026/04/24 02:38:44.789, NVIDIA TITAN RTX, 34, 19289, 24576
2026/04/24 02:38:45.791, NVIDIA TITAN RTX, 36, 19289, 24576
2026/04/24 02:38:46.793, NVIDIA TITAN RTX, 36, 19289, 24576
2026/04/24 02:38:47.795, NVIDIA TITAN RTX, 37, 19289, 24576
2026/04/24 02:38:48.796, NVIDIA TITAN RTX, 37, 19289, 24576
2026/04/24 02:38:49.797, NVIDIA TITAN RTX, 37, 19289, 24576
2026/04/24 02:38:50.799, NVIDIA TITAN RTX, 37, 19289, 24576
2026/04/24 02:38:51.800, NVIDIA TITAN RTX, 37, 19289, 24576
2026/04/24 02:38:52.801, NVIDIA TITAN RTX, 37, 19289, 24576
2026/04/24 02:38:53.802, NVIDIA TITAN RTX, 37, 19289, 24576
2026/04/24 02:38:54.803, NVIDIA TITAN RTX, 37, 19289, 24576
2026/04/24 02:38:55.805, NVIDIA TITAN RTX, 37, 19289, 24576
2026/04/24 02:38:56.806, NVIDIA TITAN RTX, 37, 19289, 24576
2026/04/24 02:38:57.807, NVIDIA TITAN RTX, 37, 19289, 24576
2026/04/24 02:38:58.808, NVIDIA TITAN RTX, 37, 19289, 24576
2026/04/24 02:38:59.809, NVIDIA TITAN RTX, 37, 19289, 24576
2026/04/24 02:39:00.810, NVIDIA TITAN RTX, 37, 19289, 24576
2026/04/24 02:39:01.811, NVIDIA TITAN RTX, 37, 19289, 24576
2026/04/24 02:39:02.813, NVIDIA TITAN RTX, 37, 19289, 24576
2026/04/24 02:39:03.814, NVIDIA TITAN RTX, 37, 19289, 24576
2026/04/24 02:39:04.815, NVIDIA TITAN RTX, 37, 19289, 24576
2026/04/24 02:39:05.816, NVIDIA TITAN RTX, 37, 19289, 24576
2026/04/24 02:39:06.817, NVIDIA TITAN RTX, 37, 19289, 24576
2026/04/24 02:39:07.818, NVIDIA TITAN RTX, 37, 19289, 24576
2026/04/24 02:39:08.820, NVIDIA TITAN RTX, 37, 19289, 24576
2026/04/24 02:39:09.821, NVIDIA TITAN RTX, 37, 19289, 24576
2026/04/24 02:39:10.822, NVIDIA TITAN RTX, 37, 19289, 24576
2026/04/24 02:39:11.823, NVIDIA TITAN RTX, 37, 19289, 24576
2026/04/24 02:39:12.824, NVIDIA TITAN RTX, 37, 19289, 24576
2026/04/24 02:39:13.825, NVIDIA TITAN RTX, 37, 19289, 24576
2026/04/24 02:39:14.826, NVIDIA TITAN RTX, 37, 19289, 24576
2026/04/24 02:39:15.827, NVIDIA TITAN RTX, 37, 19289, 24576
2026/04/24 02:39:16.829, NVIDIA TITAN RTX, 37, 19289, 24576
2026/04/24 02:39:17.830, NVIDIA TITAN RTX, 37, 19289, 24576
2026/04/24 02:39:18.831, NVIDIA TITAN RTX, 37, 19289, 24576
2026/04/24 02:39:19.832, NVIDIA TITAN RTX, 37, 19289, 24576
2026/04/24 02:39:20.833, NVIDIA TITAN RTX, 37, 19289, 24576
2026/04/24 02:39:21.834, NVIDIA TITAN RTX, 37, 19289, 24576
2026/04/24 02:39:22.835, NVIDIA TITAN RTX, 37, 19289, 24576
2026/04/24 02:39:23.837, NVIDIA TITAN RTX, 37, 19289, 24576
2026/04/24 02:39:24.838, NVIDIA TITAN RTX, 37, 19289, 24576
2026/04/24 02:39:25.841, NVIDIA TITAN RTX, 37, 19289, 24576
2026/04/24 02:39:26.842, NVIDIA TITAN RTX, 37, 19289, 24576
2026/04/24 02:39:27.843, NVIDIA TITAN RTX, 37, 19289, 24576
2026/04/24 02:39:28.845, NVIDIA TITAN RTX, 37, 19289, 24576
2026/04/24 02:39:29.846, NVIDIA TITAN RTX, 37, 19289, 24576
2026/04/24 02:39:30.851, NVIDIA TITAN RTX, 37, 19289, 24576
2026/04/24 02:39:31.852, NVIDIA TITAN RTX, 37, 19289, 24576
2026/04/24 02:39:32.854, NVIDIA TITAN RTX, 37, 19289, 24576
2026/04/24 02:39:33.855, NVIDIA TITAN RTX, 37, 19289, 24576
2026/04/24 02:39:34.856, NVIDIA TITAN RTX, 37, 19289, 24576
2026/04/24 02:39:35.857, NVIDIA TITAN RTX, 37, 19289, 24576
2026/04/24 02:39:36.859, NVIDIA TITAN RTX, 37, 19289, 24576
2026/04/24 02:39:37.860, NVIDIA TITAN RTX, 37, 19289, 24576
2026/04/24 02:39:38.861, NVIDIA TITAN RTX, 37, 19289, 24576
2026/04/24 02:39:39.863, NVIDIA TITAN RTX, 37, 19289, 24576
2026/04/24 02:39:40.864, NVIDIA TITAN RTX, 37, 19289, 24576
2026/04/24 02:39:41.865, NVIDIA TITAN RTX, 37, 19289, 24576
2026/04/24 02:39:42.866, NVIDIA TITAN RTX, 37, 19289, 24576
2026/04/24 02:39:43.868, NVIDIA TITAN RTX, 38, 19289, 24576
2026/04/24 02:39:44.869, NVIDIA TITAN RTX, 38, 19289, 24576
2026/04/24 02:39:45.870, NVIDIA TITAN RTX, 37, 19289, 24576
2026/04/24 02:39:46.871, NVIDIA TITAN RTX, 37, 19289, 24576
2026/04/24 02:39:47.872, NVIDIA TITAN RTX, 37, 19289, 24576
2026/04/24 02:39:48.873, NVIDIA TITAN RTX, 37, 19289, 24576
2026/04/24 02:39:49.874, NVIDIA TITAN RTX, 37, 19289, 24576
2026/04/24 02:39:50.876, NVIDIA TITAN RTX, 37, 19289, 24576
2026/04/24 02:39:51.877, NVIDIA TITAN RTX, 37, 19289, 24576
2026/04/24 02:39:52.878, NVIDIA TITAN RTX, 37, 19289, 24576
2026/04/24 02:39:53.879, NVIDIA TITAN RTX, 37, 19289, 24576
2026/04/24 02:39:54.881, NVIDIA TITAN RTX, 37, 19289, 24576
2026/04/24 02:39:55.882, NVIDIA TITAN RTX, 37, 19289, 24576
2026/04/24 02:39:56.883, NVIDIA TITAN RTX, 37, 19289, 24576
2026/04/24 02:39:57.884, NVIDIA TITAN RTX, 37, 19289, 24576
2026/04/24 02:39:58.885, NVIDIA TITAN RTX, 37, 19289, 24576
2026/04/24 02:39:59.887, NVIDIA TITAN RTX, 38, 19289, 24576
2026/04/24 02:40:00.888, NVIDIA TITAN RTX, 37, 19289, 24576
2026/04/24 02:40:01.889, NVIDIA TITAN RTX, 48, 19289, 24576
2026/04/24 02:40:02.890, NVIDIA TITAN RTX, 100, 19289, 24576
2026/04/24 02:40:03.891, NVIDIA TITAN RTX, 29, 19289, 24576
2026/04/24 02:40:04.892, NVIDIA TITAN RTX, 30, 19289, 24576
2026/04/24 02:40:05.893, NVIDIA TITAN RTX, 34, 19289, 24576
2026/04/24 02:40:06.894, NVIDIA TITAN RTX, 36, 19289, 24576
2026/04/24 02:40:07.895, NVIDIA TITAN RTX, 36, 19289, 24576
2026/04/24 02:40:08.897, NVIDIA TITAN RTX, 36, 19289, 24576
2026/04/24 02:40:09.898, NVIDIA TITAN RTX, 36, 19289, 24576
2026/04/24 02:40:10.899, NVIDIA TITAN RTX, 36, 19289, 24576
2026/04/24 02:40:11.900, NVIDIA TITAN RTX, 36, 19289, 24576
2026/04/24 02:40:12.901, NVIDIA TITAN RTX, 36, 19289, 24576
2026/04/24 02:40:13.904, NVIDIA TITAN RTX, 36, 19289, 24576
2026/04/24 02:40:14.905, NVIDIA TITAN RTX, 36, 19289, 24576
2026/04/24 02:40:15.906, NVIDIA TITAN RTX, 36, 19289, 24576
2026/04/24 02:40:16.907, NVIDIA TITAN RTX, 36, 19289, 24576
2026/04/24 02:40:17.908, NVIDIA TITAN RTX, 36, 19289, 24576
2026/04/24 02:40:18.910, NVIDIA TITAN RTX, 36, 19289, 24576
2026/04/24 02:40:19.911, NVIDIA TITAN RTX, 36, 19289, 24576
2026/04/24 02:40:20.912, NVIDIA TITAN RTX, 36, 19289, 24576
2026/04/24 02:40:21.913, NVIDIA TITAN RTX, 36, 19289, 24576
2026/04/24 02:40:22.914, NVIDIA TITAN RTX, 36, 19289, 24576
2026/04/24 02:40:23.916, NVIDIA TITAN RTX, 37, 19289, 24576
2026/04/24 02:40:24.917, NVIDIA TITAN RTX, 36, 19289, 24576
2026/04/24 02:40:25.918, NVIDIA TITAN RTX, 37, 19289, 24576
2026/04/24 02:40:26.919, NVIDIA TITAN RTX, 37, 19289, 24576
2026/04/24 02:40:27.921, NVIDIA TITAN RTX, 36, 19289, 24576
2026/04/24 02:40:28.922, NVIDIA TITAN RTX, 36, 19289, 24576
2026/04/24 02:40:29.923, NVIDIA TITAN RTX, 36, 19289, 24576
2026/04/24 02:40:30.924, NVIDIA TITAN RTX, 36, 19289, 24576
2026/04/24 02:40:31.925, NVIDIA TITAN RTX, 37, 19289, 24576
2026/04/24 02:40:32.927, NVIDIA TITAN RTX, 36, 19289, 24576
2026/04/24 02:40:33.928, NVIDIA TITAN RTX, 36, 19289, 24576
2026/04/24 02:40:34.929, NVIDIA TITAN RTX, 37, 19289, 24576
2026/04/24 02:40:35.930, NVIDIA TITAN RTX, 36, 19289, 24576
2026/04/24 02:40:36.931, NVIDIA TITAN RTX, 36, 19289, 24576
2026/04/24 02:40:37.932, NVIDIA TITAN RTX, 36, 19289, 24576
2026/04/24 02:40:38.933, NVIDIA TITAN RTX, 36, 19289, 24576
2026/04/24 02:40:39.935, NVIDIA TITAN RTX, 37, 19289, 24576
2026/04/24 02:40:40.936, NVIDIA TITAN RTX, 37, 19289, 24576
2026/04/24 02:40:41.938, NVIDIA TITAN RTX, 37, 19289, 24576
2026/04/24 02:40:42.939, NVIDIA TITAN RTX, 37, 19289, 24576
2026/04/24 02:40:43.940, NVIDIA TITAN RTX, 37, 19289, 24576
2026/04/24 02:40:44.941, NVIDIA TITAN RTX, 37, 19289, 24576
2026/04/24 02:40:45.943, NVIDIA TITAN RTX, 37, 19289, 24576
2026/04/24 02:40:46.944, NVIDIA TITAN RTX, 37, 19289, 24576
2026/04/24 02:40:47.945, NVIDIA TITAN RTX, 37, 19289, 24576
2026/04/24 02:40:48.947, NVIDIA TITAN RTX, 37, 19289, 24576
2026/04/24 02:40:49.948, NVIDIA TITAN RTX, 37, 19289, 24576
2026/04/24 02:40:50.949, NVIDIA TITAN RTX, 37, 19289, 24576
2026/04/24 02:40:51.951, NVIDIA TITAN RTX, 37, 19289, 24576
2026/04/24 02:40:52.952, NVIDIA TITAN RTX, 37, 19289, 24576
2026/04/24 02:40:53.953, NVIDIA TITAN RTX, 37, 19289, 24576
2026/04/24 02:40:54.954, NVIDIA TITAN RTX, 37, 19289, 24576
2026/04/24 02:40:55.955, NVIDIA TITAN RTX, 37, 19289, 24576
2026/04/24 02:40:56.956, NVIDIA TITAN RTX, 37, 19289, 24576
2026/04/24 02:40:57.958, NVIDIA TITAN RTX, 37, 19289, 24576
2026/04/24 02:40:58.959, NVIDIA TITAN RTX, 38, 19289, 24576
2026/04/24 02:40:59.960, NVIDIA TITAN RTX, 37, 19289, 24576
2026/04/24 02:41:00.961, NVIDIA TITAN RTX, 37, 19289, 24576
2026/04/24 02:41:01.962, NVIDIA TITAN RTX, 38, 19289, 24576
2026/04/24 02:41:02.963, NVIDIA TITAN RTX, 37, 19289, 24576
2026/04/24 02:41:03.964, NVIDIA TITAN RTX, 37, 19289, 24576
2026/04/24 02:41:04.966, NVIDIA TITAN RTX, 38, 19289, 24576
2026/04/24 02:41:05.968, NVIDIA TITAN RTX, 37, 19289, 24576
2026/04/24 02:41:06.969, NVIDIA TITAN RTX, 52, 19289, 24576
2026/04/24 02:41:07.970, NVIDIA TITAN RTX, 29, 19289, 24576
2026/04/24 02:41:08.971, NVIDIA TITAN RTX, 26, 19289, 24576
2026/04/24 02:41:09.973, NVIDIA TITAN RTX, 34, 19289, 24576
2026/04/24 02:41:10.974, NVIDIA TITAN RTX, 34, 19289, 24576
2026/04/24 02:41:11.975, NVIDIA TITAN RTX, 34, 19289, 24576
2026/04/24 02:41:12.976, NVIDIA TITAN RTX, 34, 19289, 24576
2026/04/24 02:41:13.978, NVIDIA TITAN RTX, 34, 19289, 24576
2026/04/24 02:41:14.979, NVIDIA TITAN RTX, 34, 19289, 24576
2026/04/24 02:41:15.980, NVIDIA TITAN RTX, 34, 19289, 24576
2026/04/24 02:41:16.982, NVIDIA TITAN RTX, 34, 19289, 24576
2026/04/24 02:41:17.983, NVIDIA TITAN RTX, 34, 19289, 24576
2026/04/24 02:41:18.984, NVIDIA TITAN RTX, 34, 19289, 24576
2026/04/24 02:41:19.985, NVIDIA TITAN RTX, 34, 19289, 24576
2026/04/24 02:41:20.986, NVIDIA TITAN RTX, 34, 19289, 24576
2026/04/24 02:41:21.987, NVIDIA TITAN RTX, 34, 19289, 24576
2026/04/24 02:41:22.989, NVIDIA TITAN RTX, 34, 19289, 24576
2026/04/24 02:41:23.991, NVIDIA TITAN RTX, 34, 19289, 24576
2026/04/24 02:41:24.992, NVIDIA TITAN RTX, 34, 19289, 24576
2026/04/24 02:41:25.993, NVIDIA TITAN RTX, 34, 19289, 24576
2026/04/24 02:41:26.994, NVIDIA TITAN RTX, 34, 19289, 24576
2026/04/24 02:41:27.995, NVIDIA TITAN RTX, 34, 19289, 24576
2026/04/24 02:41:28.996, NVIDIA TITAN RTX, 34, 19289, 24576
2026/04/24 02:41:29.998, NVIDIA TITAN RTX, 34, 19289, 24576
2026/04/24 02:41:30.999, NVIDIA TITAN RTX, 35, 19289, 24576
2026/04/24 02:41:32.000, NVIDIA TITAN RTX, 34, 19289, 24576
2026/04/24 02:41:33.001, NVIDIA TITAN RTX, 34, 19289, 24576
2026/04/24 02:41:34.002, NVIDIA TITAN RTX, 34, 19289, 24576
2026/04/24 02:41:35.004, NVIDIA TITAN RTX, 34, 19289, 24576
2026/04/24 02:41:36.005, NVIDIA TITAN RTX, 34, 19289, 24576
2026/04/24 02:41:37.006, NVIDIA TITAN RTX, 34, 19289, 24576
2026/04/24 02:41:38.007, NVIDIA TITAN RTX, 34, 19289, 24576
2026/04/24 02:41:39.008, NVIDIA TITAN RTX, 34, 19289, 24576
2026/04/24 02:41:40.009, NVIDIA TITAN RTX, 34, 19289, 24576
2026/04/24 02:41:41.011, NVIDIA TITAN RTX, 34, 19289, 24576
2026/04/24 02:41:42.012, NVIDIA TITAN RTX, 34, 19289, 24576
2026/04/24 02:41:43.013, NVIDIA TITAN RTX, 34, 19289, 24576
2026/04/24 02:41:44.014, NVIDIA TITAN RTX, 34, 19289, 24576
2026/04/24 02:41:45.016, NVIDIA TITAN RTX, 34, 19289, 24576
2026/04/24 02:41:46.017, NVIDIA TITAN RTX, 34, 19289, 24576
2026/04/24 02:41:47.018, NVIDIA TITAN RTX, 34, 19289, 24576
2026/04/24 02:41:48.020, NVIDIA TITAN RTX, 34, 19289, 24576
2026/04/24 02:41:49.021, NVIDIA TITAN RTX, 34, 19289, 24576
2026/04/24 02:41:50.022, NVIDIA TITAN RTX, 34, 19289, 24576
2026/04/24 02:41:51.023, NVIDIA TITAN RTX, 34, 19289, 24576
2026/04/24 02:41:52.024, NVIDIA TITAN RTX, 34, 19289, 24576
2026/04/24 02:41:53.026, NVIDIA TITAN RTX, 34, 19289, 24576
2026/04/24 02:41:54.027, NVIDIA TITAN RTX, 34, 19289, 24576
2026/04/24 02:41:55.028, NVIDIA TITAN RTX, 34, 19289, 24576
